# File produced by Open Asset Import Library (http://www.assimp.sf.net)
# (assimp v3.1.113183908)

mtllib antiquephone.mtl

# vertex positions
v -0.433238 1.054391 -0.068181
v -0.332125 1.055685 0.000000
v -0.404996 1.054393 0.000082
v 0.094926 1.705968 0.000000
v 0.081123 1.719624 0.026358
v 0.090280 1.705968 0.029334
v 0.365550 1.190317 0.226862
v 0.478901 1.190317 0.213230
v 0.381710 1.190316 0.119874
v 0.459430 0.908993 -0.041822
v 0.501418 0.967246 -0.091541
v 0.501418 0.908993 -0.059214
v -0.381710 1.190316 0.119874
v -0.352123 1.190315 0.000000
v -0.383053 1.190315 0.000000
v -0.055796 1.705968 -0.076796
v -0.026358 1.719624 -0.081123
v -0.029334 1.705968 -0.090280
v 0.501418 1.316021 0.014848
v 0.478064 1.297752 0.023411
v 0.501418 1.297752 0.033085
v 0.538336 0.564231 -0.036753
v 0.590849 0.516598 0.000165
v 0.564655 0.516598 -0.063072
v -0.217649 1.936679 -0.011233
v -0.197741 1.947913 -0.021935
v -0.196290 1.929948 -0.013146
v -0.279919 0.538144 -0.273054
v -0.367464 0.650226 -0.146891
v -0.283280 0.650226 -0.276332
v 0.475364 2.063489 -0.019366
v 0.500445 2.116647 -0.054621
v 0.490098 2.063489 -0.013279
v -0.748923 0.361261 0.000000
v -0.737143 0.423334 -0.745102
v -0.748923 0.361261 -0.757263
v 0.463357 2.026871 -0.011003
v 0.475408 2.001165 -0.030519
v 0.452435 2.001165 -0.020961
v -0.197124 1.190316 0.289211
v -0.286868 1.220043 0.200938
v -0.286868 1.190316 0.200938
v 0.367464 0.650226 -0.146891
v 0.279919 0.538144 -0.273054
v 0.283280 0.650226 -0.276332
v -0.044862 1.945531 0.057667
v -0.058928 1.972677 0.057667
v -0.058928 1.947913 0.057667
v -0.440183 1.271325 0.000000
v -0.490185 1.271325 0.011261
v -0.458118 1.271325 0.043407
v 0.040958 2.006817 0.007124
v 0.000000 2.014237 0.000000
v 0.036018 2.006817 0.020697
v -0.459430 0.908993 -0.041822
v -0.501418 0.967268 -0.091179
v -0.436827 0.967270 -0.064424
v -0.512651 1.271325 0.011261
v -0.536079 1.297253 0.000000
v -0.517304 1.271325 0.000000
v -0.019605 1.746300 0.060339
v -0.034700 1.726459 0.047760
v -0.018243 1.726459 0.056145
v 0.487490 2.026871 -0.011031
v 0.498410 2.001165 -0.021014
v 0.058928 1.898384 0.000000
v 0.026147 1.898384 0.008496
v 0.027493 1.898384 0.000000
v -0.047760 1.726459 0.034700
v -0.081123 1.719624 0.026358
v -0.069007 1.719624 0.050137
v 0.143117 1.380612 0.000000
v 0.109565 1.394469 0.035600
v 0.133288 1.380612 0.049035
v 0.226212 1.758208 0.017361
v 0.268563 1.714475 0.011954
v 0.273571 1.726564 0.017361
v 0.000000 1.228383 -0.277693
v 0.051631 1.239907 -0.194717
v 0.071448 1.228382 -0.269454
v -0.501418 1.054393 0.096588
v -0.614404 1.055272 0.137843
v -0.569599 1.054394 0.068346
v 0.044862 1.945531 0.057667
v 0.015427 1.929905 0.068956
v 0.029790 1.913908 0.057667
v 0.047760 1.726459 -0.034700
v 0.081123 1.719624 -0.026358
v 0.069007 1.719624 -0.050137
v 0.501418 1.256304 -0.076844
v 0.556933 1.190316 -0.055653
v 0.501418 1.190316 -0.078648
v 0.197124 1.220043 -0.289211
v 0.089905 1.220043 -0.339058
v 0.562719 0.739100 0.061466
v 0.501418 0.804126 0.066722
v 0.501418 0.739100 0.086858
v -0.060339 1.746300 -0.019605
v -0.037512 1.769237 -0.027254
v -0.051327 1.746300 -0.037291
v 0.019605 1.746300 -0.060339
v 0.027254 1.769237 -0.037512
v 0.037291 1.746300 -0.051327
v 0.000000 0.000000 0.938300
v -0.168822 0.052700 0.938300
v -0.168846 0.000000 0.938300
v -0.056145 1.726459 0.018243
v -0.085298 1.719624 0.000000
v 0.286868 1.190316 0.200938
v 0.334720 1.190317 0.238983
v -0.227977 1.228383 0.159688
v -0.327938 1.220043 0.120644
v -0.128198 0.868048 -0.051246
v -0.216909 1.014462 0.000000
v -0.201895 1.014462 -0.080706
v 0.019228 1.190314 -0.427879
v 0.125449 1.190314 -0.397359
v 0.117017 1.190314 -0.411287
v 0.085298 1.719624 0.000000
v 0.056145 1.726459 0.018243
v -0.113206 1.239907 0.166091
v -0.116595 1.380612 0.081670
v -0.164745 1.239907 0.115397
v -0.454356 0.804126 -0.046897
v -0.501418 0.862467 -0.076678
v -0.447082 0.862467 -0.054171
v -0.516910 0.423334 -0.460635
v -0.718343 0.423334 -0.764018
v -0.410073 0.967272 0.000166
v -0.197741 1.947913 0.021935
v -0.217649 1.936679 0.011233
v -0.196290 1.929948 0.013146
v 0.501418 0.618562 -0.080588
v 0.550229 0.687071 -0.048646
v 0.558519 0.618562 -0.056936
v -0.037291 1.746300 -0.051327
v -0.014328 1.769237 -0.044098
v -0.019605 1.746300 -0.060339
v 0.036541 1.380612 -0.137807
v 0.113206 1.239907 -0.166091
v 0.000000 0.650226 -0.395401
v -0.139983 0.759665 -0.326426
v 0.000000 0.759665 -0.354874
v -0.554482 1.256304 0.053195
v -0.501418 1.271325 0.061343
v -0.544718 1.271325 0.043407
v -0.019189 1.190317 0.427870
v -0.125384 1.190317 0.397320
v -0.116930 1.190317 0.411277
v 0.135082 0.547665 0.575223
v 0.000000 0.582144 0.580020
v 0.135152 0.585868 0.580196
v -0.201927 1.861431 0.000000
v -0.206641 1.810569 0.011924
v -0.196524 1.861432 0.011924
v -0.182816 1.966629 -0.018717
v -0.182816 1.947913 -0.026469
v 0.019284 1.190317 0.427884
v 0.000025 1.190317 0.411648
v -0.058928 1.981934 0.034022
v -0.058928 1.997441 0.057667
v -0.058928 1.997441 0.031516
v 0.407070 0.423334 -0.094183
v 0.402705 0.423334 0.000134
v 0.431574 0.423334 -0.069678
v -0.014225 2.006817 0.038984
v 0.000000 2.006817 0.041492
v 0.422907 1.190316 0.000000
v 0.447176 1.256304 0.054376
v 0.424708 1.256304 0.000000
v 0.000000 0.423334 0.366254
v -0.134883 0.423334 0.662794
v 0.000000 0.423334 0.662794
v -0.142032 0.221182 0.904090
v -0.485941 0.320900 0.904090
v -0.489230 0.221182 0.904090
v -0.382601 1.190314 -0.239414
v -0.330832 1.190314 -0.235948
v -0.330990 1.190314 -0.262470
v -0.501418 0.516598 -0.089265
v -0.464500 0.564231 -0.036753
v -0.438181 0.516598 -0.063072
v 0.300608 1.055685 0.000000
v 0.270256 1.043464 -0.108033
v 0.279800 1.055685 -0.111848
v -0.327938 1.220043 -0.120644
v -0.279837 1.228382 0.000000
v -0.260617 1.228383 -0.095878
v 0.000000 1.972063 0.068956
v 0.033159 1.978549 0.057667
v 0.000000 1.993439 0.057667
v 0.113206 1.239907 0.166091
v 0.036541 1.380612 0.137807
v 0.051631 1.239907 0.194717
v -0.286868 1.190315 -0.200938
v -0.197124 1.220043 -0.289211
v -0.197124 1.190314 -0.289211
v 0.059034 1.726459 0.000000
v 0.060339 1.746300 0.019605
v 0.254625 0.818281 -0.101784
v 0.254245 0.759665 -0.248009
v 0.196292 0.818281 -0.191477
v -0.071448 1.228382 0.269454
v -0.197124 1.220043 0.289211
v -0.089905 1.220043 0.339058
v 0.000000 1.220043 -0.349426
v -0.071448 1.228382 -0.269454
v -0.076796 1.705968 0.055796
v -0.090280 1.705968 0.029334
v 0.122723 1.190317 0.392779
v -0.182293 1.903144 -0.018592
v -0.170371 1.861432 -0.011954
v -0.183456 1.861432 -0.017361
v -0.215699 1.055685 -0.210409
v -0.270256 1.043464 -0.108033
v -0.279800 1.055685 -0.111848
v -0.098828 0.868048 0.096404
v -0.108075 0.818281 0.252020
v -0.054413 0.868048 0.126886
v -0.478834 1.190314 -0.213249
v -0.504326 1.190314 -0.202043
v -0.501418 1.190315 -0.076846
v 0.060772 1.812513 0.019746
v 0.042253 1.869939 0.000000
v 0.040185 1.869939 0.013057
v 0.000000 0.538144 -0.390108
v 0.144695 0.423334 -0.337414
v 0.000000 0.423334 -0.366254
v 0.215699 1.055685 0.210409
v 0.343073 1.055667 0.227514
v 0.248066 1.055667 0.311747
v 0.570447 0.687071 0.000165
v 0.582171 0.618562 0.000165
v -0.447175 1.190315 -0.054378
v -0.501418 1.256304 -0.075175
v -0.448354 1.256304 -0.053195
v -0.366222 1.190314 -0.222061
v -0.452607 0.687071 -0.048646
v -0.501418 0.739100 -0.086527
v -0.440117 0.739100 -0.061135
v 0.385299 1.726563 -0.017361
v 0.441910 1.748955 -0.011954
v 0.390306 1.714474 -0.011954
v 0.197124 1.220043 0.289211
v 0.071448 1.228382 0.269454
v 0.089905 1.220043 0.339058
v -0.499096 0.052700 0.904090
v -0.161856 0.052700 0.904090
v 0.478902 1.055666 -0.213253
v 0.504264 1.055328 -0.202044
v 0.501418 1.054368 -0.096784
v 0.213119 1.745115 0.000000
v 0.216959 1.748956 0.011954
v -0.036541 1.380612 0.137807
v -0.051631 1.239907 0.194717
v 0.029334 1.705968 -0.090280
v 0.050137 1.719624 -0.069007
v 0.055796 1.705968 -0.076796
v -0.118760 1.055685 0.276937
v -0.237247 1.055667 0.325561
v -0.215699 1.055685 0.210409
v 0.014225 2.006817 0.038984
v -0.343012 1.055666 -0.227529
v -0.235882 1.055667 -0.318283
v -0.340902 0.423334 -0.136273
v -0.363105 0.538144 -0.145148
v -0.144695 0.423334 -0.337414
v -0.154119 0.538144 -0.359389
v -0.781077 0.320900 -0.790523
v -0.730078 0.361261 -0.776227
v -0.762173 0.320900 -0.809553
v 0.501418 1.190316 0.078648
v 0.614160 1.190316 0.138732
v 0.556933 1.190316 0.055653
v -0.040185 1.869939 -0.013057
v -0.043783 1.871342 -0.031810
v -0.034183 1.869939 -0.024836
v 0.366066 1.190315 -0.223468
v 0.381710 1.190315 -0.119874
v 0.478692 1.190315 -0.213053
v -0.085694 1.014462 -0.199829
v -0.098828 0.868048 -0.096404
v -0.155642 1.014462 -0.151824
v 0.000025 1.190314 -0.411679
v 0.089905 1.190314 -0.339058
v -0.424706 1.190315 0.000000
v -0.426375 1.256304 0.000000
v -0.501418 1.190315 0.076846
v -0.478715 1.190316 0.213111
v 0.488500 1.861430 -0.011954
v 0.481410 1.798481 0.000000
v 0.476392 1.800559 -0.011954
v 0.170371 1.861432 -0.011954
v 0.182293 1.903144 -0.018592
v 0.183456 1.861432 -0.017361
v 0.058928 1.980500 0.032587
v 0.058928 1.997441 0.057667
v 0.058928 1.972677 0.057667
v 0.106069 1.071662 0.429405
v 0.035383 1.174317 0.441456
v 0.035382 1.071662 0.441459
v -0.674552 1.190315 -0.026383
v -0.674583 1.190315 0.026403
v -0.656742 1.190315 -0.000010
v 0.000000 0.638191 0.642565
v 0.135264 0.638191 0.642565
v -0.447175 1.190315 0.054378
v -0.501418 1.256304 0.075175
v 0.115204 1.394469 0.000000
v -0.058928 1.996027 0.000000
v -0.058928 1.997441 -0.031516
v -0.058928 1.981934 -0.034022
v -0.150813 1.958469 0.010556
v -0.168768 1.969316 0.000000
v -0.168768 1.963047 0.015135
v 0.000000 1.239907 0.200671
v 0.550229 0.687071 0.048977
v 0.279919 0.538144 0.273054
v 0.340902 0.423334 0.136273
v 0.363105 0.538144 0.145148
v 0.524771 1.297752 -0.023411
v 0.501418 1.316021 -0.014848
v 0.511898 1.316021 -0.010507
v 0.116595 1.380612 -0.081670
v 0.164745 1.239907 -0.115397
v 0.329801 0.759665 0.131835
v 0.394791 0.650226 0.000000
v 0.354327 0.759665 0.000000
v 0.197741 1.947913 0.021935
v 0.217649 1.959146 0.011233
v 0.197741 1.963423 0.015510
v -0.501418 0.804126 -0.066391
v 0.144695 0.423334 0.337414
v 0.154119 0.538144 0.359389
v -0.094926 1.705968 0.000000
v -0.211633 1.812636 0.000000
v -0.235452 1.767449 -0.011924
v -0.239273 1.771269 0.000000
v 0.000000 1.055685 -0.301072
v -0.136630 1.055666 -0.393244
v 0.000029 1.055667 -0.411673
v -0.501418 1.316021 -0.015226
v -0.476909 1.297253 -0.024570
v -0.501418 1.297253 -0.034722
v 0.438181 0.516598 -0.063072
v 0.501418 0.564231 -0.052045
v 0.501418 0.516598 -0.089265
v 0.286868 1.220043 0.200938
v 0.197124 1.190317 0.289211
v -0.492502 2.026871 0.000000
v -0.490098 2.063489 -0.013279
v -0.487490 2.026871 -0.011031
v -0.115204 1.394469 0.000000
v -0.109565 1.394469 0.035600
v -0.206641 1.810569 -0.011924
v -0.056145 1.726459 -0.018243
v -0.047760 1.726459 -0.034700
v 0.609202 1.190315 -0.131604
v 0.675475 1.190316 -0.026490
v 0.634525 1.190316 -0.128758
v -0.196292 0.818281 -0.191477
v -0.108075 0.818281 -0.252020
v 0.327938 1.220043 0.120644
v 0.227977 1.228383 0.159688
v -0.381987 1.190316 0.239515
v -0.474701 1.190316 0.225809
v -0.448354 1.256304 0.053195
v 0.182816 1.966629 0.018717
v 0.182816 1.947913 0.026469
v 0.139983 0.759665 0.326426
v 0.196292 0.818281 0.191477
v 0.108075 0.818281 0.252020
v 0.498887 2.296878 0.088681
v 0.475561 2.320549 0.068332
v 0.511228 2.320549 0.104378
v -0.481410 1.798481 0.000000
v -0.488500 1.861430 -0.011954
v -0.476392 1.800559 -0.011954
v 0.657587 1.190316 -0.000010
v -0.267288 0.240848 0.973526
v -0.333706 0.292866 0.930172
v -0.135424 0.320900 0.904090
v -0.017211 1.964136 -0.068956
v -0.044862 1.945531 -0.057667
v -0.033159 1.978549 -0.057667
v -0.029464 1.997441 0.057667
v -0.033159 1.978549 0.057667
v 0.501418 0.618562 0.080919
v 0.558519 0.618562 0.057266
v 0.043783 1.871342 -0.031810
v 0.040185 1.869939 -0.013057
v 0.034183 1.869939 -0.024836
v 0.058928 1.997441 -0.031516
v 0.030061 1.998419 -0.035728
v 0.040502 1.998419 -0.023286
v 0.475241 2.296973 0.112068
v 0.475182 2.320549 0.140045
v 0.000000 1.719624 0.085298
v -0.026358 1.719624 0.081123
v 0.034700 1.726459 0.047760
v 0.019605 1.746300 0.060339
v 0.018243 1.726459 0.056145
v 0.748923 0.361261 -0.757263
v 0.781077 0.320900 0.000000
v 0.781077 0.320900 -0.790523
v 0.150813 1.958469 0.010556
v 0.117906 1.962842 0.000000
v 0.117906 1.958469 0.010556
v 0.000000 1.998419 0.046669
v 0.015995 1.998419 0.043849
v -0.114709 1.043464 -0.267491
v -0.118760 1.055685 -0.276937
v -0.493931 1.902239 0.000000
v -0.488500 1.975715 -0.011954
v -0.488500 1.902238 -0.011954
v -0.060772 1.812513 0.019746
v -0.042253 1.869939 0.000000
v -0.063899 1.812513 0.000000
v -0.143673 1.190317 0.401363
v 0.075459 1.917820 -0.030093
v 0.109515 1.904304 0.000000
v 0.075459 1.905355 0.000000
v -0.447082 0.862467 0.054502
v -0.442038 0.908993 0.000165
v -0.459430 0.908993 0.042153
v -0.188331 1.239907 0.069285
v -0.143117 1.380612 0.000000
v -0.202220 1.239907 0.000000
v 0.737143 0.423334 -0.745102
v 0.748923 0.361261 0.000000
v 0.154119 0.538144 -0.359389
v 0.188331 1.239907 0.069285
v 0.000000 1.972063 -0.068956
v 0.000000 1.993439 -0.057667
v -0.381710 1.055685 -0.119874
v -0.498410 2.001165 0.021014
v -0.493931 1.975716 0.000000
v -0.488500 1.975715 0.011954
v 0.382064 1.190315 -0.239554
v 0.332014 1.190315 -0.236851
v 0.460649 2.063489 0.013244
v 0.458371 2.026871 0.000000
v 0.463357 2.026871 0.011003
v -0.329801 0.759665 -0.131835
v -0.254625 0.818281 -0.101784
v -0.069007 1.719624 -0.050137
v -0.034700 1.726459 -0.047760
v -0.050137 1.719624 -0.069007
v -0.555661 1.190315 -0.054378
v 0.454356 0.804126 -0.046897
v 0.501418 0.862467 -0.076678
v 0.501418 0.804126 -0.066391
v 0.836458 0.320900 -0.904090
v 0.762173 0.320900 -0.809553
v 0.216909 1.014462 0.000000
v 0.128198 0.868048 -0.051246
v 0.201895 1.014462 -0.080706
v 0.060772 1.812513 -0.019746
v 0.051695 1.812513 -0.037559
v 0.462347 1.975716 0.011924
v 0.475408 2.001165 0.030519
v 0.452435 2.001165 0.020961
v -0.128198 0.868048 0.051246
v -0.273561 0.818281 0.000000
v -0.254625 0.818281 0.101784
v 0.000000 1.705968 0.094926
v -0.035600 1.394469 0.109565
v 0.000000 1.394469 0.115204
v 0.432389 0.687071 0.000165
v 0.444317 0.618562 -0.056936
v 0.420665 0.618562 0.000165
v 0.037512 1.769237 -0.027254
v 0.060339 1.746300 -0.019605
v 0.051327 1.746300 -0.037291
v 0.762173 0.320900 0.809553
v 0.485941 0.320900 0.904090
v 0.836458 0.320900 0.904090
v -0.475397 2.116325 0.000005
v -0.456724 2.110861 0.000000
v -0.475474 2.117220 -0.009882
v 0.029464 1.997441 -0.057667
v 0.033159 1.978549 -0.057667
v 0.367464 0.650226 0.146891
v 0.283280 0.650226 0.276332
v -0.050137 1.719624 0.069007
v -0.055796 1.705968 0.076796
v 0.504387 1.190317 0.202013
v 0.046057 1.998419 0.008023
v 0.058928 1.997441 0.000000
v 0.046057 1.998419 -0.008023
v 0.044862 1.945531 -0.057667
v 0.015427 1.929905 -0.068956
v 0.023409 1.946651 -0.068956
v -0.460649 2.063489 0.013244
v -0.458371 2.026871 0.000000
v -0.454647 2.063489 0.000000
v -0.029334 1.705968 0.090280
v -0.015427 1.929905 -0.068956
v -0.029790 1.913908 -0.057667
v 0.058928 1.997441 0.031516
v 0.030061 1.998419 0.035728
v -0.366009 1.190316 0.223440
v -0.331942 1.190316 0.236812
v 0.000000 1.055685 0.301072
v 0.136002 1.055667 0.388401
v 0.000029 1.055668 0.411632
v 0.235452 1.767449 0.011924
v 0.278572 1.738637 0.011924
v -0.260617 1.228383 0.095878
v 0.447238 1.812635 0.000000
v 0.462347 1.861430 0.011924
v 0.456944 1.861430 0.000000
v 0.056145 1.726459 -0.018243
v -0.022242 1.898384 -0.016160
v -0.029464 1.898384 -0.057667
v -0.016160 1.898384 -0.022242
v 0.349898 0.423334 0.402396
v 0.262803 0.423334 0.256357
v -0.385299 1.726563 -0.017361
v -0.441910 1.748955 -0.011954
v -0.432658 1.758207 -0.017361
v 0.781077 0.320900 0.790523
v 0.875922 0.320900 0.864898
v -0.013057 1.869939 0.040185
v -0.037559 1.812513 0.051695
v -0.019746 1.812513 0.060772
v 0.578261 0.862467 0.000165
v 0.548480 0.804126 0.047228
v 0.567974 0.804126 0.000165
v -0.555661 1.190315 0.054378
v -0.378639 0.423334 -0.478475
v 0.000000 0.423334 -0.764018
v 0.440117 0.739100 0.061466
v 0.434862 0.804126 0.000165
v 0.414725 0.739100 0.000165
v 0.501418 0.687071 0.069195
v 0.015995 1.998419 -0.043849
v 0.026734 2.006817 -0.031762
v -0.599252 0.423334 0.000165
v -0.564655 0.516598 -0.063072
v -0.570597 0.423334 -0.069014
v 0.029464 1.898384 -0.057667
v 0.000000 1.903349 -0.057667
v 0.029790 1.913908 -0.057667
v 0.555660 1.256304 0.054376
v 0.501418 1.272084 0.062714
v 0.501418 1.256304 0.076844
v -0.588110 0.739100 0.000165
v -0.548480 0.804126 -0.046897
v -0.562719 0.739100 -0.061135
v -0.089905 1.190317 0.339058
v 0.499096 0.052700 0.904090
v 0.168822 0.052700 0.938300
v 0.520576 0.052700 0.938300
v 0.260617 1.228383 -0.095878
v 0.202220 1.239907 0.000000
v 0.279837 1.228382 0.000000
v 0.035600 1.394469 0.109565
v -0.300608 1.055685 0.000000
v -0.432751 0.361261 0.776227
v -0.718343 0.423334 0.764018
v -0.730078 0.361261 0.776227
v -0.060339 1.746300 0.019605
v -0.059034 1.726459 0.000000
v 0.076796 1.705968 -0.055796
v 0.117906 1.947913 -0.014929
v 0.150813 1.937356 -0.010556
v 0.117906 1.937356 -0.010556
v -0.475241 2.296973 -0.112068
v -0.511228 2.320549 -0.104378
v -0.475182 2.320549 -0.140045
v 0.475364 2.063489 0.019366
v 0.500445 2.116647 0.054621
v 0.475127 2.116655 0.079443
v 0.182816 1.974382 0.000000
v 0.197741 1.963423 -0.015510
v 0.182816 1.966629 -0.018717
v 0.432658 1.758207 -0.017361
v -0.439515 2.320549 -0.103998
v -0.451853 2.296879 -0.088422
v -0.060772 1.812513 -0.019746
v -0.051695 1.812513 -0.037559
v 0.332125 1.055685 0.000000
v 0.047760 1.726459 0.034700
v 0.037291 1.746300 0.051327
v -0.113206 1.239907 -0.166091
v -0.116595 1.380612 -0.081670
v -0.080119 1.380612 -0.117547
v 0.390108 0.538144 0.000000
v 0.089905 1.190317 0.339058
v 0.019746 1.812513 0.060772
v 0.000000 1.869939 0.042253
v 0.000000 1.812513 0.063899
v 0.098828 0.868048 -0.096404
v 0.155642 1.014462 -0.151824
v 0.501418 0.516598 0.089596
v 0.431574 0.423334 0.070009
v 0.501418 0.423334 0.098939
v -0.030061 1.998419 0.035728
v -0.040502 1.998419 0.023286
v 0.000000 1.746300 0.063444
v 0.000000 1.726459 0.059034
v -0.352123 1.220043 0.000000
v 0.076796 1.705968 0.055796
v 0.050137 1.719624 0.069007
v 0.055796 1.705968 0.076796
v -0.027254 1.769237 -0.037512
v -0.156657 1.228383 -0.229840
v -0.164745 1.239907 -0.115397
v 0.329435 1.733922 0.000000
v 0.380298 1.738637 0.011924
v 0.378230 1.743628 0.000000
v 0.168768 1.969316 0.000000
v 0.150813 1.962842 0.000000
v 0.090280 1.705968 -0.029334
v -0.227977 1.228383 -0.159688
v -0.286868 1.220043 -0.200938
v 0.161856 0.052700 0.904090
v 0.000000 0.052700 0.938300
v 0.034700 1.726459 -0.047760
v 0.018243 1.726459 -0.056145
v 0.206641 1.810569 -0.011924
v 0.196524 1.861432 -0.011924
v 0.474696 1.190315 -0.225865
v 0.504380 1.190315 -0.201749
v 0.519770 1.190315 -0.210721
v -0.109565 1.394469 -0.035600
v -0.076796 1.705968 -0.055796
v -0.093202 1.394469 -0.067715
v 0.492502 2.026871 0.000000
v 0.496131 2.063489 0.000000
v -0.403637 0.423334 0.000138
v -0.411987 0.516598 0.000165
v 0.423418 1.767448 0.011924
v 0.464303 1.805566 0.017361
v 0.452229 1.810567 0.011924
v -0.030061 1.998419 -0.035728
v -0.058928 1.997441 -0.057667
v 0.168768 1.947913 0.021404
v 0.168768 1.963047 0.015135
v 0.363105 0.538144 -0.145148
v 0.262803 0.423334 -0.256357
v 0.475415 1.861430 0.017361
v 0.462347 1.902239 0.011924
v -0.029464 1.898384 0.057667
v 0.000000 1.903349 0.057667
v -0.029790 1.913908 0.057667
v 0.260879 0.236921 0.976798
v 0.135424 0.320900 0.904090
v 0.328595 0.287942 0.934275
v -0.452435 2.001165 0.020961
v -0.442936 2.001165 0.000000
v -0.464303 1.805566 -0.017361
v 0.026734 2.006817 0.031762
v 0.258745 1.190317 0.321109
v 0.231640 1.190317 0.319785
v 0.501418 0.967251 0.091872
v 0.459430 0.908993 0.042153
v 0.501418 0.908993 0.059545
v 0.156657 1.228383 -0.229840
v 0.227977 1.228383 -0.159688
v -0.390108 0.538144 0.000000
v -0.340902 0.423334 0.136273
v -0.363105 0.538144 0.145148
v 0.273561 0.818281 0.000000
v 0.451853 2.296879 -0.088422
v 0.475249 2.204542 -0.109111
v 0.455654 2.203870 -0.089285
v -0.476909 1.297253 0.024570
v -0.501418 1.316021 0.015226
v -0.501418 1.297253 0.034722
v 0.128198 0.868048 0.051246
v 0.137732 0.868048 0.000000
v 0.200883 1.903144 0.000000
v 0.196524 1.861432 0.011924
v 0.201927 1.861431 0.000000
v 0.548480 0.804126 -0.046897
v 0.588110 0.739100 0.000165
v 0.562719 0.739100 -0.061135
v 0.286868 1.220043 -0.200938
v 0.488500 1.902238 0.011954
v 0.475415 1.902239 0.017361
v 0.117906 1.958469 -0.010556
v 0.150813 1.947913 -0.014929
v 0.487490 2.026871 0.011031
v 0.475416 2.026871 0.016019
v 0.488865 1.271325 0.012584
v 0.438813 1.272084 0.000000
v 0.457150 1.272084 0.044378
v -0.327938 1.190315 -0.120644
v -0.044098 1.769237 -0.014328
v 0.718343 0.423334 -0.764018
v 0.516910 0.423334 -0.460635
v 0.666455 0.423334 -0.419642
v -0.051631 1.239907 -0.194717
v 0.118760 1.055685 0.276937
v -0.093202 1.394469 0.067715
v -0.133288 1.380612 0.049035
v 0.000000 1.719624 -0.085298
v 0.026358 1.719624 -0.081123
v -0.044098 1.769237 0.014328
v -0.063444 1.746300 0.000000
v 0.000000 1.239907 -0.200671
v -0.036541 1.380612 -0.137807
v 0.000000 1.380612 -0.142021
v 0.000000 1.380612 0.142021
v 0.478064 1.297752 -0.023411
v 0.501418 1.297752 -0.033085
v 0.197124 1.190315 -0.289211
v -0.150813 1.937356 -0.010556
v -0.115911 1.947913 -0.014929
v -0.115911 1.937356 -0.010556
v -0.570447 0.687071 0.000165
v -0.562719 0.739100 0.061466
v 0.439515 2.320549 -0.103998
v 0.475560 2.347145 -0.068332
v 0.439514 2.347145 -0.103998
v -0.466757 1.297253 0.000000
v -0.490671 1.316021 0.010774
v -0.221913 1.190314 -0.349364
v -0.246796 1.190314 -0.330979
v -0.225539 1.190314 -0.330458
v 0.116595 1.380612 0.081670
v 0.067715 1.394469 0.093202
v 0.080119 1.380612 0.117547
v -0.016160 1.898384 0.022242
v -0.043783 1.871342 0.031810
v -0.031810 1.871342 0.043783
v 0.291705 1.947913 0.015886
v 0.217649 1.947913 0.015886
v -0.475249 2.204542 -0.109111
v -0.455654 2.203870 -0.089285
v -0.762173 0.320900 0.809553
v -0.448799 0.320900 0.809553
v 0.578127 1.256304 0.000000
v 0.545686 1.272084 0.044378
v -0.548480 0.804126 0.047228
v -0.578261 0.862467 0.000165
v -0.567974 0.804126 0.000165
v -0.018243 1.726459 -0.056145
v 0.000000 1.190317 0.349426
v -0.270256 1.043464 0.108033
v -0.208342 1.043464 0.203232
v 0.000000 0.818281 -0.273983
v -0.054413 0.868048 -0.126886
v 0.000000 0.868048 -0.137897
v -0.262803 0.423334 -0.256357
v -0.194155 0.423334 -0.479458
v 0.000000 1.769237 -0.046367
v 0.000000 1.746300 -0.063444
v 0.000000 1.946651 -0.068956
v 0.017211 1.964136 -0.068956
v 0.464303 1.805566 -0.017361
v -0.164939 1.861431 0.000000
v -0.182479 1.800560 -0.011954
v -0.188331 1.239907 -0.069285
v 0.447082 0.862467 0.054502
v 0.442038 0.908993 0.000165
v 0.424575 0.862467 0.000165
v 0.163703 1.903144 0.000000
v 0.169148 1.903144 -0.013146
v -0.434862 0.804126 0.000165
v -0.414725 0.739100 0.000165
v 0.579928 1.190316 0.000000
v 0.156657 1.228383 0.229840
v 0.164745 1.239907 0.115397
v 0.000000 0.000000 -0.938300
v -0.872329 0.052700 -0.938300
v 0.000000 0.052700 -0.938300
v 0.137540 0.466255 0.787303
v 0.134883 0.423334 0.662794
v 0.326255 1.971522 0.023609
v 0.291705 1.959146 0.011233
v 0.139983 0.759665 -0.326426
v 0.108075 0.818281 -0.252020
v 0.075459 1.978006 0.030093
v 0.109515 1.991522 0.000000
v 0.075459 1.990470 0.000000
v -0.578130 1.190315 0.000000
v -0.554482 1.256304 -0.053195
v -0.342326 1.055667 0.226255
v -0.381710 1.055685 0.119874
v -0.279800 1.055685 0.111848
v 0.329435 1.715451 0.017361
v -0.026147 1.898384 0.008496
v -0.051470 1.871342 0.016724
v 0.501418 0.564231 0.052376
v 0.438181 0.516598 0.063403
v -0.067715 1.394469 0.093202
v -0.080119 1.380612 0.117547
v 0.000000 0.221182 0.904090
v -0.156657 1.228383 0.229840
v -0.504206 1.055333 -0.201884
v -0.604927 1.055478 -0.165021
v -0.520382 1.055493 -0.211235
v -0.081123 1.719624 -0.026358
v -0.051695 1.812513 0.037559
v -0.037512 1.769237 0.027254
v 0.493931 1.975716 0.000000
v 0.498410 2.001165 0.021014
v 0.488500 1.975715 0.011954
v -0.911916 0.052700 0.000000
v -0.875922 0.052700 0.864786
v -0.875922 0.052700 0.000000
v -0.182816 1.974382 0.000000
v -0.197741 1.963423 0.015510
v -0.182816 1.966629 0.018717
v 0.456944 1.902239 0.000000
v -0.105940 1.174314 -0.429453
v -0.035289 1.071661 -0.441490
v -0.105942 1.071661 -0.429450
v -0.137732 0.868048 0.000000
v -0.040185 1.869939 0.013057
v 0.168768 1.947913 -0.021404
v 0.182816 1.947913 -0.026469
v -0.748923 0.361261 0.757263
v -0.737143 0.423334 0.745102
v 0.058928 1.947913 0.046085
v -0.058928 1.997441 0.000000
v -0.046057 1.998419 0.008023
v -0.046057 1.998419 -0.008023
v -0.475181 2.347145 -0.140045
v -0.168768 1.947913 0.021404
v -0.183145 1.930142 0.018592
v -0.170000 1.930336 0.013146
v -0.501418 0.967272 0.091510
v -0.501418 0.908993 0.059545
v 0.475394 2.116862 0.000000
v 0.475406 2.116769 -0.000265
v 0.456724 2.110861 0.000000
v -0.911916 0.052700 0.898996
v -0.872452 0.000000 0.938300
v -0.872329 0.052700 0.938300
v -0.109515 1.976004 0.028092
v -0.115911 1.947913 0.014929
v -0.109515 1.947913 0.039727
v 0.600191 0.423334 0.000165
v 0.571261 0.423334 -0.069678
v -0.115911 1.962842 0.000000
v -0.115911 1.958469 0.010556
v 0.452607 0.687071 -0.048646
v 0.501418 0.739100 -0.086527
v 0.501418 0.687071 -0.068864
v -0.135825 1.055668 0.387986
v 0.211633 1.812636 0.000000
v 0.239273 1.771269 0.000000
v 0.164939 1.861431 0.000000
v 0.182479 1.800560 0.011954
v 0.170371 1.861432 0.011954
v 0.040958 2.006817 -0.007124
v 0.036018 2.006817 -0.020697
v -0.155969 0.650226 0.363704
v 0.000000 0.538144 0.390108
v 0.000000 0.650226 0.395401
v 0.058928 1.901828 0.000000
v 0.058928 1.898384 0.031516
v -0.089905 1.220043 -0.339058
v -0.089905 1.190314 -0.339058
v -0.291705 1.947913 -0.015886
v -0.217649 1.959146 -0.011233
v -0.217649 1.947913 -0.015886
v -0.140822 0.386479 0.854847
v -0.135424 0.361261 0.776227
v -0.135424 0.320900 0.809553
v -0.576461 1.256304 0.000000
v -0.544718 1.271325 -0.043407
v -0.036018 2.006817 0.020697
v -0.040958 2.006817 0.007124
v 0.543406 0.908993 -0.041822
v -0.024836 1.869939 0.034183
v -0.034183 1.869939 0.024836
v 0.501418 1.054372 0.096950
v 0.478687 1.055667 0.213029
v 0.381710 1.055685 0.119874
v -0.201734 1.929868 0.000000
v -0.015995 1.998419 0.043849
v 0.404634 1.054372 0.000082
v -0.074116 1.988449 0.000000
v -0.074116 1.976576 0.028664
v 0.569855 1.054373 0.068602
v 0.657588 1.055102 0.000029
v 0.610321 1.055171 0.130827
v 0.326255 1.924303 0.023609
v 0.357841 1.947913 0.017876
v 0.326255 1.947913 0.033389
v -0.462347 1.861430 0.011924
v -0.464303 1.805566 0.017361
v -0.452229 1.810567 0.011924
v -0.424575 0.862467 0.000165
v 0.488500 1.975715 -0.011954
v 0.493931 1.902239 0.000000
v 0.488500 1.902238 -0.011954
v 0.058928 1.997441 -0.057667
v -0.462347 1.902239 0.011924
v -0.475415 1.861430 0.017361
v 0.504255 1.055326 0.201726
v 0.152748 1.055665 0.395637
v 0.121401 1.055665 0.408403
v 0.419597 1.771269 0.000000
v -0.458118 1.271325 -0.043407
v -0.074116 1.907376 0.000000
v -0.109515 1.919821 -0.028092
v -0.074116 1.919249 -0.028664
v 0.016160 1.898384 -0.022242
v 0.008496 1.898384 -0.026147
v -0.498887 2.296878 -0.088681
v -0.475561 2.320549 -0.068332
v 0.457150 1.272084 -0.044378
v 0.501418 1.271325 -0.017784
v 0.501418 1.272084 -0.062714
v -0.538336 0.564231 -0.036753
v -0.501418 0.564231 -0.052045
v 0.329435 1.728520 0.011924
v 0.385299 1.726563 0.017361
v 0.150813 1.932984 0.000000
v 0.117906 1.937356 0.010556
v 0.117906 1.932984 0.000000
v -0.326255 1.971522 -0.023609
v -0.291705 1.963799 0.000000
v -0.291705 1.959146 -0.011233
v -0.327938 1.190316 0.120644
v 0.109565 1.394469 -0.035600
v 0.093202 1.394469 -0.067715
v 0.440117 0.739100 -0.061135
v 0.490098 2.063489 0.013279
v 0.506893 2.106831 0.000000
v -0.525927 1.297253 -0.024570
v -0.200883 1.903144 0.000000
v 0.436571 0.967248 -0.064680
v 0.409711 0.967251 0.000166
v 0.342391 1.055667 -0.226284
v 0.381710 1.055685 -0.119874
v 0.058928 1.923148 0.057667
v 0.196290 1.929948 -0.013146
v 0.195438 1.903144 -0.013146
v 0.270256 1.043464 0.108033
v 0.279800 1.055685 0.111848
v 0.000000 1.394469 -0.115204
v 0.543406 0.908993 0.042153
v 0.501418 0.862467 0.077009
v 0.555754 0.862467 0.054502
v -0.051327 1.746300 0.037291
v 0.044098 1.769237 -0.014328
v 0.545686 1.272084 -0.044378
v 0.564023 1.272084 0.000000
v -0.329435 1.733922 0.000000
v -0.380298 1.738637 0.011924
v -0.329435 1.728520 0.011924
v -0.008496 1.898384 -0.026147
v 0.286868 1.190315 -0.200938
v -0.511227 2.347144 -0.104378
v -0.440117 0.739100 0.061466
v -0.454356 0.804126 0.047228
v 0.043783 1.871342 0.031810
v 0.016160 1.898384 0.022242
v 0.031810 1.871342 0.043783
v -0.379834 0.637277 0.643125
v -0.328595 0.698593 0.592021
v -0.137540 0.466255 0.787303
v -0.475491 2.203199 -0.069701
v -0.450305 2.116662 -0.054124
v 0.911916 0.000000 0.486124
v 0.911916 0.052700 0.898996
v 0.911916 0.000000 0.899108
v -0.501418 0.804126 0.066722
v -0.475364 2.063489 -0.019366
v -0.463357 2.026871 -0.011003
v -0.475416 2.026871 -0.016019
v -0.326255 1.924303 -0.023609
v -0.357841 1.947913 -0.017876
v -0.326255 1.947913 -0.033389
v 0.217649 1.963799 0.000000
v 0.291705 1.959146 -0.011233
v 0.217649 1.959146 -0.011233
v 0.000000 1.014462 -0.217226
v -0.501418 1.271325 0.015914
v -0.182816 1.947913 0.026469
v -0.432238 0.423334 0.069345
v -0.501418 0.516598 0.089596
v -0.501418 0.423334 0.098000
v -0.562653 1.271325 0.000000
v 0.494078 2.110861 0.000000
v -0.019746 1.812513 -0.060772
v 0.000000 1.869939 -0.042253
v 0.000000 1.812513 -0.063899
v 0.194567 1.805568 -0.017361
v -0.498887 2.296878 0.088681
v -0.475249 2.204542 0.109111
v -0.475241 2.296973 0.112068
v -0.217649 1.932026 0.000000
v 0.054413 0.868048 -0.126886
v 0.085694 1.014462 -0.199829
v 0.383390 0.631603 0.647854
v 0.413850 0.562600 0.705364
v 0.194155 0.423334 -0.479458
v -0.013057 1.869939 -0.040185
v -0.031810 1.871342 -0.043783
v -0.016724 1.871342 -0.051470
v -0.254245 0.759665 -0.248009
v -0.090280 1.705968 -0.029334
v 0.075459 1.917820 0.030093
v 0.058928 1.915326 0.032587
v -0.449207 0.564231 0.000165
v -0.027254 1.769237 0.037512
v -0.037291 1.746300 0.051327
v -0.015427 1.929905 0.068956
v -0.512651 1.271325 -0.011261
v 0.511227 2.347144 -0.104378
v 0.475181 2.347145 -0.140045
v 0.475370 2.356961 -0.104188
v 0.380298 1.738637 -0.011924
v 0.329435 1.728520 -0.011924
v -0.058928 1.947913 -0.048114
v -0.074116 1.976576 -0.028664
v -0.494078 2.110861 0.000000
v -0.014225 2.006817 -0.038984
v -0.015995 1.998419 -0.043849
v -0.058928 1.913891 -0.034022
v -0.058928 1.899799 0.000000
v -0.262803 0.423334 0.256357
v -0.279919 0.538144 0.273054
v 0.476668 2.124301 0.022581
v 0.029464 1.997441 0.057667
v 0.058928 1.980500 -0.032587
v 0.075459 1.978006 -0.030093
v -0.183145 1.930142 -0.018592
v 0.513971 1.271325 0.012584
v 0.000000 1.220043 0.349426
v 0.475249 2.204542 0.109111
v -0.022242 1.898384 0.016160
v -0.058928 1.898384 0.031516
v 0.730078 0.361261 -0.776227
v 0.098828 0.868048 0.096404
v 0.201895 1.014462 0.080706
v 0.155642 1.014462 0.151824
v 0.026358 1.719624 0.081123
v -0.555754 0.862467 -0.054171
v -0.505761 2.106831 0.000000
v -0.500445 2.116647 0.054621
v -0.383390 0.354933 0.878443
v -0.413850 0.423936 0.820932
v -0.291705 1.932026 0.000000
v 0.447176 1.256304 -0.054376
v 0.445903 1.190316 -0.055653
v -0.476392 1.800559 0.011954
v -0.445751 1.745114 0.000000
v -0.441910 1.748955 0.011954
v 0.569854 1.054369 -0.068437
v 0.598202 1.054372 0.000082
v -0.058928 1.923148 0.057667
v -0.058928 1.947913 0.048114
v -0.058928 1.913891 0.034022
v 0.685995 0.423334 0.000083
v 0.595766 0.423334 0.094513
v 0.666455 0.423334 0.419808
v 0.000000 0.320900 0.904090
v -0.656746 1.055109 0.000029
v -0.597840 1.054393 0.000082
v -0.183456 1.861432 0.017361
v -0.014328 1.769237 0.044098
v -0.475560 2.347145 -0.068332
v -0.501418 0.423334 -0.097669
v -0.432238 0.423334 -0.069014
v -0.058928 1.923148 -0.057667
v 0.142032 0.221182 0.904090
v -0.067715 1.394469 -0.093202
v -0.133288 1.380612 -0.049035
v -0.008496 1.898384 0.026147
v 0.000000 1.898384 0.057667
v 0.475182 2.320549 -0.140045
v -0.357841 1.930036 0.000000
v -0.326255 1.914524 0.000000
v -0.592762 0.967272 0.000166
v 0.000000 0.320900 -0.904090
v 0.000000 0.320900 -0.809553
v -0.017211 1.964136 0.068956
v -0.195438 1.903144 -0.013146
v -0.196524 1.861432 -0.011924
v -0.035600 1.394469 -0.109565
v -0.170371 1.861432 0.011954
v -0.163703 1.903144 0.000000
v -0.169148 1.903144 0.013146
v 0.000000 1.705968 -0.094926
v -0.490671 1.316021 -0.010774
v 0.180082 0.198755 1.008608
v 0.090254 0.175356 1.028109
v 0.000000 0.818281 0.273983
v 0.000000 0.868048 0.137897
v -0.194567 1.805568 -0.017361
v -0.058928 1.972677 -0.057667
v -0.058928 1.947913 -0.057667
v -0.074116 1.947913 0.040537
v -0.380298 1.738637 -0.011924
v -0.378230 1.743628 0.000000
v -0.024836 1.869939 -0.034183
v -0.488500 1.902238 0.011954
v -0.493931 1.861430 0.000000
v -0.488500 1.861430 0.011954
v -0.144695 0.423334 0.337414
v 0.155969 0.650226 -0.363704
v 0.215699 1.055685 -0.210409
v -0.520576 0.052700 0.938300
v -0.520649 0.000000 0.938300
v -0.423418 1.767448 0.011924
v -0.385299 1.726563 0.017361
v -0.036018 2.006817 -0.020697
v -0.040502 1.998419 -0.023286
v -0.475441 2.117170 0.012585
v -0.495087 2.203871 0.089528
v -0.475127 2.116655 0.079443
v -0.475127 2.116655 -0.079443
v -0.150813 1.937356 0.010556
v -0.164555 1.930416 0.000000
v -0.150813 1.932984 0.000000
v -0.501418 1.271325 -0.061343
v -0.543406 0.908993 -0.041822
v -0.501418 0.908993 -0.059214
v -0.114709 1.043464 0.267491
v -0.115911 1.958469 -0.010556
v -0.109515 1.987640 0.000000
v -0.109515 1.976004 -0.028092
v -0.197741 1.969847 0.000000
v -0.197741 1.963423 -0.015510
v -0.651267 1.174315 0.126509
v -0.685227 1.071662 0.042163
v -0.651268 1.071662 0.126512
v -0.462347 1.861430 -0.011924
v -0.456944 1.902239 0.000000
v -0.456944 1.861430 0.000000
v 0.177461 1.798481 0.000000
v -0.016724 1.871342 0.051470
v 0.280640 1.743629 0.000000
v -0.150813 1.958469 -0.010556
v -0.098246 0.176758 1.026941
v -0.187468 0.201487 1.006330
v -0.195438 1.903144 0.013146
v -0.182293 1.903144 0.018592
v 0.475491 2.203199 -0.069701
v 0.450305 2.116662 -0.054124
v 0.476668 2.124301 -0.022581
v 0.000000 0.361261 -0.776227
v -0.109515 1.947913 -0.039727
v -0.074116 1.947913 -0.040537
v -0.278572 1.738637 0.011924
v -0.235452 1.767449 0.011924
v 0.013057 1.869939 -0.040185
v 0.019746 1.812513 -0.060772
v -0.475408 2.001165 -0.030519
v -0.475415 1.975716 -0.017361
v -0.280640 1.743629 0.000000
v -0.177461 1.798481 0.000000
v -0.216959 1.748956 -0.011954
v -0.836458 0.320900 -0.904090
v 0.044098 1.769237 0.014328
v 0.051695 1.812513 0.037559
v 0.037512 1.769237 0.027254
v 0.000000 1.726459 -0.059034
v -0.329435 1.728520 -0.011924
v 0.170000 1.930336 -0.013146
v -0.266485 1.709457 0.000000
v -0.329435 1.702366 -0.011954
v -0.268563 1.714475 -0.011954
v -0.433237 1.054394 0.068346
v -0.436827 0.967273 0.064756
v -0.023409 1.946651 0.068956
v 0.000000 1.947902 0.068956
v -0.040958 2.006817 -0.007124
v -0.500445 2.116647 -0.054621
v -0.495087 2.203871 -0.089528
v -0.537454 1.071661 -0.221105
v -0.602010 1.174314 -0.186179
v -0.537453 1.174314 -0.221108
v -0.381710 1.190315 -0.119874
v -0.026734 2.006817 -0.031762
v -0.326255 1.971522 0.023609
v -0.291705 1.959146 0.011233
v -0.501418 0.862467 0.077009
v 0.000000 1.898384 -0.057667
v 0.000000 1.898384 -0.027493
v -0.291705 1.936679 -0.011233
v -0.326255 1.924303 0.023609
v -0.150813 1.947913 0.014929
v -0.566009 0.967270 -0.064424
v -0.569598 1.054391 -0.068181
v -0.357841 1.947913 0.017876
v -0.326255 1.947913 0.033389
v -0.168768 1.947913 -0.021404
v -0.150813 1.947913 -0.014929
v -0.046367 1.769237 0.000000
v -0.475491 2.203199 0.069701
v -0.476668 2.124301 0.039738
v 0.022242 1.898384 -0.016160
v 0.058928 1.898384 -0.031516
v 0.026147 1.898384 -0.008496
v -0.475415 1.902239 -0.017361
v -0.462347 1.975716 -0.011924
v -0.462347 1.902239 -0.011924
v 0.534445 1.297752 0.000000
v 0.516240 1.316021 0.000000
v -0.438181 0.516598 0.063403
v -0.501418 0.564231 0.052376
v -0.058928 1.898384 0.000000
v -0.026147 1.898384 -0.008496
v -0.027493 1.898384 0.000000
v -0.394791 0.650226 0.000000
v -0.354327 0.759665 0.000000
v -0.450305 2.116662 0.054124
v -0.475364 2.063489 0.019366
v -0.475499 2.296784 -0.065035
v -0.115911 1.937356 0.010556
v -0.115911 1.932984 0.000000
v -0.357841 1.960553 -0.012640
v -0.367020 1.947913 0.000000
v -0.357841 1.965789 0.000000
v -0.058928 1.898384 -0.031516
v -0.836428 0.221182 -0.904090
v 0.000000 0.221182 -0.904090
v -0.357841 1.960553 0.012640
v -0.475408 2.001165 0.030519
v -0.475415 1.975716 0.017361
v -0.054119 1.871342 0.000000
v -0.051470 1.871342 -0.016724
v -0.737143 0.423334 0.000000
v -0.666455 0.423334 -0.419642
v -0.420665 0.618562 0.000165
v -0.452607 0.687071 0.048977
v -0.444317 0.618562 0.057266
v -0.463357 2.026871 0.011003
v -0.217649 1.947913 0.015886
v -0.291705 1.936679 0.011233
v -0.553628 0.564231 0.000165
v -0.558519 0.618562 0.057266
v -0.582171 0.618562 0.000165
v -0.217649 1.959146 0.011233
v -0.490098 2.063489 0.013279
v -0.456944 1.975716 0.000000
v -0.462347 1.975716 0.011924
v -0.029464 1.997441 -0.057667
v -0.155969 0.650226 -0.363704
v -0.836335 0.052700 0.904090
v -0.329435 1.715451 0.017361
v -0.273571 1.726564 0.017361
v -0.217649 1.963799 0.000000
v -0.452435 2.001165 -0.020961
v 0.000000 1.228383 0.277693
v -0.058928 1.898384 -0.057667
v -0.194567 1.805568 0.017361
v -0.216959 1.748956 0.011954
v -0.182479 1.800560 0.011954
v -0.478832 1.055667 0.213225
v -0.504209 1.055335 0.202020
v -0.501418 1.054389 -0.096422
v -0.109515 1.908185 0.000000
v 0.000000 1.190314 -0.349426
v -0.058928 1.898384 0.057667
v -0.109515 1.919821 0.028092
v -0.475370 2.356961 -0.104188
v 0.000000 1.871342 -0.054119
v -0.487490 2.026871 0.011031
v -0.423418 1.767448 -0.011924
v -0.452229 1.810567 -0.011924
v -0.357841 1.935272 0.012640
v -0.291705 1.947913 0.015886
v -0.498410 2.001165 -0.021014
v 0.000000 1.924437 -0.068956
v 0.000000 1.769237 0.046367
v -0.329435 1.702366 0.011954
v -0.268563 1.714475 0.011954
v -0.390306 1.714474 0.011954
v -0.329435 1.696935 0.000000
v 0.000000 1.997441 0.057667
v -0.512165 1.316021 -0.010774
v -0.367464 0.650226 0.146891
v -0.451853 2.296879 0.088422
v -0.455654 2.203870 0.089285
v -0.501418 0.618562 -0.080588
v -0.550229 0.687071 -0.048646
v -0.501418 0.687071 -0.068864
v -0.154119 0.538144 0.359389
v -0.444317 0.618562 -0.056936
v -0.432389 0.687071 0.000165
v -0.608522 1.190315 0.131226
v -0.633690 1.190315 0.128448
v -0.464500 0.564231 0.037084
v -0.501418 0.618562 0.080919
v -0.570597 0.423334 0.069345
v -0.590849 0.516598 0.000165
v -0.074116 1.919249 0.028664
v -0.525927 1.297253 0.024570
v -0.512165 1.316021 0.010774
v -0.390306 1.714474 -0.011954
v -0.023409 1.946651 -0.068956
v -0.439515 2.320549 0.103998
v -0.475560 2.347145 0.068332
v -0.439514 2.347145 0.103998
v -0.349898 0.423334 0.402396
v -0.392385 1.709456 0.000000
v -0.226212 1.758208 -0.017361
v -0.217465 1.071662 0.372535
v -0.166666 1.174317 0.406446
v -0.217464 1.174317 0.372532
v -0.511228 2.320549 0.104378
v -0.475182 2.320549 0.140045
v 0.058928 1.993998 0.000000
v -0.113982 1.190314 -0.411809
v -0.145746 1.190314 -0.399990
v -0.122634 1.190314 -0.392824
v 0.748923 0.361261 0.757263
v 0.718343 0.423334 0.764018
v 0.730078 0.361261 0.776227
v 0.183145 1.930142 0.018592
v 0.195438 1.903144 0.013146
v 0.196290 1.929948 0.013146
v 0.000000 1.997441 -0.057667
v 0.058928 1.947913 0.057667
v 0.046367 1.769237 0.000000
v 0.475415 1.975716 -0.017361
v 0.875922 0.221182 0.864870
v 0.875922 0.320900 0.000000
v 0.150813 1.947913 0.014929
v 0.051470 1.871342 0.016724
v 0.872452 0.000000 0.938300
v 0.814621 0.000000 0.915024
v 0.866697 0.000000 0.893453
v 0.329435 1.702366 -0.011954
v 0.266485 1.709457 0.000000
v 0.268563 1.714475 -0.011954
v 0.182293 1.903144 0.018592
v 0.183456 1.861432 0.017361
v 0.170000 1.930336 0.013146
v 0.501418 0.423334 -0.133263
v 0.501418 0.423334 -0.098608
v 0.197741 1.947913 -0.021935
v 0.217649 1.947913 -0.015886
v 0.329801 0.759665 -0.131835
v 0.634846 0.423334 0.000165
v 0.194567 1.805568 0.017361
v 0.201734 1.929868 0.000000
v 0.217649 1.936679 -0.011233
v 0.217649 1.932026 0.000000
v 0.357841 1.965789 0.000000
v 0.326255 1.981301 0.000000
v 0.475415 1.975716 0.017361
v 0.029464 1.898384 0.057667
v 0.462347 1.861430 -0.011924
v 0.278572 1.738637 -0.011924
v 0.235452 1.767449 -0.011924
v 0.507958 2.001165 0.000000
v 0.217649 1.936679 0.011233
v 0.555660 1.256304 -0.054376
v 0.488865 1.271325 -0.012584
v 0.468391 1.297752 0.000000
v 0.022242 1.898384 0.016160
v 0.075459 1.947913 -0.042558
v 0.109515 1.978749 -0.030836
v 0.109515 1.947913 -0.043609
v 0.024836 1.869939 -0.034183
v 0.037559 1.812513 -0.051695
v 0.566265 0.967248 -0.064680
v 0.475181 2.347145 0.140045
v 0.439515 2.320549 0.103998
v -0.519390 1.190314 -0.210713
v -0.474807 1.190314 -0.225789
v 0.000000 1.998419 -0.046669
v 0.014225 2.006817 -0.038984
v 0.140822 0.386479 0.854847
v 0.379834 0.349259 0.883171
v 0.449207 0.564231 0.000165
v 0.411987 0.516598 0.000165
v 0.462347 1.975716 -0.011924
v 0.475415 1.902239 -0.017361
v 0.462347 1.902239 -0.011924
v 0.836335 0.052700 0.904090
v 0.872329 0.052700 0.938300
v 0.054119 1.871342 0.000000
v 0.051470 1.871342 -0.016724
v 0.008496 1.898384 0.026147
v 0.291705 1.936679 0.011233
v 0.475561 2.320549 -0.068332
v 0.340902 0.423334 -0.136273
v 0.366254 0.423334 0.000000
v 0.875922 0.221182 -0.864870
v 0.875922 0.320900 -0.864898
v 0.016724 1.871342 -0.051470
v 0.447082 0.862467 -0.054171
v 0.475406 2.116769 0.000265
v 0.000000 1.898384 0.027493
v 0.378639 0.423334 -0.478475
v 0.329435 1.696935 0.000000
v 0.448799 0.320900 0.809553
v 0.208342 1.043464 0.203232
v -0.609688 1.055178 -0.130480
v 0.352123 1.190316 0.000000
v 0.327938 1.190316 0.120644
v 0.291705 1.932026 0.000000
v 0.014328 1.769237 0.044098
v 0.260617 1.228383 0.095878
v 0.216959 1.748956 -0.011954
v -0.019169 1.190314 -0.427885
v 0.114067 1.190317 0.411816
v 0.147987 1.190317 0.398355
v 0.593125 0.967251 0.000166
v 0.456944 1.975716 0.000000
v 0.442936 2.001165 0.000000
v 0.493931 1.861430 0.000000
v 0.135424 0.361261 0.776227
v 0.428682 0.423334 0.764018
v 0.139021 0.423334 0.764018
v 0.183145 1.930142 -0.018592
v 0.058928 1.898384 0.057667
v 0.555754 0.862467 -0.054171
v 0.109515 1.947913 0.043609
v 0.109515 1.917076 0.030836
v 0.475491 2.203199 0.069701
v 0.450305 2.116662 0.054124
v 0.455654 2.203870 0.089285
v 0.024836 1.869939 0.034183
v 0.037559 1.812513 0.051695
v 0.117906 1.947913 0.014929
v 0.513971 1.271325 -0.012584
v 0.454356 0.804126 0.047228
v 0.488500 1.861430 0.011954
v 0.476392 1.800559 0.011954
v 0.352123 1.220043 0.000000
v 0.058928 1.898384 -0.057667
v 0.058928 1.915326 -0.032587
v 0.326255 1.971522 -0.023609
v 0.357841 1.947913 -0.017876
v 0.326255 1.947913 -0.033389
v 0.155969 0.650226 0.363704
v 0.326255 1.924303 -0.023609
v 0.326255 1.914524 0.000000
v 0.051327 1.746300 0.037291
v 0.483665 1.271325 0.000000
v 0.327938 1.220043 -0.120644
v 0.027254 1.769237 0.037512
v 0.501418 1.271325 0.017784
v 0.150813 1.937356 0.010556
v 0.432658 1.758207 0.017361
v 0.054413 0.868048 0.126886
v 0.475415 1.861430 -0.017361
v 0.273571 1.726564 -0.017361
v 0.226212 1.758208 -0.017361
v 0.075459 1.947913 0.042558
v 0.911916 0.052700 0.000000
v 0.875922 0.052700 -0.864786
v 0.875922 0.052700 0.000000
v 0.291705 1.947913 -0.015886
v 0.566265 0.967251 0.065012
v 0.035600 1.394469 -0.109565
v 0.135424 0.320900 0.809553
v 0.135424 0.336575 0.896659
v 0.872329 0.052700 -0.938300
v 0.872452 0.000000 -0.938300
v 0.291705 1.936679 -0.011233
v 0.432981 1.054369 -0.068437
v 0.058928 1.923148 -0.057667
v 0.432751 0.361261 0.776227
v 0.114709 1.043464 -0.267491
v 0.000000 1.043464 -0.290822
v 0.267288 0.745688 0.552771
v 0.333706 0.693670 0.596125
v 0.452229 1.810567 -0.011924
v 0.357841 1.935272 -0.012640
v 0.182479 1.800560 -0.011954
v 0.139542 0.433189 0.814117
v 0.423557 0.490119 0.765772
v 0.412026 0.417797 0.826049
v 0.058928 1.947913 -0.046085
v 0.109515 1.978749 0.030836
v 0.067715 1.394469 -0.093202
v 0.392385 1.709456 0.000000
v 0.441910 1.748955 0.011954
v 0.390306 1.714474 0.011954
v 0.524771 1.297752 0.023411
v 0.040502 1.998419 0.023286
v 0.114709 1.043464 0.267491
v -0.566008 0.967273 0.064756
v 0.197741 1.969847 0.000000
v 0.495087 2.203871 -0.089528
v 0.475499 2.296784 -0.065035
v 0.206641 1.810569 0.011924
v 0.451853 2.296879 0.088422
v 0.000000 1.043464 0.290822
v 0.911916 0.052700 -0.898996
v 0.452607 0.687071 0.048977
v 0.444317 0.618562 0.057266
v 0.069007 1.719624 0.050137
v 0.188331 1.239907 -0.069285
v 0.460649 2.063489 -0.013244
v -0.516617 1.316021 0.000000
v -0.026734 2.006817 0.031762
v -0.260879 0.749614 0.549498
v -0.180082 0.787781 0.517689
v -0.135264 0.638191 0.642565
v 0.560798 0.908993 0.000165
v 0.511898 1.316021 0.010507
v 0.464500 0.564231 0.037084
v 0.475127 2.116655 -0.079443
v 0.133288 1.380612 -0.049035
v 0.058928 1.972677 -0.057667
v 0.058928 1.947913 -0.057667
v 0.013057 1.869939 0.040185
v 0.000000 0.759665 0.354874
v 0.085694 1.014462 0.199829
v 0.608308 1.190317 0.163014
v 0.029334 1.705968 0.090280
v 0.109515 1.917076 -0.030836
v -0.875922 0.221182 0.864870
v -0.836458 0.320900 0.904090
v -0.875922 0.320900 0.864898
v 0.615095 1.055264 -0.138133
v 0.571261 0.423334 0.070009
v 0.017211 1.964136 0.068956
v 0.875922 0.052700 0.864786
v 0.911916 0.052700 0.477509
v 0.329435 1.702366 0.011954
v 0.329435 1.715451 -0.017361
v 0.445751 1.745114 0.000000
v 0.836428 0.221182 0.904090
v -0.475415 1.861430 -0.017361
v -0.419597 1.771269 0.000000
v -0.037559 1.812513 -0.051695
v -0.550229 0.687071 0.048977
v -0.558519 0.618562 -0.056936
v 0.080119 1.380612 -0.117547
v 0.498887 2.296878 -0.088681
v 0.911916 0.000000 0.000000
v 0.911916 0.000000 -0.899108
v 0.516757 0.423334 0.432182
v -0.607681 1.190314 -0.162620
v -0.613493 1.190315 -0.138475
v -0.781077 0.320900 0.000000
v -0.781077 0.320900 0.790523
v 0.553628 0.564231 0.000165
v 0.538336 0.564231 0.037084
v 0.432981 1.054373 0.068602
v 0.436571 0.967251 0.065012
v 0.564655 0.516598 0.063403
v 0.164555 1.930416 0.000000
v 0.169148 1.903144 0.013146
v -0.213119 1.745115 0.000000
v -0.208342 1.043464 -0.203232
v 0.327938 1.190315 -0.120644
v 0.383053 1.190316 0.000000
v -0.460649 2.063489 -0.013244
v -0.329435 1.715451 -0.017361
v 0.118760 1.055685 -0.276937
v 0.208342 1.043464 -0.203232
v -0.475499 2.296784 0.065035
v 0.034183 1.869939 0.024836
v -0.150813 1.962842 0.000000
v -0.490185 1.271325 -0.011261
v -0.496131 2.063489 0.000000
v 0.836428 0.221182 -0.904090
v -0.201895 1.014462 0.080706
v -0.155642 1.014462 0.151824
v 0.063899 1.812513 0.000000
v 0.357841 1.930036 0.000000
v 0.519170 1.271325 0.000000
v 0.221378 1.190315 -0.324359
v -0.475415 1.902239 0.017361
v 0.501418 0.423334 0.133594
v 0.445903 1.190316 0.055653
v -0.432658 1.758207 0.017361
v 0.454647 2.063489 0.000000
v 0.031810 1.871342 -0.043783
v 0.464500 0.564231 -0.036753
v -0.170000 1.930336 -0.013146
v -0.560798 0.908993 0.000165
v -0.555754 0.862467 0.054502
v 0.063444 1.746300 0.000000
v 0.511228 2.320549 -0.104378
v 0.475241 2.296973 -0.112068
v 0.093202 1.394469 0.067715
v -0.085694 1.014462 0.199829
v 0.737143 0.423334 0.745102
v -0.866697 0.000000 0.893453
v -0.814621 0.000000 0.915024
v 0.423418 1.767448 -0.011924
v -0.447238 1.812635 0.000000
v 0.511227 2.347144 0.104378
v -0.543406 0.908993 0.042153
v 0.150813 1.958469 -0.010556
v -0.196292 0.818281 0.191477
v 0.475560 2.347145 0.068332
v 0.475370 2.356961 0.104188
v 0.000000 0.052700 0.904090
v 0.016724 1.871342 0.051470
v 0.000000 1.871342 0.054119
v -0.273571 1.726564 -0.017361
v -0.278572 1.738637 -0.011924
v -0.875922 0.320900 0.000000
v 0.495087 2.203871 0.089528
v -0.475181 2.347145 0.140045
v 0.000000 2.006817 -0.041492
v 0.605270 1.190315 -0.164627
v 0.168846 0.000000 0.938300
v 0.000000 1.924437 0.068956
v 0.475499 2.296784 0.065035
v 0.737143 0.423334 0.000000
v -0.331116 1.071662 0.283573
v -0.272280 1.174316 0.331573
v -0.331115 1.174316 0.283569
v 0.490937 1.316021 0.010507
v 0.357841 1.960553 -0.012640
v 0.363963 1.947913 0.000000
v 0.407070 0.423334 0.094513
v 0.291705 1.963799 0.000000
v 0.014328 1.769237 -0.044098
v -0.139983 0.759665 0.326426
v -0.283280 0.650226 0.276332
v 0.250042 1.190315 -0.328433
v 0.219240 1.190314 -0.351226
v 0.489230 0.221182 0.904090
v 0.254625 0.818281 0.101784
v -0.501418 0.423334 -0.133263
v 0.000000 0.423334 -0.558742
v 0.490937 1.316021 -0.010507
v 0.866697 0.000000 -0.893453
v 0.814621 0.000000 -0.915024
v 0.023409 1.946651 0.068956
v 0.254245 0.759665 0.248009
v -0.168768 1.963047 -0.015135
v 0.004099 0.818636 0.491973
v 0.098246 0.809778 0.499356
v 0.168768 1.963047 -0.015135
v 0.000000 1.014462 0.217226
v 0.875922 0.221182 0.000000
v -0.135082 0.547665 0.575223
v -0.634846 0.423334 0.000165
v -0.595766 0.423334 0.094513
v -0.875922 0.320900 -0.864898
v -0.407070 0.423334 0.094513
v -0.366254 0.423334 0.000000
v -0.135152 0.585868 0.580196
v 0.000000 0.543487 0.575875
v -0.329801 0.759665 0.131835
v -0.407070 0.423334 -0.094183
v -0.135424 0.336575 0.896659
v -0.595766 0.423334 -0.094183
v 0.334852 1.190317 0.259167
v -0.875922 0.052700 -0.864786
v -0.501418 1.271325 -0.015914
v -0.911916 0.052700 -0.898996
v -0.478719 1.055666 -0.213135
v -0.911916 0.000000 0.000000
v -0.911916 0.000000 0.899108
v -0.169148 1.903144 -0.013146
v -0.090254 0.811179 0.498188
v -0.911916 0.000000 -0.899108
v -0.428682 0.423334 0.764018
v -0.516757 0.423334 0.432182
v -0.501418 0.423334 0.133594
v -0.538336 0.564231 0.037084
v -0.564655 0.516598 0.063403
v -0.501418 0.739100 0.086858
v -0.501418 0.687071 0.069195
v -0.326255 1.981301 0.000000
v -0.139542 0.433189 0.814117
v -0.139021 0.423334 0.764018
v -0.475561 2.320549 0.068332
v -0.836335 0.052700 -0.904090
v -0.254245 0.759665 0.248009
v -0.249975 1.190316 0.328396
v -0.219169 1.190317 0.351200
v -0.221318 1.190316 0.324316
v -0.357841 1.935272 -0.012640
v -0.880645 -0.020810 -0.841377
v -0.814620 -0.020810 -0.841377
v -0.861307 -0.020810 -0.794691
v -0.423557 0.496417 0.760524
v -0.412026 0.568739 0.700248
v -0.511227 2.347144 0.104378
v -0.631906 1.190315 -0.132657
v -0.507958 2.001165 0.000000
v -0.226212 1.758208 0.017361
v -0.872452 0.000000 -0.938300
v -0.875922 0.221182 -0.864870
v -0.836428 0.221182 0.904090
v 0.520649 0.000000 0.938300
v 0.380334 1.190317 0.239859
v 0.474843 1.190317 0.225877
v 0.357841 1.935272 0.012640
v 0.836335 0.052700 -0.904090
v 0.000000 0.052700 -0.904090
v -0.685995 0.423334 0.000083
v -0.666455 0.423334 0.419808
v 0.595766 0.423334 -0.094183
v -0.422086 0.555408 0.900608
v -0.290983 0.818522 0.679947
v -0.235350 0.312741 1.103958
v -0.133977 0.890030 0.619912
v -0.395723 0.698441 0.780677
v 0.419203 0.549575 0.905052
v -0.004099 0.167899 1.034324
v -0.059236 0.261170 1.147100
v -0.364849 0.417753 1.015985
v 0.307817 0.805465 0.690576
v 0.449907 2.195306 -0.056410
v 0.447206 2.171940 -0.132002
v 0.447206 2.222455 -0.121954
v 0.499945 2.128766 0.043174
v 0.449907 2.115530 0.023366
v 0.499945 2.115530 0.023366
v 0.449907 2.128766 -0.043174
v 0.447206 2.049986 -0.050515
v 0.447206 2.078601 -0.093339
v 0.449907 2.148574 0.056410
v 0.447206 2.171940 0.132002
v 0.447206 2.121425 0.121954
v 0.035579 0.259102 1.148783
v 0.352183 0.402118 1.028713
v 0.447206 2.121425 -0.121954
v 0.449907 2.215114 -0.043174
v 0.447206 2.265279 -0.093339
v -0.449907 2.228349 -0.023366
v -0.499945 2.232997 0.000000
v -0.449907 2.232997 0.000000
v -0.447751 2.265279 0.093339
v -0.449907 2.195306 0.056410
v -0.447751 2.222455 0.121954
v -0.447751 2.121425 -0.121954
v -0.449907 2.128766 -0.043174
v -0.449907 2.148574 -0.056410
v -0.447751 2.171940 0.132002
v -0.449907 2.171940 0.061057
v -0.447751 2.171940 -0.132002
v -0.449907 2.195306 -0.056410
v -0.447751 2.222455 -0.121954
v -0.449907 2.171940 -0.061057
v -0.449907 2.148574 0.056410
v -0.447751 2.121425 0.121954
v -0.447751 2.265279 -0.093339
v -0.449907 2.215114 -0.043174
v -0.449907 2.128766 0.043174
v -0.447751 2.078601 0.093339
v -0.447751 2.293894 -0.050515
v -0.449907 2.115530 0.023366
v -0.447751 2.049986 0.050515
v -0.447751 2.303942 0.000000
v -0.449907 2.110883 0.000000
v -0.447751 2.039938 0.000000
v -0.447751 2.293894 0.050515
v -0.449907 2.228349 0.023366
v -0.447751 2.049986 -0.050515
v -0.449907 2.115530 -0.023366
v -0.449907 2.215114 0.043174
v 0.447206 2.265279 0.093339
v 0.449907 2.228349 0.023366
v 0.447206 2.293894 0.050515
v -0.499945 2.110883 0.000000
v -0.499945 2.228349 0.023366
v -0.499945 2.115530 -0.023366
v -0.499945 2.215114 0.043174
v -0.499945 2.128766 -0.043174
v -0.499945 2.195306 0.056410
v -0.499945 2.148574 -0.056410
v -0.499945 2.171940 0.061057
v -0.499945 2.195306 -0.056410
v -0.499945 2.171940 -0.061057
v -0.499945 2.148574 0.056410
v -0.499945 2.215114 -0.043174
v -0.499945 2.128766 0.043174
v -0.499945 2.228349 -0.023366
v -0.499945 2.115530 0.023366
v -0.575631 2.207688 0.086302
v -0.620388 2.220155 0.048215
v -0.620388 2.198034 0.062996
v -0.620388 2.108944 -0.026094
v -0.677607 2.104934 0.000000
v -0.677607 2.110034 -0.025642
v -0.575631 2.105888 -0.066053
v -0.620388 2.145846 -0.062996
v -0.575631 2.136193 -0.086302
v -0.575631 2.171940 0.093412
v -0.620388 2.171940 0.068187
v -0.575631 2.171940 -0.093412
v -0.620388 2.198034 -0.062996
v -0.575631 2.207688 -0.086302
v -0.620388 2.171940 -0.068187
v -0.620388 2.145846 0.062996
v -0.575631 2.136193 0.086302
v -0.620388 2.220155 -0.048215
v -0.575631 2.237993 -0.066053
v -0.575631 2.105888 0.066053
v -0.620388 2.123725 0.048215
v -0.620388 2.234936 -0.026094
v -0.575631 2.258242 -0.035747
v -0.620388 2.108944 0.026094
v -0.575631 2.085638 0.035747
v -0.620388 2.240127 0.000000
v -0.575631 2.265352 0.000000
v -0.575631 2.078528 0.000000
v -0.620388 2.103754 0.000000
v -0.575631 2.258242 0.035747
v -0.620388 2.234936 0.026094
v -0.575631 2.085638 -0.035747
v -0.575631 2.237993 0.066053
v -0.620388 2.123725 -0.048215
v -0.677607 2.233846 0.025642
v -0.677607 2.219321 0.047381
v -0.677607 2.124560 -0.047381
v -0.677607 2.197582 0.061906
v -0.677607 2.146298 -0.061906
v -0.677607 2.171940 0.067006
v -0.677607 2.197582 -0.061906
v -0.677607 2.171940 -0.067006
v -0.677607 2.146298 0.061906
v -0.677607 2.219321 -0.047381
v -0.677607 2.124560 0.047381
v -0.677607 2.233846 -0.025642
v -0.677607 2.110034 0.025642
v -0.677607 2.238946 0.000000
v -0.677607 2.213672 0.000000
v -0.677607 2.133385 -0.015970
v -0.677607 2.130208 0.000000
v -0.677607 2.210495 0.015970
v -0.677607 2.142431 -0.029509
v -0.677607 2.187910 0.038555
v -0.677607 2.201449 0.029509
v -0.677607 2.155970 -0.038555
v -0.677607 2.171940 -0.041732
v -0.677607 2.171940 0.041732
v -0.677607 2.187910 -0.038555
v -0.677607 2.155970 0.038555
v -0.677607 2.210495 -0.015970
v -0.677607 2.201449 -0.029509
v -0.677607 2.142431 0.029509
v -0.677607 2.133385 0.015970
v 0.449907 2.195306 0.056410
v 0.447206 2.222455 0.121954
v 0.449907 2.228349 -0.023366
v 0.447206 2.293894 -0.050515
v 0.215191 0.302917 1.111955
v 0.449907 2.148574 -0.056410
v 0.403587 0.681011 0.794865
v 0.151081 0.885770 0.623332
v 0.187468 0.785049 0.519966
v 0.449907 2.128766 0.043174
v 0.447206 2.078601 0.093339
v 0.447206 2.039938 0.000000
v 0.447206 2.049986 0.050515
v 0.000000 2.265279 -0.093339
v 0.149969 2.293894 -0.050515
v 0.149969 2.265279 -0.093339
v 0.449907 2.115530 -0.023366
v 0.000000 2.265279 0.093339
v 0.149969 2.222455 0.121954
v 0.149969 2.265279 0.093339
v 0.449907 2.232997 0.000000
v 0.447206 2.303942 0.000000
v 0.000000 2.121425 0.121954
v 0.149969 2.078601 0.093339
v 0.149969 2.121425 0.121954
v 0.449907 2.215114 0.043174
v 0.000000 2.293894 0.050515
v 0.149969 2.293894 0.050515
v 0.000000 2.049986 0.050515
v 0.149969 2.039938 0.000000
v 0.149969 2.049986 0.050515
v 0.000000 2.171940 0.132002
v 0.149969 2.171940 0.132002
v 0.499945 2.195306 -0.056410
v 0.449907 2.171940 -0.061057
v 0.499945 2.110883 0.000000
v 0.449907 2.110883 0.000000
v 0.499945 2.171940 -0.061057
v 0.499945 2.128766 -0.043174
v 0.575631 2.207598 0.086085
v 0.499945 2.215114 0.043174
v 0.499945 2.195306 0.056410
v 0.499945 2.215114 -0.043174
v 0.499945 2.171940 0.061057
v 0.499945 2.148574 0.056410
v 0.499945 2.228349 -0.023366
v 0.499945 2.115530 -0.023366
v 0.449907 2.171940 0.061057
v 0.499945 2.148574 -0.056410
v 0.499945 2.228349 0.023366
v 0.499945 2.232997 0.000000
v 0.575631 2.106053 0.065887
v 0.575631 2.237827 -0.065887
v 0.575631 2.237827 0.065887
v 0.575631 2.258025 0.035658
v 0.575631 2.078762 0.000000
v 0.575631 2.136282 -0.086085
v 0.575631 2.106053 -0.065887
v 0.575631 2.085855 -0.035658
v 0.575631 2.136282 0.086085
v 0.575631 2.085855 0.035658
v 0.575631 2.171940 0.093178
v 0.575631 2.171940 -0.093178
v 0.626538 2.219353 -0.047413
v 0.575631 2.207598 -0.086085
v 0.575631 2.265118 0.000000
v 0.677178 2.124527 -0.047413
v 0.626538 2.109993 -0.025660
v 0.626538 2.124527 -0.047413
v 0.677178 2.146281 -0.061948
v 0.626538 2.146281 -0.061948
v 0.677178 2.146281 0.061948
v 0.626538 2.171940 0.067052
v 0.626538 2.146281 0.061948
v 0.677178 2.219353 -0.047413
v 0.626538 2.197599 -0.061948
v 0.677178 2.124527 0.047413
v 0.626538 2.124527 0.047413
v 0.677178 2.109993 0.025660
v 0.626538 2.109993 0.025660
v 0.677178 2.104888 0.000000
v 0.626538 2.104888 0.000000
v 0.677178 2.109993 -0.025660
v 0.626538 2.219353 0.047413
v 0.626538 2.233888 0.025660
v 0.626538 2.238992 0.000000
v 0.575631 2.258025 -0.035658
v 0.677178 2.233888 0.025660
v 0.677178 2.238992 0.000000
v 0.626538 2.233888 -0.025660
v 0.677178 2.233888 -0.025660
v 0.677178 2.197599 -0.061948
v 0.626538 2.171940 -0.067052
v 0.677178 2.171940 -0.067052
v 0.677178 2.171940 0.067052
v 0.626538 2.197599 0.061948
v 0.677178 2.197599 0.061948
v 0.677178 2.219353 0.047413
v 0.677607 2.201556 0.029616
v 0.677607 2.155912 -0.038695
v 0.677607 2.213823 0.000000
v 0.677607 2.187968 0.038695
v 0.677607 2.130057 0.000000
v 0.677607 2.171940 -0.041883
v 0.677607 2.187968 -0.038695
v 0.677607 2.142324 -0.029616
v 0.677607 2.155912 0.038695
v 0.902879 2.132944 -0.016153
v 0.902879 2.142094 -0.029846
v 0.677607 2.201556 -0.029616
v 0.902879 2.188093 0.038996
v 0.677607 2.142324 0.029616
v 0.902879 2.155787 -0.038996
v 0.902879 2.210936 -0.016153
v 0.902879 2.214149 0.000000
v 0.677607 2.171940 0.041883
v 0.902879 2.171940 0.042209
v 0.902879 2.132944 0.016153
v 0.902879 2.129731 0.000000
v 0.902879 2.155787 0.038996
v 0.677607 2.210635 0.016028
v 0.902879 2.210936 0.016153
v 0.902879 2.171940 -0.042209
v 0.677607 2.133245 -0.016028
v 0.902879 2.201786 0.029846
v 0.902879 2.188093 -0.038996
v 0.902879 2.201786 -0.029846
v 0.902879 2.142094 0.029846
v 0.677607 2.210635 -0.016028
v 0.677607 2.133245 0.016028
v 0.000000 2.078601 -0.093339
v 0.149969 2.121425 -0.121954
v 0.149969 2.078601 -0.093339
v 0.000000 2.222455 -0.121954
v 0.149969 2.222455 -0.121954
v 0.000000 2.078601 0.093339
v 0.000000 2.222455 0.121954
v 0.149969 2.171940 -0.132002
v 0.000000 2.303942 0.000000
v 0.149969 2.303942 0.000000
v 0.000000 2.049986 -0.050515
v 0.149969 2.049986 -0.050515
v 0.000000 2.121425 -0.121954
v 0.000000 2.039938 0.000000
v -0.149969 2.222455 0.121954
v -0.149969 2.265279 0.093339
v -0.149969 2.121425 -0.121954
v -0.149969 2.078601 -0.093339
v -0.149969 2.078601 0.093339
v -0.149969 2.121425 0.121954
v -0.149969 2.265279 -0.093339
v -0.149969 2.222455 -0.121954
v -0.149969 2.293894 0.050515
v -0.149969 2.039938 0.000000
v -0.149969 2.049986 0.050515
v -0.149969 2.171940 0.132002
v -0.149969 2.293894 -0.050515
v -0.149969 2.171940 -0.132002
v 0.000000 2.171940 -0.132002
v -0.149969 2.049986 -0.050515
v 0.000000 2.293894 -0.050515
v -0.149969 2.303942 0.000000
v -0.299938 2.303942 0.000000
v -0.299938 2.293894 0.050515
v -0.299938 2.293894 -0.050515
v -0.447751 2.078601 -0.093339
v -0.299938 2.049986 -0.050515
v -0.299938 2.078601 -0.093339
v -0.299938 2.039938 0.000000
v -0.299938 2.121425 -0.121954
v -0.299938 2.171940 -0.132002
v -0.299938 2.265279 -0.093339
v -0.299938 2.171940 0.132002
v -0.299938 2.121425 0.121954
v -0.299938 2.222455 0.121954
v -0.299938 2.049986 0.050515
v -0.299938 2.078601 0.093339
v -0.299938 2.265279 0.093339
v -0.299938 2.222455 -0.121954
v 0.299938 2.039938 0.000000
v 0.299938 2.049986 -0.050515
v 0.299938 2.121425 -0.121954
v 0.299938 2.171940 -0.132002
v 0.299938 2.078601 -0.093339
v 0.299938 2.303942 0.000000
v 0.299938 2.293894 -0.050515
v 0.299938 2.293894 0.050515
v 0.299938 2.222455 -0.121954
v 0.299938 2.222455 0.121954
v 0.299938 2.171940 0.132002
v 0.299938 2.049986 0.050515
v 0.299938 2.078601 0.093339
v 0.299938 2.265279 -0.093339
v 0.299938 2.121425 0.121954
v 0.299938 2.265279 0.093339
v -0.969713 2.313323 -0.029286
v -0.957582 2.294114 -0.024262
v -0.969713 2.294114 -0.029286
v -0.952557 2.313323 0.012131
v -0.957582 2.294114 0.024262
v -0.952557 2.294114 0.012131
v -0.993974 2.313323 0.029286
v -1.006105 2.294114 0.024262
v -0.993974 2.294114 0.029286
v -0.981843 2.313323 -0.034311
v -0.981843 2.313324 0.000000
v -0.993974 2.313323 -0.029286
v -0.981843 2.294114 -0.034311
v -0.993974 2.294114 -0.029286
v -0.952557 2.313323 -0.012131
v -0.947532 2.294114 0.000000
v -0.952557 2.294114 -0.012131
v -0.969713 2.313323 0.029286
v -0.981843 2.294114 0.034311
v -0.969713 2.294114 0.029286
v -1.011130 2.313323 0.012131
v -1.016154 2.294114 0.000000
v -1.011130 2.294114 0.012131
v -0.957582 2.313323 -0.024262
v -1.006105 2.313323 0.024262
v -1.016154 2.313323 0.000000
v -1.011130 2.313323 -0.012131
v -1.006105 2.313323 -0.024262
v -1.011130 2.294114 -0.012131
v -0.921779 2.171940 0.060064
v -0.902879 2.155773 0.039031
v -0.902879 2.171940 0.042247
v -0.923189 2.147024 0.058655
v -0.902879 2.142067 0.029873
v -0.902879 2.201813 0.029873
v -0.923189 2.196856 0.058655
v -0.902879 2.188107 0.039031
v -0.921779 2.171940 -0.060064
v -0.902879 2.188107 -0.039031
v -0.902879 2.171940 -0.042247
v -0.902879 2.155773 -0.039031
v -0.902879 2.142067 -0.029873
v -0.923189 2.147024 -0.058655
v -0.923189 2.196856 -0.058655
v -0.902879 2.201813 -0.029873
v -0.904375 2.217764 0.000000
v -0.902879 2.210971 0.016167
v -0.902879 2.214187 0.000000
v -0.902879 2.210971 -0.016167
v -0.902879 2.132909 0.016167
v -0.904375 2.126116 0.000000
v -0.902879 2.129693 0.000000
v -0.902879 2.132909 -0.016167
v -0.910272 2.126116 0.029646
v -0.910272 2.126116 -0.029646
v -0.910272 2.217764 0.029646
v -0.910272 2.217764 -0.029646
v -1.024878 2.248565 0.043034
v -1.011489 2.217764 0.071571
v -1.005133 2.248565 0.056227
v -1.053414 2.126116 0.029646
v -1.024878 2.090225 0.043034
v -1.036621 2.126116 0.054778
v -1.011489 2.126116 0.071571
v -1.038070 2.248565 0.023290
v -1.059311 2.217764 0.000000
v -1.053414 2.217764 0.029646
v -1.042703 2.090225 0.000000
v -1.059311 2.126116 0.000000
v -1.038070 2.248565 -0.023290
v -1.042703 2.248565 0.000000
v -1.053414 2.126116 -0.029646
v -1.024878 2.248565 -0.043034
v -1.053414 2.217764 -0.029646
v -1.024878 2.090225 -0.043034
v -1.036621 2.126116 -0.054778
v -1.011489 2.217764 -0.071571
v -1.036621 2.217764 -0.054778
v -1.011489 2.126116 -0.071571
v -0.981843 2.248565 -0.060860
v -1.005133 2.248565 -0.056227
v -0.981843 2.090225 -0.060860
v -0.981843 2.126116 -0.077468
v -0.927065 2.126116 -0.054778
v -0.958553 2.090225 -0.056227
v -0.952198 2.126116 -0.071571
v -0.958553 2.248565 -0.056227
v -0.981843 2.217764 -0.077468
v -0.938809 2.090225 -0.043034
v -0.927065 2.217764 -0.054778
v -0.952198 2.217764 -0.071571
v -0.925616 2.090225 -0.023290
v -0.938809 2.248565 -0.043034
v -0.920983 2.090225 0.000000
v -0.920983 2.248565 0.000000
v -0.925616 2.248565 -0.023290
v -0.927065 2.126116 0.054778
v -0.925616 2.090225 0.023290
v -0.925616 2.248565 0.023290
v -0.958553 2.090225 0.056227
v -0.952198 2.126116 0.071571
v -0.938809 2.248565 0.043034
v -1.036621 2.217764 0.054778
v -0.981843 2.090225 0.060860
v -0.981843 2.126116 0.077468
v -0.958553 2.248565 0.056227
v -0.927065 2.217764 0.054778
v -0.981843 2.248565 0.060860
v -0.952198 2.217764 0.071571
v -0.981843 2.147024 0.082950
v -1.014349 2.171940 0.078477
v -1.013587 2.147024 0.076636
v -0.981843 2.196856 0.082950
v -0.981843 2.171940 0.084943
v -0.981843 2.217764 0.077468
v -1.013587 2.196856 0.076636
v -1.040498 2.147024 0.058655
v -1.040498 2.196856 0.058655
v -1.041907 2.171940 0.060064
v -1.063387 2.201608 0.029668
v -1.063387 2.142272 0.029668
v -1.041907 2.171940 -0.060064
v -1.063387 2.187996 -0.038763
v -1.040498 2.196856 -0.058655
v -1.063387 2.201608 -0.029668
v -1.063387 2.210703 -0.016056
v -1.063387 2.133177 0.016056
v -1.063387 2.187996 0.038763
v -1.063387 2.210703 0.016056
v -1.063387 2.155884 -0.038763
v -1.040498 2.147024 -0.058655
v -1.063387 2.142272 -0.029668
v -1.063387 2.133177 -0.016056
v -1.014349 2.171940 -0.078477
v -1.013587 2.147024 -0.076636
v -1.013587 2.196856 -0.076636
v -0.981843 2.147024 -0.082950
v -0.981843 2.171940 -0.084943
v -0.981843 2.196856 -0.082950
v -0.950100 2.147024 -0.076636
v -0.950100 2.196856 -0.076636
v -0.949337 2.171940 -0.078477
v -0.950100 2.147024 0.076636
v -0.949337 2.171940 0.078477
v -0.950100 2.196856 0.076636
v -0.981843 2.293722 0.059233
v -1.004967 2.272631 0.055827
v -0.981843 2.272631 0.060427
v -1.053881 2.090225 -0.029839
v -1.038070 2.090225 -0.023290
v -0.938809 2.090225 0.043034
v -0.909806 2.090225 0.029839
v -1.011682 2.090225 -0.072038
v -1.036978 2.090225 -0.055135
v -0.926708 2.090225 0.055135
v -1.005133 2.090225 -0.056227
v -1.011682 2.090225 0.072038
v -0.981843 2.090225 0.077973
v -0.952004 2.090225 0.072038
v -0.981843 2.090225 -0.077973
v -1.005133 2.090225 0.056227
v -0.926708 2.090225 -0.055135
v -0.952004 2.090225 -0.072038
v -1.053881 2.090225 0.029839
v -1.036978 2.090225 0.055135
v -1.038070 2.090225 0.023290
v -0.909806 2.090225 -0.029839
v -1.059816 2.090225 0.000000
v -0.903870 2.090225 0.000000
v -0.981843 2.062818 0.077990
v -0.926696 2.062818 -0.055147
v -1.053896 2.062818 0.029845
v -1.059833 2.062818 0.000000
v -0.903854 2.062818 0.000000
v -0.909790 2.062818 0.029845
v -1.036990 2.062818 -0.055147
v -0.926696 2.062818 0.055147
v -0.981843 2.062818 -0.077990
v -0.951998 2.062818 0.072053
v -0.951998 2.062818 -0.072053
v -1.036990 2.062818 0.055147
v -0.907734 2.066581 0.074109
v -0.864304 2.032436 0.048686
v -0.885015 2.066581 0.040107
v -1.055952 2.066581 -0.074109
v -1.030529 2.032436 -0.117539
v -1.071804 2.032436 -0.089961
v -0.941736 2.066581 0.096828
v -0.891883 2.032436 0.089961
v -1.021950 2.066581 -0.096828
v -0.981844 2.032436 -0.127223
v -1.021950 2.066581 0.096828
v -0.981844 2.032436 0.127223
v -0.981844 2.066581 0.104806
v -0.933157 2.032436 0.117539
v -0.981844 2.066581 -0.104806
v -0.933157 2.032436 -0.117539
v -1.071804 2.032436 0.089961
v -1.030529 2.032436 0.117539
v -0.941736 2.066581 -0.096828
v -0.891883 2.032436 -0.089961
v -1.078671 2.066581 0.040107
v -1.055952 2.066581 0.074109
v -0.885015 2.066581 -0.040108
v -0.907734 2.066581 -0.074109
v -1.109066 2.032436 0.000000
v -1.099382 2.032436 0.048686
v -0.854620 2.032436 0.000000
v -0.864304 2.032436 -0.048686
v -1.078671 2.066581 -0.040108
v -1.086649 2.066581 0.000000
v -0.877037 2.066581 0.000000
v -1.099382 2.032436 -0.048686
v -1.053896 2.062818 -0.029845
v -0.909790 2.062818 -0.029845
v -1.011688 2.062818 0.072053
v -1.011688 2.062818 -0.072053
v -1.117191 2.038507 0.056063
v -1.147619 2.008155 0.000000
v -1.135000 2.008155 0.063440
v -0.835343 2.038507 0.000000
v -0.828686 2.008155 -0.063440
v -0.846495 2.038507 -0.056063
v -1.117191 2.038507 -0.056063
v -1.128343 2.038507 0.000000
v -0.828686 2.008155 0.063440
v -0.816067 2.008155 0.000000
v -1.099065 2.008155 -0.117222
v -1.135000 2.008155 -0.063440
v -0.878252 2.038507 0.103591
v -0.846495 2.038507 0.056063
v -1.085434 2.038507 -0.103591
v -1.045283 2.008155 -0.153158
v -0.925780 2.038507 0.135348
v -0.864622 2.008155 0.117222
v -1.037906 2.038507 -0.135348
v -0.981844 2.008155 -0.165776
v -1.037906 2.038507 0.135348
v -0.981844 2.008155 0.165777
v -0.981844 2.038507 0.146500
v -0.918403 2.008155 0.153158
v -0.925780 2.038507 -0.135348
v -0.981844 2.038507 -0.146500
v -1.099065 2.008155 0.117222
v -1.045283 2.008155 0.153158
v -0.864622 2.008155 -0.117222
v -0.918403 2.008155 -0.153158
v -1.085434 2.038507 0.103591
v -0.878252 2.038507 -0.103591
v -0.814956 2.006145 0.069127
v -0.821101 1.999828 0.160743
v -0.771823 1.999828 0.086993
v -1.050970 2.006145 -0.166888
v -1.142586 1.999828 -0.160743
v -1.109573 2.006145 -0.127730
v -0.912716 2.006145 0.166888
v -0.854113 2.006145 0.127730
v -0.981844 2.006145 -0.180638
v -1.068836 1.999828 -0.210021
v -0.981844 2.006145 0.180638
v -1.068836 1.999828 0.210021
v -0.981844 1.999828 0.227325
v -0.894850 1.999828 0.210021
v -0.894850 1.999828 -0.210021
v -0.981844 1.999828 -0.227325
v -1.050970 2.006145 0.166888
v -1.142586 1.999828 0.160743
v -0.912716 2.006145 -0.166888
v -0.821101 1.999828 -0.160743
v -1.109573 2.006145 0.127730
v -1.191863 1.999828 0.086993
v -0.854113 2.006145 -0.127730
v -0.771823 1.999828 -0.086993
v -1.148731 2.006145 0.069127
v -1.209167 1.999828 0.000000
v -0.801205 2.006145 0.000000
v -0.814956 2.006145 -0.069127
v -1.148731 2.006145 -0.069127
v -1.162481 2.006145 0.000000
v -0.754519 1.999828 0.000000
v -1.191863 1.999828 -0.086993
v -0.821101 1.968699 -0.160743
v -1.191863 1.968699 0.086993
v -1.209167 1.968699 0.000000
v -0.754519 1.968698 0.000000
v -1.191863 1.968699 -0.086993
v -0.771823 1.968698 0.086993
v -1.142586 1.968699 -0.160743
v -0.821101 1.968698 0.160743
v -1.068836 1.968699 -0.210021
v -0.894850 1.968698 0.210021
v -0.981844 1.968699 -0.227325
v -0.981844 1.968699 0.227325
v -1.142586 1.968699 0.160743
v -0.847158 1.942763 0.055789
v -0.836060 1.919083 0.000000
v -0.836060 1.942763 0.000000
v -0.771823 1.968698 -0.086993
v -0.807075 1.968698 0.000000
v -0.820378 1.968698 -0.066881
v -1.143308 1.968699 -0.066881
v -1.156611 1.968699 0.000000
v -0.858263 1.968698 0.123580
v -0.820378 1.968698 0.066881
v -1.048724 1.968699 -0.161465
v -1.105423 1.968699 -0.123580
v -0.914962 1.968698 0.161465
v -1.048724 1.968699 0.161465
v -0.981844 1.968699 0.174769
v -0.894850 1.968698 -0.210021
v -0.981844 1.968699 -0.174769
v -1.068836 1.968699 0.210021
v -0.914962 1.968699 -0.161465
v -1.143308 1.968699 0.066881
v -1.105423 1.968699 0.123580
v -0.858263 1.968699 -0.123580
v -0.981844 1.942763 0.145783
v -0.926055 1.942763 0.134686
v -0.981844 1.942763 -0.145783
v -1.037632 1.942763 0.134686
v -0.926055 1.942763 -0.134686
v -1.084927 1.942763 0.103084
v -0.878759 1.942763 -0.103084
v -1.116529 1.942763 0.055789
v -0.847158 1.942763 -0.055789
v -1.116529 1.942763 -0.055789
v -1.127626 1.942763 0.000000
v -1.037632 1.942763 -0.134686
v -1.084927 1.942763 -0.103084
v -0.878759 1.942763 0.103084
v -1.013395 1.882405 0.076174
v -1.047297 1.883563 0.065454
v -1.040144 1.882405 0.058301
v -1.116529 1.919083 -0.055789
v -0.878759 1.919083 0.103084
v -0.847158 1.919083 0.055789
v -1.084927 1.919083 -0.103084
v -0.926055 1.919083 0.134686
v -1.037632 1.919083 -0.134686
v -0.981844 1.919083 0.145783
v -0.981844 1.919083 -0.145783
v -1.037632 1.919083 0.134686
v -0.926054 1.919083 -0.134686
v -1.084927 1.919083 0.103084
v -0.878759 1.919083 -0.103084
v -1.116529 1.919083 0.055789
v -0.847158 1.919083 -0.055789
v -1.127626 1.919083 0.000000
v -0.916390 1.919083 -0.065454
v -1.067362 1.919083 0.035423
v -0.896324 1.919083 -0.035423
v -1.067362 1.919083 -0.035423
v -1.074408 1.919083 0.000000
v -0.889278 1.919083 0.000000
v -0.916390 1.919083 0.065454
v -0.896324 1.919083 0.035423
v -1.017266 1.919083 -0.085519
v -1.047297 1.919083 -0.065454
v -0.946420 1.919083 0.085519
v -0.981844 1.919083 -0.092565
v -0.981844 1.919083 0.092566
v -1.017266 1.919083 0.085519
v -0.946420 1.919083 -0.085519
v -1.047297 1.919083 0.065454
v -0.981844 1.883563 0.092566
v -0.946420 1.883563 0.085519
v -0.981844 1.883563 -0.092565
v -1.017266 1.883563 0.085519
v -0.946420 1.883563 -0.085519
v -1.067362 1.883563 0.035423
v -0.916390 1.883563 -0.065454
v -0.896324 1.883563 -0.035423
v -1.074408 1.883563 0.000000
v -0.889278 1.883563 0.000000
v -1.067362 1.883563 -0.035423
v -0.896324 1.883563 0.035423
v -1.047297 1.883563 -0.065454
v -0.916390 1.883563 0.065454
v -1.017266 1.883563 -0.085519
v -0.905669 1.882405 0.031552
v -1.058017 1.882405 -0.031552
v -1.040144 1.882405 -0.058301
v -0.923542 1.882405 0.058301
v -1.013395 1.882405 -0.076174
v -0.950291 1.882405 0.076174
v -0.981843 1.882405 -0.082450
v -0.981843 1.882405 0.082450
v -0.950291 1.882405 -0.076174
v -0.971098 1.786424 0.093101
v -1.006088 1.774576 0.084268
v -0.923542 1.882405 -0.058301
v -1.058017 1.882405 0.031552
v -1.169687 2.218528 0.000000
v -1.169687 2.199735 0.011513
v -1.169687 2.214981 0.017828
v -0.905669 1.882405 -0.031552
v -1.064293 1.882405 0.000000
v -0.899393 1.882405 0.000000
v -0.905965 2.248565 0.031430
v -1.013273 2.248565 0.075878
v -1.039918 2.248565 0.058075
v -1.057721 2.248565 -0.031430
v -1.039918 2.248565 -0.058075
v -0.923769 2.248565 -0.058075
v -0.923769 2.248565 0.058075
v -1.057721 2.248565 0.031430
v -1.013273 2.248565 -0.075878
v -0.905965 2.248565 -0.031430
v -0.950413 2.248565 0.075878
v -1.063973 2.248565 0.000000
v -0.981843 2.248565 -0.082130
v -0.899713 2.248565 0.000000
v -0.981843 2.248565 0.082130
v -0.950413 2.248565 -0.075878
v -0.951891 2.264052 -0.072311
v -1.037187 2.264052 0.055344
v -0.926499 2.264053 -0.055344
v -1.054154 2.264052 0.029952
v -0.909533 2.264053 -0.029952
v -1.060112 2.264052 0.000000
v -0.903575 2.264053 0.000000
v -1.054154 2.264052 -0.029952
v -0.909533 2.264053 0.029952
v -1.037187 2.264052 -0.055344
v -0.926499 2.264053 0.055344
v -1.011795 2.264052 -0.072311
v -0.951891 2.264052 0.072311
v -0.981843 2.264052 -0.078268
v -0.981843 2.264052 0.078268
v -1.011795 2.264052 0.072311
v -0.954798 2.272631 0.065292
v -1.008888 2.272631 -0.065292
v -0.981843 2.272631 -0.070671
v -1.031815 2.272631 0.049972
v -0.954798 2.272631 -0.065292
v -0.931871 2.272631 -0.049972
v -1.052514 2.272631 0.000000
v -0.911172 2.272631 0.000000
v -1.047135 2.272631 -0.027045
v -0.916552 2.272631 0.027045
v -1.031815 2.272631 -0.049972
v -0.958719 2.272631 -0.055827
v -1.024571 2.272631 0.042728
v -0.939115 2.272631 -0.042728
v -1.047135 2.272631 0.027045
v -1.037670 2.272631 0.023124
v -0.926016 2.272631 -0.023124
v -0.916552 2.272631 -0.027045
v -1.042270 2.272631 0.000000
v -0.921417 2.272631 0.000000
v -1.037670 2.272631 -0.023124
v -0.926016 2.272631 0.023124
v -1.024571 2.272631 -0.042728
v -0.939115 2.272631 0.042728
v -0.931871 2.272631 0.049972
v -1.004967 2.272631 -0.055827
v -0.958719 2.272631 0.055827
v -0.981843 2.272631 -0.060427
v -1.008888 2.272631 0.065292
v -0.981843 2.272631 0.070671
v -0.939959 2.293722 0.041884
v -1.004511 2.293722 -0.054724
v -0.981843 2.293722 -0.059233
v -1.004511 2.293722 0.054724
v -0.959176 2.293722 -0.054724
v -1.023727 2.293722 0.041884
v -0.927119 2.293722 -0.022667
v -1.036567 2.293722 0.022667
v -1.041076 2.293722 0.000000
v -0.927119 2.293722 0.022667
v -1.036567 2.293722 -0.022667
v -1.023727 2.293722 -0.041884
v -0.996959 2.293722 0.036494
v -1.009774 2.293722 0.027931
v -0.939959 2.293722 -0.041884
v -0.966727 2.293722 -0.036494
v -0.953912 2.293722 -0.027931
v -1.018337 2.293722 0.015116
v -0.945349 2.293722 -0.015116
v -1.021344 2.293722 0.000000
v -0.942342 2.293722 0.000000
v -0.922610 2.293722 0.000000
v -1.018337 2.293722 -0.015116
v -0.945349 2.293722 0.015116
v -1.009774 2.293722 -0.027931
v -0.953912 2.293722 0.027931
v -0.996959 2.293722 -0.036494
v -0.966727 2.293722 0.036494
v -0.959176 2.293722 0.054724
v -0.981843 2.293722 -0.039501
v -0.981843 2.293722 0.039501
v -1.063387 2.171940 -0.041957
v -1.129328 2.155441 -0.039831
v -1.129328 2.171940 -0.043113
v -1.129328 2.141454 0.030485
v -1.129328 2.132109 0.016499
v -1.129328 2.188439 -0.039831
v -1.129328 2.141454 -0.030485
v -1.129328 2.188439 0.039831
v -1.129328 2.202425 0.030485
v -1.129328 2.155441 0.039831
v -1.129328 2.202425 -0.030485
v -1.129328 2.211771 -0.016499
v -1.063387 2.171940 0.041957
v -1.063387 2.155884 0.038763
v -1.129328 2.171940 0.043113
v -0.950441 2.294114 0.000000
v -1.129328 2.128827 0.000000
v -1.063387 2.129983 0.000000
v -1.063387 2.213897 0.000000
v -1.129328 2.215053 0.000000
v -1.129328 2.132109 -0.016499
v -1.140069 2.229332 0.000000
v -1.140069 2.212522 -0.040582
v -1.140069 2.131358 -0.040582
v -1.129328 2.211771 0.016499
v -1.140069 2.212522 0.040582
v -1.140069 2.224963 -0.021963
v -1.140069 2.149977 -0.053023
v -1.140069 2.171940 0.057392
v -1.140069 2.171940 -0.057392
v -1.140069 2.118917 0.021963
v -1.140069 2.131358 0.040582
v -1.140069 2.118917 -0.021963
v -1.140069 2.149977 0.053023
v -1.140069 2.224963 0.021963
v -1.169687 2.204882 0.032942
v -1.169687 2.154112 0.043041
v -1.169687 2.138998 0.032942
v -1.169687 2.204882 -0.032942
v -1.169687 2.214981 -0.017828
v -1.169687 2.189768 0.043041
v -1.169687 2.171940 0.046588
v -1.169687 2.189768 -0.043041
v -1.169687 2.125352 0.000000
v -1.140069 2.114548 0.000000
v -1.169687 2.154112 -0.043041
v -1.169687 2.128899 -0.017828
v -1.169687 2.171940 -0.046588
v -1.169687 2.128899 0.017828
v -1.140069 2.193903 -0.053023
v -1.169687 2.138998 -0.032942
v -1.140069 2.193903 0.053023
v -1.169687 2.144145 -0.011513
v -1.169687 2.193213 0.021274
v -1.169687 2.150666 0.021274
v -1.169687 2.199735 -0.011513
v -1.169687 2.160427 0.027795
v -1.169687 2.183453 0.027795
v -1.169687 2.193213 -0.021274
v -1.169687 2.144145 0.011513
v -1.169687 2.150666 -0.021274
v -1.169687 2.160427 -0.027795
v -1.169687 2.183453 -0.027795
v -1.169687 2.171940 0.030085
v -1.176940 2.160427 0.027795
v -1.169687 2.141855 0.000000
v -1.176940 2.144145 -0.011513
v -1.176940 2.150666 0.021274
v -1.176940 2.193213 -0.021274
v -1.176940 2.193213 0.021274
v -1.176940 2.144145 0.011513
v -1.176940 2.199735 -0.011513
v -1.176940 2.171940 -0.030085
v -1.169687 2.171940 -0.030085
v -1.176940 2.160427 -0.027795
v -1.176940 2.150666 -0.021274
v -1.176940 2.202025 0.000000
v -1.169687 2.202025 0.000000
v -1.176940 2.183453 -0.027795
v -1.176940 2.199735 0.011513
v -1.176940 2.183453 0.027795
v -1.176940 2.141855 0.000000
v -1.176940 2.171940 0.030085
v -0.981843 2.294114 -0.031402
v -0.981843 2.294114 0.031402
v -0.970326 2.294114 0.027805
v -0.959638 2.294114 -0.022205
v -0.970326 2.294114 -0.027805
v -0.993361 2.294114 -0.027805
v -0.954038 2.294114 -0.011517
v -0.959638 2.294114 0.022205
v -0.954038 2.294114 0.011517
v -1.013245 2.294114 0.000000
v -1.009649 2.294114 0.011517
v -1.004048 2.294114 -0.022205
v -1.009649 2.294114 -0.011517
v -1.004048 2.294114 0.022205
v -0.993361 2.294114 0.027805
v -0.981843 2.313323 0.034311
v -0.947532 2.313323 0.000000
v -0.957582 2.313323 0.024262
v -1.006105 2.294114 -0.024262
v 0.993974 2.313323 -0.029286
v 1.006105 2.294114 -0.024262
v 0.993974 2.294114 -0.029286
v 1.011129 2.313323 -0.012131
v 1.006105 2.313323 -0.024262
v 0.981843 2.313323 0.000000
v 0.981843 2.313323 -0.034311
v 0.952557 2.313323 0.012131
v 0.957582 2.313323 0.024262
v 0.947532 2.313323 0.000000
v 0.952557 2.313323 -0.012131
v 0.957582 2.313323 -0.024262
v 0.969712 2.313323 -0.029286
v 0.921779 2.171940 0.060064
v 0.923189 2.147024 0.058655
v 0.923189 2.196856 0.058655
v 0.927065 2.217764 0.054778
v 0.921779 2.171940 -0.060064
v 0.923189 2.147024 -0.058655
v 0.927065 2.126116 -0.054778
v 0.923189 2.196856 -0.058655
v 0.904375 2.217764 0.000000
v 0.910272 2.217764 -0.029646
v 0.904375 2.126116 0.000000
v 0.910272 2.126116 0.029646
v 0.927065 2.126116 0.054778
v 0.910272 2.126116 -0.029646
v 0.910272 2.217764 0.029646
v 0.927065 2.217764 -0.054778
v 1.011489 2.217764 0.071571
v 1.028820 2.248565 0.046977
v 1.007267 2.248565 0.061379
v 1.024878 2.090225 0.043034
v 1.053414 2.126116 0.029646
v 1.036621 2.126116 0.054778
v 1.011489 2.126116 0.071571
v 1.053414 2.217764 0.029646
v 1.048278 2.248565 0.000000
v 1.043221 2.248565 0.025424
v 1.042703 2.090225 0.000000
v 1.059311 2.126116 0.000000
v 1.053414 2.217764 -0.029646
v 1.043221 2.248565 -0.025424
v 1.053414 2.126116 -0.029646
v 1.036621 2.217764 -0.054778
v 1.028820 2.248565 -0.046977
v 1.024878 2.090225 -0.043034
v 1.036621 2.126116 -0.054778
v 1.011489 2.217764 -0.071571
v 1.007267 2.248565 -0.061379
v 1.011489 2.126116 -0.071571
v 0.981843 2.217764 -0.077468
v 0.981843 2.248565 -0.066436
v 0.981843 2.090225 -0.060860
v 0.981843 2.126116 -0.077468
v 0.958553 2.090225 -0.056227
v 0.952197 2.126116 -0.071571
v 0.956419 2.248565 -0.061379
v 0.938809 2.090225 -0.043034
v 0.934866 2.248565 -0.046977
v 0.920983 2.090225 0.000000
v 0.920465 2.248565 -0.025424
v 0.915408 2.248565 0.000000
v 0.938809 2.090225 0.043034
v 0.920465 2.248565 0.025424
v 0.958553 2.090225 0.056227
v 0.952197 2.126116 0.071571
v 0.934866 2.248565 0.046977
v 0.981843 2.126116 0.077468
v 0.956419 2.248565 0.061379
v 0.952197 2.217764 0.071571
v 0.981843 2.248565 0.066436
v 0.981843 2.147024 0.082950
v 1.013587 2.147024 0.076636
v 0.981843 2.171940 0.084943
v 1.014349 2.171940 0.078477
v 0.981843 2.196856 0.082950
v 1.013587 2.196856 0.076636
v 0.981843 2.217764 0.077468
v 1.040498 2.147024 0.058655
v 1.040498 2.196856 0.058655
v 1.036621 2.217764 0.054778
v 1.064793 2.147024 0.000000
v 1.060321 2.171940 0.032506
v 1.058479 2.147024 0.031743
v 1.041907 2.171940 0.060064
v 1.041907 2.171940 -0.060064
v 1.058479 2.196856 -0.031744
v 1.060321 2.171940 -0.032507
v 1.040498 2.196856 -0.058654
v 1.058479 2.147024 -0.031744
v 1.059311 2.217764 0.000000
v 1.064793 2.196856 0.000000
v 1.066787 2.171940 0.000000
v 1.058479 2.196856 0.031743
v 1.013587 2.147024 -0.076636
v 1.040498 2.147024 -0.058654
v 1.014349 2.171940 -0.078477
v 1.013587 2.196856 -0.076636
v 0.981843 2.147024 -0.082950
v 0.981843 2.196856 -0.082950
v 0.950100 2.147024 -0.076636
v 0.981843 2.171940 -0.084943
v 0.950100 2.196856 -0.076636
v 0.952197 2.217764 -0.071571
v 0.949337 2.171940 -0.078477
v 0.950100 2.147024 0.076636
v 0.950100 2.196856 0.076636
v 0.949337 2.171940 0.078477
v 1.004967 2.293722 0.055827
v 0.981843 2.275771 0.060427
v 1.004967 2.275771 0.055827
v 1.053881 2.090225 -0.029839
v 1.038070 2.090225 -0.023290
v 0.925616 2.090225 0.023290
v 0.926708 2.090225 0.055135
v 1.011682 2.090225 -0.072038
v 1.005133 2.090225 -0.056227
v 0.981843 2.090225 0.060860
v 1.011682 2.090225 0.072038
v 1.005133 2.090225 0.056227
v 0.952004 2.090225 0.072038
v 0.981843 2.090225 -0.077973
v 0.926708 2.090225 -0.055135
v 1.053881 2.090225 0.029839
v 1.038070 2.090225 0.023290
v 0.925616 2.090225 -0.023290
v 0.903870 2.090225 0.000000
v 0.909806 2.090225 0.029839
v 0.851636 1.972937 0.000000
v 0.861547 1.972937 -0.049828
v 0.981843 1.972937 0.000000
v 0.889773 1.972937 -0.092070
v 1.112050 1.972937 0.000000
v 1.102139 1.972937 0.049828
v 1.102139 1.972937 -0.049828
v 0.861547 1.972937 0.049828
v 0.889773 1.972937 0.092071
v 1.073913 1.972937 -0.092070
v 0.932015 1.972937 0.120296
v 1.031671 1.972937 -0.120296
v 0.981843 1.972937 0.130207
v 0.981843 1.972937 -0.130207
v 1.031671 1.972937 0.120296
v 0.932015 1.972937 -0.120296
v 1.073913 1.972937 0.092071
v 1.088006 1.743794 -0.106163
v 1.039298 1.743794 -0.138709
v 0.875680 1.743794 -0.106163
v 0.843134 1.743794 -0.057455
v 0.981843 1.743794 -0.150138
v 0.924388 1.743794 -0.138709
v 1.039298 1.743794 0.138709
v 1.088006 1.743794 0.106163
v 1.120552 1.743794 0.057455
v 0.831706 1.743794 0.000000
v 1.120552 1.743794 -0.057455
v 0.875680 1.743794 0.106163
v 0.843134 1.743794 0.057455
v 0.981843 1.743794 0.150138
v 0.924388 1.743794 0.138709
v 1.131981 1.743794 0.000000
v 1.186328 1.743794 0.084701
v 0.760510 1.743794 0.000000
v 0.777358 1.743794 0.084701
v 0.981843 1.743794 -0.221333
v 0.897142 1.743794 -0.204485
v 1.066543 1.743794 -0.204485
v 0.825337 1.743794 -0.156506
v 0.777358 1.743794 -0.084701
v 1.186328 1.743794 -0.084701
v 1.138349 1.743794 -0.156506
v 1.066543 1.743794 0.204486
v 1.138349 1.743794 0.156506
v 1.203176 1.743794 0.000000
v 0.825337 1.743794 0.156506
v 0.897142 1.743794 0.204486
v 0.981843 1.743794 0.221333
v 1.275354 1.872386 0.000000
v 1.253989 1.837613 0.112727
v 1.276413 1.837613 0.000000
v 0.809019 1.907230 0.174853
v 0.869521 1.872386 0.271169
v 0.888768 1.907230 0.228140
v 0.869521 1.872386 -0.271169
v 0.773551 1.837613 -0.208292
v 0.774300 1.872386 -0.207544
v 0.888768 1.907230 -0.226071
v 0.981843 1.872386 -0.293511
v 1.209943 1.907230 -0.093036
v 1.253011 1.872386 -0.112322
v 0.774300 1.872386 0.207544
v 0.869116 1.837613 0.272147
v 1.189386 1.872386 -0.207544
v 1.253989 1.837613 -0.112727
v 1.190135 1.837613 -0.208292
v 1.156656 1.907230 -0.172784
v 0.710675 1.872386 -0.112322
v 0.709696 1.837613 -0.112727
v 0.755733 1.907230 0.095105
v 0.687274 1.837613 0.000000
v 0.688332 1.872386 0.000000
v 0.982838 1.907230 0.246851
v 1.094164 1.872386 0.271169
v 1.076907 1.907230 0.228140
v 1.094164 1.872386 -0.271169
v 0.981843 1.837613 -0.294570
v 1.189386 1.872386 0.207544
v 1.156656 1.907230 0.174853
v 0.981843 1.837613 0.294570
v 0.981843 1.872386 0.293511
v 1.209943 1.907230 0.095105
v 1.253011 1.872386 0.112322
v 0.809019 1.907230 -0.172784
v 0.755733 1.907230 -0.093036
v 0.710675 1.872386 0.112322
v 0.773551 1.837613 0.208292
v 1.076907 1.907230 -0.226071
v 0.869116 1.837613 -0.272147
v 0.737021 1.907230 0.001034
v 1.094569 1.837613 -0.272147
v 1.228655 1.907230 0.001034
v 1.190135 1.837613 0.208292
v 1.094569 1.837613 0.272147
v 0.982838 1.907230 -0.244782
v 0.709696 1.837613 0.112727
v 1.075913 2.006349 0.227105
v 1.208948 2.006349 0.094070
v 1.227660 2.006349 0.000000
v 0.887773 2.006349 0.227105
v 1.155662 2.006349 0.173819
v 1.208948 2.006349 -0.094070
v 0.754738 2.006349 -0.094070
v 1.155662 2.006349 -0.173819
v 0.981843 2.006349 -0.245817
v 0.887773 2.006349 -0.227105
v 0.808025 2.006349 0.173819
v 0.754738 2.006349 0.094070
v 0.808025 2.006349 -0.173819
v 1.075913 2.006349 -0.227105
v 0.736026 2.006349 0.000000
v 0.981843 2.006349 0.245817
v 1.025905 2.006349 -0.106377
v 0.875467 2.006349 0.044063
v 0.900426 2.006349 0.081417
v 1.096984 2.006349 0.000000
v 1.088219 2.006349 -0.044063
v 1.063260 2.006349 -0.081417
v 0.937780 2.006349 -0.106377
v 0.900426 2.006349 -0.081417
v 0.875467 2.006349 -0.044063
v 1.063260 2.006349 0.081417
v 1.088219 2.006349 0.044063
v 0.981843 2.006349 0.115141
v 1.025905 2.006349 0.106377
v 0.937780 2.006349 0.106377
v 0.866702 2.006349 0.000000
v 0.981843 2.006349 -0.115141
v 0.956469 2.069628 -0.061258
v 0.934958 2.069628 -0.046885
v 0.920585 2.069628 0.025374
v 0.934958 2.069628 0.046885
v 1.028728 2.069628 0.046885
v 1.043101 2.069628 0.025374
v 1.007217 2.069628 -0.061258
v 0.920585 2.069628 -0.025374
v 0.956469 2.069628 0.061258
v 1.048148 2.069628 0.000000
v 0.981843 2.069628 0.066305
v 0.915538 2.069628 0.000000
v 0.981843 2.069628 -0.066305
v 1.043101 2.069628 -0.025374
v 1.007217 2.069628 0.061258
v 1.028728 2.069628 -0.046885
v 0.953183 2.074260 -0.069192
v 0.928886 2.074260 -0.052957
v 1.034800 2.074260 -0.052957
v 1.036978 2.090225 -0.055135
v 1.036978 2.090225 0.055135
v 1.010503 2.074260 0.069192
v 1.034800 2.074260 0.052957
v 0.912651 2.074260 0.028660
v 0.952004 2.090225 -0.072038
v 0.981843 2.074260 -0.074893
v 0.981843 2.074260 0.074893
v 0.981843 2.090225 0.077973
v 1.059816 2.090225 0.000000
v 1.051035 2.074260 -0.028660
v 0.909806 2.090225 -0.029839
v 0.906950 2.074260 0.000000
v 1.051035 2.074260 0.028660
v 1.056736 2.074260 0.000000
v 0.953183 2.074260 0.069192
v 0.912651 2.074260 -0.028660
v 1.010503 2.074260 -0.069192
v 0.928886 2.074260 0.052957
v 0.905965 2.248565 0.031430
v 1.013273 2.248565 0.075878
v 1.057721 2.248565 -0.031430
v 0.923769 2.248565 -0.058075
v 0.923769 2.248565 0.058075
v 1.057721 2.248565 0.031430
v 1.013273 2.248565 -0.075878
v 1.063973 2.248565 0.000000
v 0.981843 2.248565 -0.082130
v 0.905965 2.248565 -0.031430
v 0.981843 2.248565 0.082130
v 0.951683 2.264052 -0.072812
v 0.950413 2.248565 -0.075878
v 1.037571 2.264052 0.055728
v 1.039918 2.248565 0.058075
v 0.926115 2.264052 -0.055728
v 0.909031 2.264052 -0.030160
v 1.060654 2.264052 0.000000
v 0.903032 2.264052 0.000000
v 0.899713 2.248565 0.000000
v 1.054655 2.264052 -0.030160
v 0.909031 2.264052 0.030160
v 1.037571 2.264052 -0.055728
v 1.039918 2.248565 -0.058075
v 0.926115 2.264052 0.055728
v 0.950413 2.248565 0.075878
v 0.981843 2.264052 -0.078811
v 0.981843 2.264052 0.078811
v 0.958719 2.275771 0.055827
v 0.951683 2.264052 0.072812
v 0.958719 2.275771 -0.055827
v 1.054655 2.264052 0.030160
v 1.024571 2.275771 0.042728
v 0.939115 2.275771 -0.042728
v 1.042270 2.275771 0.000000
v 0.926016 2.275771 -0.023124
v 0.921417 2.275771 0.000000
v 1.024571 2.275771 -0.042728
v 0.939115 2.275771 0.042728
v 1.004967 2.275771 -0.055827
v 1.012003 2.264052 -0.072812
v 0.981843 2.275771 -0.060427
v 1.012003 2.264052 0.072812
v 0.958719 2.293722 0.055827
v 0.981843 2.293722 -0.060427
v 0.981843 2.293722 0.060427
v 0.958719 2.293722 -0.055827
v 1.024571 2.293722 0.042728
v 0.939115 2.293722 -0.042728
v 1.037670 2.293722 0.023124
v 1.037670 2.275771 0.023124
v 0.926016 2.293722 -0.023124
v 1.042270 2.293722 0.000000
v 0.921417 2.293722 0.000000
v 1.037670 2.293722 -0.023124
v 1.037670 2.275771 -0.023124
v 0.926016 2.293722 0.023124
v 0.926016 2.275771 0.023124
v 1.024571 2.293722 -0.042728
v 0.939115 2.293722 0.042728
v 1.004967 2.293722 -0.055827
v 0.981843 2.294114 -0.034311
v 1.016154 2.313323 0.000000
v 1.011129 2.313323 0.012131
v 1.006105 2.313323 0.024262
v 0.993974 2.313323 0.029286
v 0.981843 2.313323 0.034311
v 0.969712 2.313323 0.029286
v 0.957582 2.294114 -0.024262
v 0.969712 2.294114 -0.029286
v 0.947532 2.294114 0.000000
v 0.952557 2.294114 -0.012131
v 0.957582 2.294114 0.024262
v 0.952557 2.294114 0.012131
v 0.981843 2.294114 0.034311
v 0.969712 2.294114 0.029286
v 1.006105 2.294114 0.024262
v 0.993974 2.294114 0.029286
v 1.016154 2.294114 0.000000
v 1.011129 2.294114 0.012131
v 1.011129 2.294114 -0.012131
v 0.239737 0.556552 0.899297
v 0.226728 0.524636 0.940765
v 0.226192 0.516327 0.933029
v -0.760441 1.632081 0.129737
v -0.796378 1.690484 0.108870
v -0.811390 1.639112 0.116875
v -0.754189 1.691384 0.119746
v -0.783503 1.734245 0.083564
v -0.748244 1.741704 0.091268
v -0.774767 1.763398 0.045198
v -0.742478 1.775831 0.049817
v -0.771685 1.773594 0.000000
v -0.742474 1.775872 -0.049740
v -0.740895 1.787985 -0.000001
v -0.748407 1.741701 -0.091249
v -0.774746 1.763401 -0.045203
v -0.754185 1.691481 -0.119716
v -0.783525 1.734250 -0.083563
v -0.760446 1.632082 -0.129737
v -0.796394 1.690489 -0.108871
v -0.766336 1.572476 -0.119520
v -0.811402 1.639115 -0.116876
v -0.837848 1.547185 -0.079851
v -0.826031 1.588604 -0.106411
v -0.770974 1.522438 -0.090861
v -0.845221 1.520768 -0.042571
v -0.773777 1.489674 -0.048995
v -0.847745 1.511647 0.000000
v -0.773776 1.489678 0.049001
v -0.774731 1.478208 -0.000001
v -0.770969 1.522455 0.090872
v -0.845221 1.520767 0.042571
v -0.766326 1.572511 0.119530
v -0.837845 1.547184 0.079851
v -0.826024 1.588602 0.106411
v -0.928518 1.597828 0.075455
v -0.906917 1.630677 0.100625
v -0.995519 1.672849 0.069930
v -0.968101 1.694457 0.093303
v -1.034383 1.764950 0.063137
v -1.052428 1.758796 0.033767
v -0.942145 1.576857 0.040256
v -1.012953 1.659097 0.037343
v -1.058711 1.756570 0.000000
v -0.946905 1.569644 0.000000
v -1.019007 1.654321 0.000000
v -1.052423 1.758774 -0.033768
v -0.942145 1.576857 -0.040256
v -1.012953 1.659097 -0.037343
v -1.034382 1.764946 -0.063137
v -0.928522 1.597830 -0.075455
v -0.995519 1.672849 -0.069930
v -1.006086 1.774568 -0.084270
v -0.906925 1.630682 -0.100624
v -0.968095 1.694448 -0.093304
v -0.971095 1.786415 -0.093107
v -0.880267 1.670811 -0.110673
v -0.934101 1.720699 -0.102838
v -0.934882 1.798676 -0.087400
v -0.852877 1.711679 -0.103236
v -0.899174 1.747630 -0.096189
v -0.903526 1.809350 -0.067627
v -0.829414 1.746564 -0.079351
v -0.869154 1.770774 -0.074155
v -0.882313 1.816643 -0.036858
v -0.813674 1.769868 -0.042976
v -0.848967 1.786362 -0.040285
v -0.874786 1.819267 0.000049
v -0.808139 1.778037 0.000000
v -0.841848 1.791881 0.000000
v -0.882328 1.816633 0.036860
v -0.813672 1.769870 0.042955
v -0.848970 1.786355 0.040273
v -0.903538 1.809338 0.067609
v -0.829437 1.746569 0.079340
v -0.869172 1.770772 0.074137
v -0.934888 1.798680 0.087385
v -0.852894 1.711688 0.103231
v -0.899186 1.747640 0.096177
v -0.880254 1.670803 0.110674
v -0.934111 1.720711 0.102834
v -0.762346 1.806989 0.061181
v -0.762346 1.448865 -0.061181
v -0.762346 1.806989 -0.061181
v -0.762346 1.448865 0.061181
v -0.762346 1.764975 -0.113048
v -0.762346 1.490879 0.113048
v -0.762346 1.702097 -0.147704
v -0.762346 1.553757 0.147704
v -0.762346 1.627928 0.159874
v -0.762346 1.627928 -0.159874
v -0.762346 1.702097 0.147704
v -0.762346 1.553757 -0.147704
v -0.762346 1.764975 0.113048
v -0.762346 1.490879 -0.113048
v -1.010625 1.865414 -0.069266
v -0.953137 1.864624 -0.069296
v -0.953137 1.864624 0.069296
v -0.726093 1.628323 0.120222
v -0.796361 1.686162 0.098187
v -0.725415 1.685272 0.110811
v -0.783887 1.726302 0.075119
v -0.724830 1.733277 0.084509
v -0.775184 1.752730 0.040481
v -0.724416 1.765184 0.045612
v -0.772042 1.761898 0.000000
v -0.724260 1.776374 0.000000
v -0.724415 1.765184 -0.045612
v -0.775168 1.752732 -0.040485
v -0.724831 1.733277 -0.084509
v -0.783904 1.726306 -0.075117
v -0.725416 1.685272 -0.110812
v -0.796375 1.686167 -0.098188
v -0.726093 1.628324 -0.120222
v -0.810543 1.638871 -0.105433
v -0.726762 1.571272 -0.111035
v -0.837787 1.548176 -0.078581
v -0.727462 1.522802 -0.085075
v -0.845132 1.522215 -0.041579
v -0.727849 1.490836 -0.045849
v -0.847596 1.513406 0.000055
v -0.727981 1.479710 0.000003
v -0.727849 1.490836 0.045849
v -0.845132 1.522215 0.041579
v -0.727462 1.522802 0.085075
v -0.837788 1.548177 0.078581
v -0.726762 1.571272 0.111035
v -0.810532 1.638868 0.105432
v -0.927978 1.599134 0.073754
v -0.824065 1.592387 0.095732
v -0.994494 1.673809 0.068150
v -0.903641 1.633896 0.089456
v -1.028918 1.765447 0.059276
v -0.963744 1.696398 0.082098
v -1.034888 1.865644 0.053028
v -1.001365 1.774728 0.077596
v -0.941346 1.578696 0.039032
v -1.011458 1.660401 0.036086
v -1.047183 1.759257 0.032002
v -1.051126 1.865773 0.028730
v -0.945867 1.571739 -0.000044
v -1.017226 1.655817 0.000060
v -1.053557 1.757091 0.000000
v -1.056846 1.865814 0.000000
v -0.941346 1.578696 -0.039032
v -1.011458 1.660401 -0.036086
v -1.047183 1.759257 -0.032002
v -0.927977 1.599133 -0.073755
v -0.994493 1.673807 -0.068150
v -1.028918 1.765447 -0.059276
v -1.051126 1.865773 -0.028730
v -0.824071 1.592388 -0.095732
v -0.903648 1.633901 -0.089455
v -0.963738 1.696390 -0.082099
v -1.001365 1.774728 -0.077596
v -1.034888 1.865644 -0.053028
v -0.879376 1.670308 -0.098663
v -0.969024 1.785471 -0.083996
v -0.933311 1.719773 -0.090733
v -0.854192 1.707187 -0.092070
v -0.901800 1.743552 -0.084984
v -0.936424 1.796006 -0.077613
v -0.832244 1.738541 -0.070628
v -0.874337 1.763818 -0.065490
v -0.908600 1.804659 -0.059318
v -0.928775 1.864107 -0.053003
v -0.817295 1.759197 -0.038169
v -0.855699 1.777216 -0.035563
v -0.889991 1.810189 -0.032058
v -0.912531 1.863670 -0.028661
v -0.811965 1.766376 0.000000
v -0.849073 1.781916 0.000000
v -0.883446 1.812077 0.000000
v -0.906839 1.863497 0.000000
v -0.817294 1.759196 0.038150
v -0.855705 1.777206 0.035554
v -0.889991 1.810189 0.032058
v -0.832263 1.738544 0.070617
v -0.874351 1.763812 0.065472
v -0.908600 1.804659 0.059318
v -0.912531 1.863670 0.028661
v -0.854207 1.707195 0.092065
v -0.901811 1.743560 0.084973
v -0.936425 1.796006 0.077613
v -0.928775 1.864107 0.053003
v -0.879364 1.670300 0.098664
v -0.933319 1.719783 0.090729
v -0.969024 1.785471 0.083996
v -1.010625 1.865414 0.069266
v -0.721715 1.754707 0.106393
v -0.721715 1.501147 -0.106393
v -0.721724 1.793969 0.057773
v -0.721724 1.461886 -0.057773
v -0.721724 1.793969 -0.057773
v -0.721724 1.461886 0.057773
v -0.721715 1.754707 -0.106393
v -0.721715 1.501147 0.106393
v -0.721701 1.696404 -0.138619
v -0.721701 1.559450 0.138620
v -0.721695 1.627928 -0.149885
v -0.721695 1.627928 0.149885
v -0.721701 1.696404 0.138620
v -0.721701 1.559450 -0.138619
v -0.759268 1.627928 0.169528
v -0.759268 1.627928 -0.169528
v -0.759195 1.705247 0.156818
v -0.759195 1.550607 -0.156818
v -0.758998 1.771140 0.120426
v -0.758998 1.484714 -0.120426
v -0.721725 1.807852 0.000000
v -0.758760 1.815579 0.065432
v -0.721725 1.448002 0.000000
v -0.758760 1.440275 -0.065432
v -0.758760 1.815579 -0.065432
v -0.758760 1.440275 0.065432
v -0.758998 1.771140 -0.120426
v -0.758998 1.484714 0.120426
v -0.759195 1.705247 -0.156818
v -0.759195 1.550607 0.156818
v -0.762346 1.821742 0.000000
v -0.758647 1.831313 0.000000
v -0.762346 1.434112 0.000000
v -0.758647 1.424541 0.000000
v -1.193585 2.179193 0.010179
v -1.177358 2.170896 0.014338
v -1.177358 2.181075 0.010121
v -1.193585 2.158834 -0.010179
v -1.177358 2.156500 -0.000058
v -1.193585 2.154618 0.000000
v -1.193585 2.169014 0.014396
v -1.177358 2.160716 0.010121
v -1.177358 2.170896 -0.014454
v -1.193585 2.169014 -0.014396
v -1.177358 2.160716 -0.010238
v -1.193585 2.179193 -0.010179
v -1.193585 2.183409 0.000000
v -1.177358 2.185291 -0.000058
v -1.177358 2.181075 -0.010238
v -1.193585 2.158834 0.010179
v -1.558043 0.167533 -0.264670
v -1.584047 0.151856 -0.332673
v -1.597233 0.152323 -0.334025
v -1.549685 0.139809 -0.263033
v -1.468120 0.172939 -0.275219
v -1.555901 0.143712 -0.251760
v -1.452434 0.165151 -0.372371
v -1.453858 0.154642 -0.369102
v -1.536537 0.125685 -0.404992
v -1.459177 0.173450 -0.369902
v -1.594692 0.089766 -0.329676
v -1.526818 0.102710 -0.400898
v -1.582976 0.081786 -0.325372
v -1.488280 0.077712 -0.235248
v -1.492928 0.012844 -0.275049
v -1.490213 0.024752 -0.280038
v -1.459658 0.167951 -0.268968
v -1.543809 0.121349 -0.246097
v -1.458132 0.157488 -0.268613
v -1.443392 0.143955 -0.364755
v -1.441035 0.134635 -0.359542
v -1.443948 0.141728 -0.259133
v -1.510488 0.083181 -0.221113
v -1.499976 0.080540 -0.218554
v -1.203289 0.072434 0.007310
v -1.159596 0.141207 -0.034906
v -1.170320 0.146541 -0.041263
v -1.490295 0.169020 -0.294374
v -1.545865 0.144042 -0.274742
v -1.546771 0.154050 -0.280081
v -1.483983 0.143311 -0.349823
v -1.484449 0.162236 -0.290961
v -1.552878 0.131951 -0.251256
v -1.595257 0.103634 -0.331686
v -1.549105 0.135827 -0.263063
v -1.585474 0.113976 -0.331332
v -1.550375 0.126787 -0.243843
v -1.467710 0.172539 -0.275906
v -1.462212 0.150325 -0.361079
v -1.484474 0.162974 -0.292473
v -1.478642 0.171539 -0.286177
v -1.493948 0.079181 -0.244721
v -1.496365 0.032297 -0.287609
v -1.449576 0.151142 -0.264858
v -1.516155 0.084651 -0.230587
v -1.429471 0.012458 -0.335400
v -1.491184 -0.000947 -0.267415
v -1.437708 0.017130 -0.345582
v -1.406612 0.107430 -0.339820
v -1.397563 0.107742 -0.338973
v -1.187179 0.066801 -0.021813
v -1.172526 0.022159 -0.038843
v -1.182105 0.026840 -0.047648
v -0.947608 0.113098 -0.024285
v -0.895104 0.123903 -0.016803
v -0.895104 0.111378 -0.011960
v -1.607397 0.142890 -0.334523
v -1.481847 0.188091 -0.283363
v -1.551852 0.163830 -0.275929
v -1.470433 0.174250 -0.363447
v -1.489321 0.179918 -0.291276
v -1.533748 0.112110 -0.409022
v -1.572672 0.114428 -0.330126
v -1.528393 0.121487 -0.375236
v -1.532508 0.131789 -0.381002
v -1.563314 0.106185 -0.327714
v -1.534230 0.114276 -0.276243
v -1.554598 0.094216 -0.324344
v -1.535736 0.126364 -0.276147
v -1.542734 0.132052 -0.274193
v -1.465294 0.134324 -0.349131
v -1.484213 0.134467 -0.286818
v -1.480720 0.148983 -0.290290
v -1.462683 0.131917 -0.283586
v -1.513658 0.084088 -0.241426
v -1.460476 0.146119 -0.280214
v -1.177775 0.067617 -0.010014
v -1.167838 0.111487 -0.045953
v -1.157977 0.116419 -0.038290
v -1.599875 0.118431 -0.332381
v -1.537811 0.137957 -0.393536
v -1.586923 0.118544 -0.331114
v -1.575723 0.142176 -0.331316
v -1.479502 0.166940 -0.356728
v -1.462056 0.148916 -0.361433
v -1.536703 0.118654 -0.256469
v -1.462385 0.144815 -0.273698
v -1.467650 0.143644 -0.354344
v -1.490777 0.078274 -0.224409
v -1.457054 0.122503 -0.277862
v -1.504460 0.081823 -0.247280
v -1.417330 0.102771 -0.333886
v -1.478988 0.020424 -0.272268
v -1.429422 0.029163 -0.315192
v -1.443278 0.033511 -0.327426
v -1.537090 0.145632 -0.381848
v -1.471709 0.177740 -0.364089
v -1.483680 0.179462 -0.357461
v -1.576987 0.128546 -0.330699
v -1.475376 0.164042 -0.283083
v -1.472398 0.189265 -0.275300
v -1.535952 0.133680 -0.393357
v -1.569377 0.084109 -0.323224
v -1.508482 0.031404 -0.293830
v -1.520117 0.023054 -0.295492
v -1.489066 0.011232 -0.272835
v -1.444431 0.026889 -0.339447
v -1.177503 -0.000058 -0.030206
v -1.188326 0.071617 0.010805
v -1.170507 0.011019 -0.031585
v -1.178005 0.069610 0.003601
v -1.568201 0.158582 -0.352688
v -1.523124 0.167916 -0.370283
v -1.477997 0.185775 -0.316766
v -1.455856 0.151966 -0.272514
v -1.423131 0.096577 -0.324383
v -1.488604 0.044375 -0.248915
v -1.178471 0.116802 -0.052113
v -1.212464 0.069573 -0.017914
v -1.183711 0.129262 -0.053331
v -1.560853 0.153324 -0.247536
v -1.561734 0.163132 -0.252889
v -1.522439 0.102460 -0.387531
v -1.491913 0.038730 -0.240180
v -1.488143 0.077518 -0.224995
v -1.201309 0.067609 -0.024985
v -1.213528 0.071573 -0.004623
v -1.466771 0.183205 -0.271936
v -1.481030 0.155611 -0.353682
v -1.525962 0.111489 -0.362731
v -1.516660 0.003589 -0.282917
v -1.523779 0.011708 -0.291160
v -1.449235 0.121477 -0.268329
v -1.180360 0.141588 -0.048872
v -1.099215 0.151844 -0.101146
v -0.945932 0.125688 -0.028763
v -1.099339 0.139453 -0.107021
v -1.608428 0.128679 -0.333821
v -1.154350 0.128721 -0.034155
v -0.946552 0.138284 -0.023928
v -1.125878 0.135587 -0.067980
v -1.129697 0.148471 -0.071101
v -0.950586 0.107894 -0.013252
v -0.895104 0.106262 -0.000464
v -0.953309 0.125647 0.002931
v -0.895104 0.111561 0.011027
v -0.895104 0.124069 0.015918
v -0.952176 0.138318 -0.001389
v -0.895104 0.141784 -0.000347
v -0.949146 0.143511 -0.012512
v -1.098137 0.150142 -0.076011
v -1.097313 0.136977 -0.071694
v -1.098709 0.156266 -0.088252
v -1.136720 0.154420 -0.081768
v -1.143185 0.149969 -0.093296
v -1.098400 0.120239 -0.090395
v -1.098992 0.126356 -0.102497
v -1.141656 0.124877 -0.095425
v -1.145217 0.137726 -0.098907
v -1.134679 0.118947 -0.084949
v -1.128345 0.123395 -0.073479
v -0.953156 0.113141 -0.002082
v -1.097930 0.124679 -0.077688
v -0.895104 0.136676 0.011267
v -1.483948 0.011588 -0.321031
v -1.503596 0.003921 -0.276040
v -1.452629 0.103018 -0.369025
v -1.446474 0.127954 -0.352807
v -1.457322 0.105171 -0.357119
v -1.477605 0.019211 -0.313220
v -1.495963 0.012285 -0.325889
v -1.507482 0.031674 -0.318746
v -1.479879 0.030491 -0.306962
v -1.488865 0.038610 -0.305944
v -1.461881 0.056261 -0.352670
v -1.455565 0.103509 -0.378567
v -1.458684 0.049581 -0.362142
v -1.464303 0.045517 -0.371965
v -1.464955 0.106314 -0.380280
v -1.475214 0.109976 -0.373372
v -1.452163 0.150454 -0.365391
v -1.485586 0.051833 -0.372810
v -1.475446 0.046450 -0.376383
v -1.488783 0.058512 -0.363338
v -1.483165 0.062576 -0.353515
v -1.479798 0.112377 -0.361771
v -1.466833 0.108873 -0.350037
v -1.476113 0.111926 -0.352056
v -1.472022 0.061643 -0.349096
v -1.500059 0.039004 -0.310860
v -1.456522 0.127825 -0.348494
v -1.295444 1.895023 0.039138
v -1.389117 1.915571 0.064078
v -1.302614 1.885605 0.033527
v -1.291043 1.906953 -0.062587
v -1.298797 1.896552 -0.062195
v -1.382196 1.935561 -0.082703
v -1.384727 1.922694 -0.080292
v -1.387521 1.926873 0.071386
v -1.295865 1.908200 0.038735
v -1.382238 1.939008 0.069017
v -1.291680 1.918807 -0.057028
v -1.377255 1.945583 -0.075418
v -1.321361 1.907857 0.018604
v -1.380203 1.917632 0.040726
v -1.374938 1.929713 0.038346
v -1.319685 1.911917 -0.042265
v -1.320959 1.894623 0.018995
v -1.373963 1.925850 -0.049598
v -1.319078 1.899974 -0.047843
v -1.539501 0.158311 -0.377675
v -1.314172 1.917333 0.024228
v -1.373358 1.940964 0.045643
v -1.311905 1.922406 -0.042639
v -1.371434 1.938712 -0.052010
v -1.386081 1.911759 0.051381
v -1.313189 1.885423 0.025180
v -1.310418 1.893636 -0.056093
v -1.383363 1.914522 -0.069596
v -1.303617 1.917459 0.032563
v -1.376377 1.944830 0.058351
v -1.300313 1.925234 -0.048759
v -1.372798 1.946887 -0.062705
v -1.263335 2.167640 0.000000
v -1.420379 0.092136 -0.316749
v -1.261715 2.163747 -0.010179
v -1.253891 2.144951 0.010179
v -1.252271 2.141059 0.000000
v -1.257803 2.154349 -0.014396
v -1.253891 2.144951 -0.010179
v -1.261715 2.163747 0.010179
v -1.257803 2.154349 0.014396
v -1.326833 2.116180 0.000000
v -1.315284 2.107584 0.014396
v -1.307118 2.101507 0.010179
v -1.323450 2.113662 0.010179
v -1.323450 2.113662 -0.010179
v -1.303736 2.098989 0.000000
v -1.315284 2.107584 -0.014396
v -1.307118 2.101507 -0.010179
v -1.348201 2.070495 -0.014396
v -1.356939 2.075577 -0.010179
v -1.335844 2.063310 0.000000
v -1.348201 2.070495 0.014396
v -1.356939 2.075577 0.010179
v -1.339463 2.065414 0.010179
v -1.360558 2.077681 0.000000
v -1.339463 2.065414 -0.010179
v -1.407098 1.936372 0.026277
v -1.417782 1.935133 0.033711
v -1.363743 2.026039 -0.006519
v -1.359666 2.025311 0.004272
v -1.362953 2.029367 0.014614
v -1.371683 2.035831 0.018442
v -1.380745 2.040920 0.013506
v -1.384827 2.041651 0.002706
v -1.421971 1.940400 0.045013
v -1.417189 1.949109 0.053576
v -1.408814 2.007296 0.011416
v -1.421267 1.967281 0.015140
v -1.425056 1.973514 0.025630
v -1.406259 1.956139 0.054371
v -1.419309 1.977923 0.036120
v -1.403924 2.008488 0.022557
v -1.395604 1.957351 0.046918
v -1.407410 1.977921 0.040450
v -1.393739 2.004586 0.027910
v -1.391445 1.952054 0.035597
v -1.396346 1.973505 0.036065
v -1.384235 1.997878 0.024328
v -1.396197 1.943372 0.027053
v -1.392582 1.967265 0.025551
v -1.380969 1.992291 0.013921
v -1.385846 1.991096 0.002799
v -1.398304 1.962863 0.015084
v -1.372799 2.031126 -0.011445
v -1.381534 2.037593 -0.007626
v -1.396017 1.994996 -0.002536
v -1.410179 1.962871 0.010778
v -1.405535 2.001707 0.001028
v -1.506027 0.020698 -0.324946
v -0.893820 0.094349 0.027471
v -0.893820 0.150443 -0.028661
v -0.893820 0.122382 -0.040273
v -0.893820 0.094330 -0.028642
v -0.893820 0.082718 -0.000581
v -0.893820 0.122410 0.039083
v -0.893820 0.150462 0.027452
v -0.895104 0.136495 -0.012033
v -0.893820 0.162074 -0.000609
v -0.875922 0.082718 -0.000581
v -0.875922 0.094349 0.027471
v -0.875922 0.122410 0.039083
v -0.875922 0.162074 -0.000609
v -0.875922 0.150443 -0.028661
v -0.875922 0.150462 0.027452
v -0.875922 0.094330 -0.028642
v -0.875922 0.122382 -0.040273
v -0.836397 0.121464 0.904090
v -0.836397 0.121464 -0.904090
v 0.875922 0.121464 0.000000
v 0.836397 0.121464 0.904090
v 0.492519 0.121464 0.904090
v 0.000000 0.121464 -0.904090
v -0.875922 0.121464 0.864842
v 0.836397 0.121464 -0.904090
v 0.875922 0.121464 -0.864842
v 0.875922 0.121464 0.864842
v 0.148640 0.121464 0.904090
v 0.000000 0.121464 0.904090
v -0.148640 0.121464 0.904090
v -0.492519 0.121464 0.904090
v -0.875922 0.221182 -0.000382
v -0.875922 0.121464 -0.864842
v -0.207772 0.494552 0.966125
v 0.167417 0.455662 0.998515
v 0.133273 0.744813 0.756536
v -0.123001 0.742404 0.743674
v -0.074941 0.766395 0.738560
v -0.073512 0.759359 0.729433
v 0.201304 0.479422 0.963983
v 0.166323 0.447689 0.990606
v -0.175945 0.455152 0.984530
v -0.208544 0.488359 0.956708
v 0.230686 0.638834 0.830318
v 0.241133 0.606523 0.872227
v 0.241260 0.598083 0.864478
v -0.201304 0.685701 0.791254
v -0.167410 0.723994 0.774086
v -0.166323 0.717434 0.764631
v 0.175945 0.709971 0.770707
v 0.207779 0.685103 0.806476
v 0.208544 0.676765 0.798529
v -0.230686 0.526289 0.924919
v -0.241125 0.573132 0.900374
v -0.241260 0.567041 0.890759
v 0.086357 0.755873 0.732271
v 0.134524 0.736789 0.748245
v -0.086356 0.409251 1.022966
v -0.133266 0.434842 1.016065
v -0.134523 0.428335 1.006992
v -0.020336 0.767448 0.722623
v 0.032371 0.773826 0.732297
v 0.033859 0.766266 0.723585
v -0.239736 0.608571 0.855940
v -0.226720 0.655019 0.831836
v -0.226191 0.648797 0.822208
v 0.123001 0.422719 1.011563
v 0.074949 0.413260 1.034040
v 0.073512 0.405765 1.025804
v 0.020336 0.397676 1.032614
v -0.032364 0.405830 1.040304
v -0.033859 0.398857 1.031652
v -0.762544 0.000000 0.789301
v -0.814621 -0.020810 0.775353
v -0.814621 0.000000 0.767730
v -0.762544 0.000000 0.893453
v -0.748597 -0.020810 0.841377
v -0.740973 0.000000 0.841377
v -0.814621 -0.020810 0.907401
v -0.888268 0.000000 0.841377
v -0.861307 -0.020810 0.794691
v -0.880645 -0.020810 0.841377
v -0.767935 -0.020810 0.794691
v -0.767935 -0.020810 0.888063
v -0.861307 -0.020810 0.888063
v -0.866697 0.000000 0.789301
v -0.814620 -0.020810 0.841377
v 0.814621 -0.020810 0.775353
v 0.762544 0.000000 0.789301
v 0.814621 0.000000 0.767730
v 0.748597 -0.020810 0.841377
v 0.762544 0.000000 0.893453
v 0.740974 0.000000 0.841377
v 0.814621 -0.020810 0.907401
v 0.880645 -0.020810 0.841377
v 0.866697 0.000000 0.789301
v 0.888268 0.000000 0.841377
v 0.767935 -0.020810 0.794691
v 0.767935 -0.020810 0.888063
v 0.861307 -0.020810 0.794691
v 0.814620 -0.020810 0.841377
v 0.861307 -0.020810 0.888063
v -0.861307 -0.020810 -0.888063
v -0.814621 -0.020810 -0.907401
v -0.767935 -0.020810 -0.888063
v -0.748597 -0.020810 -0.841377
v -0.767935 -0.020810 -0.794691
v -0.814621 -0.020810 -0.775353
v -0.866697 0.000000 -0.789301
v -0.814621 0.000000 -0.767730
v -0.866697 0.000000 -0.893453
v -0.888268 0.000000 -0.841377
v -0.814621 0.000000 -0.915024
v -0.762544 0.000000 -0.893453
v -0.762544 0.000000 -0.789301
v -0.740973 0.000000 -0.841377
v 0.762544 0.000000 -0.789301
v 0.814621 -0.020810 -0.775353
v 0.814621 0.000000 -0.767730
v 0.762544 0.000000 -0.893453
v 0.748597 -0.020810 -0.841377
v 0.740973 0.000000 -0.841377
v 0.814621 -0.020810 -0.907401
v 0.888268 0.000000 -0.841377
v 0.861307 -0.020810 -0.794691
v 0.880645 -0.020810 -0.841377
v 0.767935 -0.020810 -0.794691
v 0.767935 -0.020810 -0.888063
v 0.861307 -0.020810 -0.888063
v 0.866697 0.000000 -0.789301
v 0.814620 -0.020810 -0.841377
v 0.000000 0.000000 0.000000
v -0.290354 1.043464 0.000000
v 0.290354 1.043464 0.000000
v -1.482985 1.730204 -0.109879
v -1.373375 1.903775 -0.087060
v -1.430697 1.716957 -0.135951
v -1.378158 1.695674 -0.116553
v -1.322890 1.884176 -0.064117
v -1.377677 1.676298 -0.006826
v -1.301381 1.876920 -0.009511
v -1.321595 1.886031 0.045362
v -1.504490 1.727627 -0.053643
v -1.423776 1.924418 -0.065148
v -1.356226 1.678855 -0.063029
v -1.429948 1.689451 0.019275
v -1.372446 1.906398 0.068319
v -1.482540 1.710713 -0.000090
v -1.445050 1.933869 -0.010592
v -1.588150 1.314510 -0.149933
v -1.533794 1.506056 -0.050552
v -1.556247 1.524197 -0.104304
v -1.511967 1.273146 -0.081274
v -1.426178 1.476429 -0.057410
v -1.479900 1.486299 -0.031198
v -1.458201 1.303744 -0.212273
v -1.403950 1.482219 -0.113842
v -1.435850 1.281336 -0.161362
v -1.565857 1.327202 -0.204215
v -1.533927 1.530061 -0.160884
v -1.565799 1.292124 -0.099014
v -1.458134 1.268664 -0.107075
v -1.512025 1.322742 -0.230005
v -1.426236 1.500338 -0.167510
v -1.480034 1.520170 -0.187014
v -1.601270 1.108436 -0.257471
v -1.544812 1.104315 -0.282811
v -1.488435 1.089204 -0.262047
v -1.465066 1.071911 -0.207331
v -1.488439 1.062555 -0.150683
v -1.601251 1.081796 -0.145980
v -1.544826 1.066650 -0.125295
v -1.624689 1.099115 -0.200744
v -1.573430 0.414855 -0.414506
v -1.584964 0.146667 -0.390012
v -1.631266 0.406910 -0.390630
v -1.515875 0.412765 -0.388918
v -1.524735 0.157060 -0.419489
v -1.573501 0.380700 -0.245830
v -1.583030 0.160990 -0.266203
v -1.522810 0.177200 -0.244819
v -1.655268 0.393625 -0.330990
v -1.609069 0.148261 -0.326224
v -1.516096 0.388523 -0.269760
v -1.463194 0.187348 -0.274013
v -1.631111 0.382800 -0.270963
v -1.626070 0.854164 -0.193440
v -1.661607 0.618296 -0.296093
v -1.638565 0.603085 -0.240283
v -1.568707 0.842222 -0.171282
v -1.528844 0.598801 -0.241402
v -1.511439 0.842351 -0.196462
v -1.487635 0.854471 -0.254455
v -1.528935 0.627435 -0.353120
v -1.511462 0.871445 -0.311286
v -1.650010 0.871190 -0.250271
v -1.638731 0.631694 -0.352337
v -1.583590 0.595020 -0.217841
v -1.506090 0.612250 -0.297438
v -1.583773 0.635448 -0.375776
v -1.568823 0.883332 -0.333575
v -1.626208 0.883255 -0.308390
v -1.492147 0.401815 -0.328950
v -1.423945 1.926326 0.045055
v -1.393196 1.913838 0.038704
v -1.412199 1.921454 0.023071
v -1.438233 1.931888 -0.016681
v -1.430471 1.941109 -0.014525
v -1.409286 1.920287 -0.052045
v -1.414281 0.134034 -0.275703
v -1.150543 0.109928 -0.108547
v -1.394234 0.103094 -0.320091
v -1.448725 0.123544 -0.229779
v -1.235971 0.065116 -0.015079
v -1.220751 0.114358 -0.033931
v -1.483482 0.023523 -0.226070
v -1.187288 -0.008951 -0.063035
v -1.222111 0.014040 -0.027135
v -1.136682 0.058852 -0.120602
v -1.400327 0.048848 -0.336941
v -1.185366 0.132919 -0.072646
v -1.477389 0.077769 -0.209220
v -1.428991 0.003073 -0.316382
v -1.463435 -0.007417 -0.270458
v -1.542283 0.153627 -0.406038
v -1.541077 0.162218 -0.379823
v -1.465311 0.182767 -0.368802
v -1.406612 1.933379 -0.014422
v -1.417031 1.942117 -0.013498
v -1.481313 0.177362 -0.380026
v -1.541395 0.140172 -0.405946
v -1.464216 0.173189 -0.397436
v -1.438802 0.185676 -0.337160
v -1.392470 1.913546 -0.042233
v -1.405133 1.919317 -0.015903
v -1.391858 1.913301 0.020865
v -1.392093 1.913395 -0.059785
v -1.395820 0.104316 -0.333534
v -1.436352 0.132948 -0.267291
v -1.203009 0.017606 -0.034495
v -1.200064 0.009462 -0.037509
v -1.189701 -0.004614 -0.035414
v -1.157415 0.021109 -0.084637
v -1.167907 0.023749 -0.073190
v -1.208634 0.050160 -0.029191
v -1.188561 0.024336 -0.050535
v -1.176332 0.026179 -0.064008
v -1.196769 0.040069 -0.041945
v -1.177821 -0.003188 -0.061586
v -1.154997 0.002314 -0.086788
v -1.203514 0.046852 -0.034723
v -1.184833 -0.002551 -0.053907
v -1.196323 -0.001509 -0.041323
v -1.148534 0.011882 -0.094138
v -1.152046 0.005241 -0.090106
v -1.411900 0.092542 -0.314893
v -1.487220 -0.002787 -0.263383
v -1.488253 0.036255 -0.237312
v -1.426220 0.138272 -0.267937
v -1.490122 0.077909 -0.219695
v -1.485772 0.079122 -0.214512
v -1.478680 0.074876 -0.233477
v -1.423366 0.051492 -0.315004
v -1.466567 0.020325 -0.265393
v -1.478834 0.047650 -0.252873
v -1.151903 0.009611 -0.101750
v -0.475370 2.356961 0.104188
v -0.439514 2.347145 -0.103998
v 0.439514 2.347145 0.103998
v -0.504322 1.190316 0.201853
v -0.604603 1.190316 0.164281
v -0.519495 1.190316 0.210657
v -0.403586 0.484112 0.960371
v -0.307817 0.359658 1.064661
v -0.151081 0.279353 1.131904
v 0.128610 0.273255 1.136869
v 0.290983 0.346601 1.075290
v 0.395723 0.466683 0.974560
v 0.417880 0.625927 0.841040
v 0.353089 0.759350 0.729214
v 0.220354 0.858324 0.646306
v 0.047523 0.904209 0.607928
v -0.035578 0.906021 0.606453
v -0.215191 0.862207 0.643282
v -0.352183 0.763006 0.726524
v -0.419420 0.628065 0.839692
v -0.124292 0.749190 0.752980
v -0.021832 0.774747 0.731549
v 0.084952 0.763678 0.740768
v 0.174911 0.718176 0.778811
v 0.230228 0.647253 0.838144
v -0.202133 0.692069 0.800818
v -0.239939 0.614699 0.865586
v -0.230221 0.532402 0.934457
v -0.174904 0.461479 0.993790
v -0.084945 0.415977 1.031833
v 0.021840 0.404908 1.041052
v 0.124299 0.430465 1.019621
v 0.202140 0.487586 0.971783
v 0.239946 0.564956 0.907015
v 0.011675 0.874563 0.632802
v -0.082759 0.870358 0.636378
v -0.036685 0.887448 0.622025
v -0.152271 0.850014 0.653471
v -0.234959 0.814827 0.683015
v -0.203131 0.845546 0.657243
v 0.049714 0.841983 0.660097
v 0.085832 0.869777 0.636776
v 0.137026 0.869853 0.636685
v 0.173308 0.842166 0.659878
v 0.237423 0.813198 0.684130
v 0.283597 0.796245 0.698319
v 0.300616 0.759241 0.729334
v 0.341989 0.711828 0.769062
v 0.373999 0.681204 0.794720
v 0.368383 0.642211 0.827414
v 0.378820 0.585745 0.874749
v 0.390326 0.547514 0.906795
v 0.363187 0.514256 0.934692
v 0.340621 0.459920 0.980259
v 0.329343 0.421656 1.012345
v 0.286058 0.400719 1.029921
v 0.234958 0.359275 1.064694
v 0.203130 0.328556 1.090466
v 0.152271 0.324088 1.094239
v 0.082759 0.303744 1.111332
v 0.036685 0.286654 1.125684
v -0.011675 0.299540 1.114907
v -0.085832 0.304326 1.110934
v -0.137026 0.304250 1.111024
v -0.173308 0.331936 1.087831
v -0.237423 0.360904 1.063579
v -0.283598 0.377858 1.049390
v -0.300616 0.414862 1.018375
v -0.341989 0.462274 0.978647
v -0.373999 0.492899 0.952989
v -0.368383 0.531892 0.920295
v -0.378820 0.588358 0.872960
v -0.335411 0.567550 0.890382
v -0.390326 0.626588 0.840915
v -0.363187 0.659846 0.813017
v -0.340622 0.714182 0.767450
v -0.329343 0.752446 0.735364
v -0.286058 0.773383 0.717788
v -0.229111 0.775852 0.715688
v -0.189013 0.751451 0.736124
v -0.236122 0.764727 0.725019
v -0.208786 0.731550 0.752820
v -0.112174 0.825614 0.673906
v -0.077240 0.797991 0.697046
v -0.099558 0.833304 0.667452
v 0.049831 0.802752 0.692987
v 0.033992 0.839250 0.662396
v 0.017193 0.802196 0.693471
v 0.167032 0.764791 0.724752
v 0.173425 0.802935 0.692768
v 0.137307 0.775141 0.716089
v 0.251151 0.691626 0.786047
v 0.278509 0.723862 0.759006
v 0.230226 0.710833 0.769955
v 0.285526 0.597749 0.864734
v 0.328430 0.617692 0.847992
v 0.277545 0.622009 0.844399
v 0.263349 0.501753 0.945228
v 0.313303 0.505453 0.942100
v 0.269893 0.526260 0.924678
v 0.189013 0.422651 1.011585
v 0.236121 0.409375 1.022691
v 0.208786 0.442552 0.994890
v 0.077240 0.376111 1.050663
v 0.112173 0.348489 1.073803
v 0.106326 0.387464 1.041129
v -0.049831 0.371350 1.054722
v -0.033992 0.334852 1.085313
v -0.017194 0.371907 1.054238
v -0.167033 0.409312 1.022957
v -0.173425 0.371167 1.054941
v -0.137307 0.398961 1.031620
v -0.251151 0.482477 0.961662
v -0.278509 0.450241 0.988703
v -0.230226 0.463269 0.977754
v -0.328430 0.556411 0.899717
v -0.285526 0.576354 0.882975
v -0.263349 0.672349 0.802481
v -0.313303 0.668650 0.805610
v -0.269893 0.647842 0.823032
v -0.184051 0.446316 0.991943
v -0.086113 0.399037 1.031529
v 0.028880 0.388997 1.039885
v 0.138154 0.418183 1.015358
v 0.220064 0.480817 0.962803
v 0.258388 0.564491 0.892632
v 0.245535 0.652633 0.818741
v 0.184051 0.727786 0.755766
v 0.086113 0.775065 0.716180
v -0.028880 0.785106 0.707824
v -0.106326 0.786638 0.706580
v -0.138154 0.755919 0.732351
v -0.220064 0.693286 0.784906
v -0.258388 0.609612 0.855077
v -0.277545 0.552094 0.903310
v -0.245535 0.521469 0.928968
v 0.245535 0.631635 0.793717
v -0.258388 0.588497 0.829914
v -0.285526 0.555244 0.857817
v -0.291104 0.436888 0.957130
v -0.291104 0.457957 0.982240
v 0.291104 0.695137 0.740433
v 0.341989 0.690835 0.744043
v -0.313303 0.647500 0.780405
v -0.269893 0.626711 0.797849
v -0.245535 0.500389 0.903845
v -0.251151 0.461409 0.936554
v 0.328431 0.596727 0.823008
v -0.390326 0.605433 0.815703
v -0.328430 0.535297 0.874554
v -0.277545 0.530995 0.878164
v 0.390326 0.526591 0.881859
v 0.363187 0.493337 0.909762
v -0.373999 0.471795 0.927839
v 0.335411 0.606552 0.857327
v 0.285526 0.576780 0.839746
v 0.335411 0.585594 0.832350
v -0.378820 0.567219 0.847768
v 0.274704 0.451236 0.987574
v 0.313286 0.493097 0.952458
v -0.230226 0.442213 0.952661
v -0.278509 0.429177 0.963600
v -0.189140 0.352919 1.027587
v -0.173425 0.350159 1.029904
v -0.137026 0.283274 1.086027
v -0.049714 0.311157 1.062630
v -0.017193 0.350939 1.029249
v -0.033992 0.313893 1.060334
v 0.099557 0.319872 1.055317
v 0.269893 0.505313 0.899714
v 0.313303 0.484524 0.917158
v 0.277545 0.601030 0.819398
v 0.230226 0.689811 0.744902
v 0.278509 0.702848 0.733963
v 0.189140 0.779105 0.669975
v 0.173425 0.781866 0.667659
v 0.137026 0.848750 0.611536
v 0.049714 0.820867 0.634932
v 0.017193 0.781086 0.668313
v 0.033992 0.818131 0.637228
v -0.099558 0.812152 0.642245
v -0.106326 0.765501 0.681390
v -0.112174 0.804462 0.648698
v -0.229111 0.754686 0.690465
v -0.208786 0.710406 0.727621
v -0.236122 0.743564 0.699798
v -0.313286 0.659851 0.770041
v -0.335411 0.546430 0.865213
v -0.368383 0.510776 0.895130
v 0.373999 0.660229 0.769724
v -0.363187 0.638687 0.787800
v -0.189140 0.373933 1.052630
v -0.237423 0.339883 1.038527
v 0.251151 0.670616 0.761008
v -0.184051 0.425278 0.966871
v 0.291104 0.716145 0.765469
v -0.283598 0.356818 1.024316
v 0.368383 0.621249 0.802432
v 0.300616 0.738219 0.704282
v -0.167033 0.388291 0.997907
v 0.237423 0.792142 0.659036
v 0.184051 0.706746 0.730692
v -0.300616 0.393805 0.993280
v 0.283597 0.775206 0.673246
v -0.085832 0.283363 1.085952
v 0.167032 0.743733 0.699656
v -0.137307 0.377952 1.006582
v -0.086113 0.378042 1.006507
v 0.189140 0.800169 0.695079
v 0.173308 0.821083 0.634752
v -0.049831 0.350374 1.029723
v 0.085832 0.848661 0.611611
v -0.049715 0.332120 1.087612
v 0.086113 0.753983 0.691055
v -0.173308 0.310942 1.062811
v 0.137307 0.754072 0.690980
v 0.082759 0.282826 1.086403
v 0.049831 0.781650 0.667839
v 0.028880 0.368035 1.014904
v 0.036685 0.265730 1.100748
v 0.011675 0.853426 0.607613
v 0.077240 0.355166 1.025702
v -0.082759 0.849198 0.611160
v 0.099557 0.340798 1.080257
v -0.028880 0.763989 0.682659
v -0.011675 0.278598 1.089950
v -0.036685 0.866294 0.596815
v -0.077240 0.776858 0.671861
v -0.152271 0.828843 0.628240
v -0.234959 0.793647 0.657773
v -0.138154 0.734784 0.707165
v -0.203131 0.824364 0.631999
v -0.189013 0.730305 0.710923
v -0.286058 0.752204 0.692548
v -0.313286 0.681005 0.795251
v -0.340622 0.693010 0.742218
v -0.220064 0.672152 0.759719
v -0.329343 0.731263 0.710119
v 0.378820 0.564805 0.849794
v -0.263349 0.651212 0.777290
v 0.258388 0.543527 0.867648
v -0.341989 0.441190 0.953520
v 0.170642 0.373370 1.052912
v 0.229111 0.398251 1.032021
v 0.357841 1.960553 0.012640
v -0.537453 1.174316 0.221078
v -0.469015 1.071662 0.243802
v -0.469014 1.174316 0.243799
v -0.035288 1.174317 0.441462
v -0.396694 1.071662 0.254315
v 0.469092 1.174317 0.243799
v 0.537726 1.071662 0.221160
v 0.537727 1.174317 0.221157
v 0.334991 1.174317 0.280489
v 0.396770 1.071662 0.254314
v 0.396771 1.174317 0.254311
v -0.035288 1.174314 -0.441493
v 0.035364 1.071661 -0.441490
v -0.469015 1.071661 -0.243826
v -0.469014 1.174314 -0.243829
v -0.331116 1.071661 -0.283597
v -0.396693 1.174314 -0.254342
v -0.331115 1.174314 -0.283600
v -0.272281 1.071662 0.331576
v -0.217465 1.071661 -0.372559
v -0.272280 1.174314 -0.331603
v -0.217464 1.174314 -0.372562
v 0.537726 1.071661 -0.221185
v 0.469092 1.174315 -0.243829
v 0.537727 1.174315 -0.221188
v 0.331192 1.071661 -0.283597
v 0.396771 1.174315 -0.254342
v 0.396770 1.071661 -0.254339
v -0.685227 1.071662 -0.042187
v -0.685226 1.174315 0.042159
v -0.685226 1.174315 -0.042190
v -0.166667 1.071662 0.406449
v -0.105940 1.174317 0.429422
v 0.228952 1.174317 0.363283
v 0.283750 1.071662 0.322334
v 0.283751 1.174317 0.322331
v 0.217541 1.071661 -0.372559
v 0.272358 1.174314 -0.331603
v 0.272357 1.071661 -0.331600
v -0.166666 1.174314 -0.406476
v -0.166667 1.071661 -0.406473
v 0.686135 1.174316 0.042239
v 0.686134 1.071661 -0.042266
v 0.686135 1.174316 -0.042269
v 0.170592 1.071662 0.403347
v 0.106070 1.174317 0.429402
v 0.166744 1.174314 -0.406476
v 0.106017 1.071661 -0.429450
v 0.106018 1.174314 -0.429453
v -0.602010 1.174316 0.186148
v -0.602011 1.071662 0.186151
v -0.602011 1.071661 -0.186176
v -0.651267 1.174314 -0.126539
v 0.602676 1.174317 0.186386
v 0.652144 1.071661 0.126750
v 0.652145 1.174316 0.126747
v 0.602675 1.071661 -0.186414
v 0.652145 1.174316 -0.126777
v 0.652144 1.071661 -0.126774
v -0.675125 1.055466 -0.027213
v -0.634749 1.055469 -0.128103
v 0.675979 1.055462 0.027227
v 0.635528 1.055467 0.128370
v -0.607835 1.055479 0.163451
v 0.372537 1.055664 0.242220
v -0.335909 1.055664 0.259067
v 0.017310 1.055665 0.426212
v -0.121056 1.055665 0.408467
v 0.338604 1.055664 0.256805
v 0.265141 1.055665 0.316813
v 0.121134 1.055664 -0.408475
v 0.135884 1.055667 -0.388012
v -0.372635 1.055664 -0.242323
v -0.336396 1.055664 -0.258709
v -0.254894 1.055664 -0.325239
v 0.373284 1.055663 -0.242222
v 0.474486 1.055664 -0.227015
v 0.608498 1.055475 -0.163775
v -0.226235 1.055664 -0.346712
v -0.148667 1.055664 -0.398545
v 0.633838 1.055465 -0.132386
v 0.237308 1.055666 -0.325586
v 0.335981 1.055663 -0.259084
v 0.238899 1.055665 0.336464
v 0.229239 1.055664 -0.344759
v -0.124189 1.055664 -0.407922
v 0.151007 1.055664 -0.397059
v 0.632792 1.190316 0.132853
v 0.331571 1.190315 -0.262109
v 0.602676 1.174315 -0.186417
v 0.035365 1.174314 -0.441493
v -0.633022 1.055469 0.132121
v -0.675089 1.055465 0.027165
v -0.651268 1.071661 -0.126536
v 0.230258 1.190317 0.342151
v 0.675451 1.190316 0.026427
v -0.396694 1.071661 -0.254339
v -0.272281 1.071661 -0.331600
v -0.331495 1.190316 0.262074
v 0.334990 1.071662 0.280492
v 0.143725 1.190314 -0.401394
v -0.035289 1.071662 0.441466
v -0.105942 1.071662 0.429426
v 0.228951 1.071662 0.363286
v 0.170593 1.174317 0.403344
v 0.686134 1.071661 0.042242
v 0.469091 1.071662 0.243802
v -0.537454 1.071662 0.221081
v 0.602675 1.071662 0.186390
v 0.519679 1.190317 0.210794
v 0.469091 1.071661 -0.243826
v 0.331193 1.174315 -0.283600
v 0.166743 1.071661 -0.406473
v 0.217542 1.174314 -0.372562
v -0.229168 1.055665 0.344745
v 0.675956 1.055462 -0.027187
v -0.150948 1.055665 0.397039
v -0.017202 1.055664 -0.426220
v 0.017276 1.055664 -0.426227
v -0.373222 1.055664 0.242201
v -0.474411 1.055665 0.226995
v 0.520510 1.055490 -0.211336
v 0.520581 1.055490 0.211206
v 0.251531 1.055664 -0.328027
v -0.251469 1.055665 0.328003
v 0.605584 1.055475 0.165249
v -0.017236 1.055665 0.426216
v -0.520320 1.055494 0.211258
v -0.396693 1.174316 0.254311
v 0.474349 1.055665 0.226940
v -0.474325 1.055664 -0.227033
v -0.485532 1.271325 0.000000
v 0.475416 2.026871 -0.016019
v -0.486219 1.316021 0.000000
v -0.476668 2.124301 -0.039738
v -0.475416 2.026871 0.016019
v 0.486596 1.316021 0.000000
v -0.981895 1.865076 0.075008
v -0.981895 1.865076 -0.075008
v -1.378904 1.915831 -0.056882
v -1.149279 0.013002 -0.093351

# UV coordinates
vt 0.340420 0.659230
vt 0.322077 0.643357
vt 0.333839 0.646446
vt 0.164396 0.899281
vt 0.161941 0.894749
vt 0.164731 0.894828
vt 0.125774 0.816999
vt 0.135669 0.802358
vt 0.145848 0.822801
vt 0.152654 0.688907
vt 0.156873 0.704566
vt 0.147031 0.697505
vt 0.427081 0.757155
vt 0.420054 0.777514
vt 0.415973 0.774694
vt 0.158801 0.930462
vt 0.157231 0.925119
vt 0.159936 0.926008
vt 0.191036 0.817065
vt 0.187051 0.818290
vt 0.187345 0.814961
vt 0.100419 0.659209
vt 0.085827 0.659914
vt 0.093411 0.651749
vt 0.788762 0.185138
vt 0.789769 0.190356
vt 0.786238 0.190167
vt 0.337670 0.233659
vt 0.311499 0.216359
vt 0.336868 0.211633
vt 0.123056 0.305701
vt 0.126459 0.317352
vt 0.120207 0.306544
vt 0.245477 0.410079
vt 0.355477 0.363219
vt 0.359781 0.373399
vt 0.125014 0.298587
vt 0.123571 0.293685
vt 0.126932 0.293656
vt 0.471010 0.755119
vt 0.450405 0.760497
vt 0.449246 0.755609
vt 0.451041 0.140054
vt 0.447089 0.171167
vt 0.432762 0.158618
vt 0.070235 0.938906
vt 0.067901 0.934839
vt 0.071581 0.936517
vt 0.397313 0.773297
vt 0.389186 0.766978
vt 0.396888 0.765267
vt 0.089488 0.890002
vt 0.086557 0.896094
vt 0.087167 0.889400
vt 0.360605 0.639965
vt 0.363064 0.656443
vt 0.352644 0.648609
vt 0.384381 0.759732
vt 0.380237 0.763838
vt 0.380888 0.759068
vt 0.153837 0.875767
vt 0.156706 0.870500
vt 0.157208 0.874348
vt 0.120042 0.299088
vt 0.120417 0.293836
vt 0.061409 0.964191
vt 0.066661 0.961321
vt 0.066626 0.962903
vt 0.155846 0.866924
vt 0.159242 0.859806
vt 0.160521 0.864034
vt 0.381807 0.052613
vt 0.372430 0.057952
vt 0.372344 0.052801
vt 0.111901 0.211411
vt 0.114891 0.220731
vt 0.112545 0.220871
vt 0.443846 0.028349
vt 0.428303 0.035694
vt 0.434004 0.023697
vt 0.421665 0.685911
vt 0.408458 0.698574
vt 0.404055 0.684935
vt 0.056728 0.949196
vt 0.062821 0.947902
vt 0.062042 0.951621
vt 0.156067 0.907086
vt 0.161172 0.903472
vt 0.160736 0.907815
vt 0.195036 0.790128
vt 0.185129 0.779189
vt 0.196930 0.778383
vt 0.424188 0.007800
vt 0.438864 0.012446
vt 0.105614 0.695746
vt 0.104457 0.710328
vt 0.097437 0.702001
vt 0.145951 0.932191
vt 0.142756 0.925912
vt 0.147329 0.928860
vt 0.151375 0.914193
vt 0.147332 0.909132
vt 0.152135 0.910350
vt 0.256217 0.582792
vt 0.282373 0.567324
vt 0.284684 0.575861
vt 0.145854 0.940213
vt 0.151900 0.941883
vt 0.150105 0.945858
vt 0.126885 0.831136
vt 0.122110 0.820928
vt 0.288874 0.055670
vt 0.271486 0.059733
vt 0.278893 0.047999
vt 0.314493 0.146569
vt 0.299527 0.120090
vt 0.313209 0.118570
vt 0.266172 0.723846
vt 0.253452 0.729247
vt 0.254241 0.726788
vt 0.161674 0.899119
vt 0.157511 0.894796
vt 0.309140 0.052658
vt 0.323394 0.078351
vt 0.300650 0.063135
vt 0.366343 0.621384
vt 0.372333 0.636690
vt 0.363245 0.631301
vt 0.327268 0.324380
vt 0.359475 0.361647
vt 0.343976 0.638637
vt 0.800367 0.189144
vt 0.800751 0.185375
vt 0.803290 0.188104
vt 0.114404 0.658797
vt 0.114641 0.674544
vt 0.106996 0.666358
vt 0.148499 0.925330
vt 0.144814 0.919483
vt 0.149605 0.921676
vt 0.416130 0.059493
vt 0.416820 0.030395
vt 0.388279 0.190322
vt 0.357790 0.182745
vt 0.379643 0.171924
vt 0.389819 0.750516
vt 0.394032 0.758249
vt 0.388437 0.753764
vt 0.070082 0.862846
vt 0.056959 0.875676
vt 0.057095 0.873053
vt 0.020960 0.518330
vt 0.035332 0.526067
vt 0.018125 0.522820
vt 0.780638 0.211175
vt 0.772466 0.213277
vt 0.779810 0.209149
vt 0.792940 0.193077
vt 0.790092 0.193245
vt 0.074501 0.858996
vt 0.074600 0.863315
vt 0.066835 0.930670
vt 0.064550 0.933711
vt 0.063754 0.930793
vt 0.510755 0.142980
vt 0.507078 0.127861
vt 0.516580 0.137431
vt 0.079992 0.894656
vt 0.080908 0.892411
vt 0.166616 0.828474
vt 0.172201 0.817575
vt 0.176500 0.826644
vt 0.043146 0.454510
vt 0.070052 0.504509
vt 0.043146 0.498517
vt 0.096949 0.571932
vt 0.137234 0.538797
vt 0.142250 0.555452
vt 0.327795 0.718783
vt 0.321915 0.723523
vt 0.319158 0.718981
vt 0.393637 0.579055
vt 0.381067 0.583874
vt 0.383074 0.574222
vt 0.396457 0.065644
vt 0.383917 0.074810
vt 0.382694 0.072534
vt 0.492256 0.060184
vt 0.487142 0.082086
vt 0.481229 0.065968
vt 0.060613 0.941605
vt 0.055329 0.943946
vt 0.057790 0.938838
vt 0.346904 0.030358
vt 0.347518 0.059501
vt 0.335443 0.035684
vt 0.320347 0.733669
vt 0.302627 0.735385
vt 0.302011 0.729936
vt 0.157309 0.898911
vt 0.154103 0.894810
vt 0.421072 0.121144
vt 0.419307 0.145234
vt 0.406190 0.134764
vt 0.310857 0.034469
vt 0.291586 0.034945
vt 0.303949 0.024090
vt 0.449228 0.018395
vt 0.452994 0.034489
vt 0.163276 0.862542
vt 0.162520 0.857876
vt 0.089408 0.849050
vt 0.782303 0.195277
vt 0.776546 0.200539
vt 0.775249 0.198614
vt 0.324012 0.098920
vt 0.312184 0.105185
vt 0.311490 0.102183
vt 0.266605 0.137904
vt 0.244860 0.154522
vt 0.252108 0.131336
vt 0.342191 0.718583
vt 0.346308 0.718746
vt 0.360275 0.740393
vt 0.141254 0.894780
vt 0.130097 0.897007
vt 0.130520 0.894406
vt 0.397516 0.208499
vt 0.437523 0.205008
vt 0.406502 0.226310
vt 0.073804 0.794255
vt 0.096919 0.791887
vt 0.084480 0.809343
vt 0.107385 0.681889
vt 0.099746 0.673848
vt 0.354116 0.748816
vt 0.367105 0.750109
vt 0.362938 0.757186
vt 0.327492 0.723285
vt 0.372171 0.601989
vt 0.378243 0.614744
vt 0.368341 0.610085
vt 0.122494 0.239865
vt 0.120154 0.249646
vt 0.120044 0.239915
vt 0.339547 0.007736
vt 0.329756 0.023659
vt 0.324890 0.012379
vt 0.334806 0.545167
vt 0.279756 0.562098
vt 0.191180 0.721029
vt 0.186988 0.722911
vt 0.170942 0.711386
vt 0.116456 0.210928
vt 0.114260 0.211156
vt 0.335708 0.066540
vt 0.319031 0.045241
vt 0.161895 0.917105
vt 0.159940 0.912115
vt 0.162733 0.912672
vt 0.022700 0.843477
vt 0.020242 0.867475
vt 0.005087 0.855455
vt 0.082559 0.890677
vt 0.295190 0.669003
vt 0.316122 0.682474
vt 0.294598 0.687522
vt 0.299836 0.266733
vt 0.307058 0.239272
vt 0.372535 0.243501
vt 0.367420 0.222912
vt 0.365516 0.381210
vt 0.366697 0.369631
vt 0.371807 0.377856
vt 0.160821 0.806160
vt 0.151561 0.785798
vt 0.165819 0.794102
vt 0.124335 0.920183
vt 0.123102 0.916932
vt 0.125068 0.917629
vt 0.217839 0.748527
vt 0.216352 0.769839
vt 0.202569 0.751517
vt 0.340438 0.114287
vt 0.331572 0.144566
vt 0.326883 0.117125
vt 0.269165 0.726693
vt 0.258880 0.740492
vt 0.353093 0.760343
vt 0.361267 0.767049
vt 0.405077 0.749329
vt 0.426160 0.735105
vt 0.120173 0.269503
vt 0.117958 0.259475
vt 0.120175 0.259447
vt 0.115498 0.190787
vt 0.115787 0.182783
vt 0.117848 0.190505
vt 0.047668 0.947766
vt 0.050832 0.944524
vt 0.052395 0.947349
vt 0.069799 0.834434
vt 0.073718 0.854633
vt 0.061840 0.841914
vt 0.380715 0.718690
vt 0.387158 0.720151
vt 0.383659 0.723655
vt 0.030361 0.537415
vt 0.013902 0.532901
vt 0.410806 0.759772
vt 0.396674 0.755909
vt 0.217148 0.903148
vt 0.217476 0.897296
vt 0.083097 0.906250
vt 0.088136 0.907265
vt 0.088546 0.909876
vt 0.799641 0.196971
vt 0.796380 0.194825
vt 0.798917 0.194187
vt 0.326861 0.039541
vt 0.099923 0.688940
vt 0.163939 0.154972
vt 0.136960 0.146800
vt 0.150892 0.137292
vt 0.191605 0.808704
vt 0.194371 0.814181
vt 0.192823 0.813278
vt 0.397953 0.053763
vt 0.403789 0.027812
vt 0.177499 0.120026
vt 0.152789 0.110621
vt 0.168226 0.103705
vt 0.108303 0.165562
vt 0.110730 0.165996
vt 0.109167 0.167524
vt 0.375243 0.626544
vt 0.165991 0.182341
vt 0.179370 0.170549
vt 0.154655 0.943868
vt 0.153197 0.948353
vt 0.764075 0.200000
vt 0.757102 0.207474
vt 0.755785 0.205758
vt 0.254747 0.674040
vt 0.278091 0.691768
vt 0.260412 0.694094
vt 0.377905 0.772336
vt 0.372265 0.772238
vt 0.374952 0.768708
vt 0.110599 0.636552
vt 0.107994 0.651857
vt 0.101763 0.644210
vt 0.129143 0.836007
vt 0.109595 0.842528
vt 0.698048 0.271259
vt 0.691314 0.274178
vt 0.696285 0.269379
vt 0.206346 0.960817
vt 0.204691 0.966574
vt 0.772624 0.194949
vt 0.765295 0.201789
vt 0.149218 0.934581
vt 0.150565 0.931008
vt 0.183740 0.762541
vt 0.168325 0.768363
vt 0.180432 0.760062
vt 0.333488 0.170423
vt 0.354040 0.164948
vt 0.366369 0.002162
vt 0.357266 0.015006
vt 0.355095 0.003109
vt 0.441510 0.740035
vt 0.428030 0.733674
vt 0.410659 0.771333
vt 0.400054 0.764230
vt 0.107633 0.168630
vt 0.106558 0.166540
vt 0.203717 0.146723
vt 0.200805 0.124868
vt 0.214227 0.135123
vt 0.082512 0.335502
vt 0.084794 0.342124
vt 0.078041 0.336525
vt 0.725547 0.244219
vt 0.716978 0.249341
vt 0.724089 0.242634
vt 0.167960 0.774060
vt 0.828237 0.695895
vt 0.836104 0.684538
vt 0.856268 0.712854
vt 0.099610 0.905832
vt 0.098566 0.911748
vt 0.095895 0.906800
vt 0.061139 0.935973
vt 0.064091 0.937502
vt 0.084975 0.688338
vt 0.092310 0.680993
vt 0.126437 0.901775
vt 0.129589 0.899661
vt 0.128762 0.902238
vt 0.096865 0.891441
vt 0.094489 0.895248
vt 0.093981 0.892720
vt 0.077156 0.330982
vt 0.068607 0.339374
vt 0.161990 0.877102
vt 0.161685 0.872680
vt 0.157722 0.886542
vt 0.154380 0.883222
vt 0.157786 0.882455
vt 0.556747 0.246032
vt 0.631686 0.156921
vt 0.562172 0.253852
vt 0.103426 0.170858
vt 0.098986 0.173503
vt 0.098293 0.171861
vt 0.079533 0.891480
vt 0.081592 0.889400
vt 0.348829 0.095719
vt 0.337118 0.101111
vt 0.336713 0.098138
vt 0.713688 0.255542
vt 0.703201 0.262365
vt 0.712160 0.253911
vt 0.130490 0.931607
vt 0.123384 0.922595
vt 0.132251 0.928577
vt 0.053515 0.875907
vt 0.111939 0.888303
vt 0.112899 0.880212
vt 0.116935 0.884036
vt 0.421199 0.652053
vt 0.429980 0.657879
vt 0.421525 0.659293
vt 0.295311 0.070855
vt 0.314972 0.091430
vt 0.290586 0.082610
vt 0.548836 0.238868
vt 0.624537 0.148555
vt 0.424109 0.190352
vt 0.369025 0.025798
vt 0.099747 0.902971
vt 0.096252 0.901287
vt 0.328214 0.665276
vt 0.310914 0.658552
vt 0.703643 0.269406
vt 0.705020 0.264082
vt 0.706777 0.265865
vt 0.215411 0.744985
vt 0.222652 0.746476
vt 0.109326 0.303733
vt 0.107880 0.298405
vt 0.110098 0.298332
vt 0.313180 0.193608
vt 0.313433 0.174140
vt 0.154917 0.933598
vt 0.151694 0.927212
vt 0.156176 0.929369
vt 0.370719 0.735866
vt 0.140980 0.674852
vt 0.140850 0.690729
vt 0.134508 0.682816
vt 0.568195 0.271168
vt 0.556485 0.258607
vt 0.400033 0.079097
vt 0.400724 0.108950
vt 0.388945 0.086479
vt 0.140399 0.901142
vt 0.139958 0.904248
vt 0.109807 0.288550
vt 0.111704 0.293499
vt 0.108346 0.293364
vt 0.282556 0.143214
vt 0.295562 0.171254
vt 0.277460 0.170311
vt 0.164773 0.876586
vt 0.216950 0.867694
vt 0.217315 0.873655
vt 0.135836 0.651956
vt 0.122202 0.651305
vt 0.129977 0.643181
vt 0.147856 0.905584
vt 0.153326 0.902625
vt 0.152713 0.906492
vt 0.745923 0.105195
vt 0.768873 0.069791
vt 0.761448 0.114523
vt 0.099613 0.031218
vt 0.099020 0.034756
vt 0.098091 0.030963
vt 0.097443 0.897291
vt 0.100591 0.897756
vt 0.163752 0.128522
vt 0.176676 0.144825
vt 0.161188 0.868304
vt 0.163935 0.867267
vt 0.138906 0.799345
vt 0.090413 0.888635
vt 0.093141 0.888260
vt 0.092582 0.890456
vt 0.106017 0.896861
vt 0.107030 0.902945
vt 0.104844 0.900877
vt 0.700979 0.280309
vt 0.705550 0.277538
vt 0.702729 0.281911
vt 0.164417 0.871954
vt 0.104673 0.908023
vt 0.105667 0.911768
vt 0.047131 0.944561
vt 0.049556 0.939567
vt 0.441683 0.744043
vt 0.447541 0.745906
vt 0.040454 0.825589
vt 0.069637 0.825321
vt 0.053370 0.840378
vt 0.109489 0.211646
vt 0.110201 0.220995
vt 0.282491 0.065613
vt 0.276427 0.081648
vt 0.108777 0.259325
vt 0.110858 0.268759
vt 0.108625 0.268570
vt 0.156708 0.902987
vt 0.116353 0.914926
vt 0.108391 0.912719
vt 0.116362 0.912755
vt 0.688560 0.004971
vt 0.684731 0.038502
vt 0.669238 0.019450
vt 0.736447 0.227926
vt 0.731055 0.236116
vt 0.729468 0.234422
vt 0.741277 0.108850
vt 0.756718 0.118581
vt 0.130689 0.881070
vt 0.140652 0.875838
vt 0.141187 0.878970
vt 0.126366 0.706097
vt 0.112333 0.704021
vt 0.120166 0.697605
vt 0.394836 0.740768
vt 0.349387 0.296226
vt 0.439778 0.281156
vt 0.089554 0.709261
vt 0.088317 0.721579
vt 0.080701 0.716821
vt 0.092272 0.695969
vt 0.094659 0.897808
vt 0.093075 0.895327
vt 0.422093 0.575217
vt 0.404217 0.583580
vt 0.411439 0.570602
vt 0.113393 0.901280
vt 0.110964 0.906917
vt 0.110616 0.900890
vt 0.174871 0.800835
vt 0.174811 0.809650
vt 0.171298 0.808538
vt 0.396987 0.624282
vt 0.384520 0.631098
vt 0.387608 0.619774
vt 0.067075 0.881766
vt 0.052404 0.898863
vt 0.049136 0.895155
vt 0.602375 0.809629
vt 0.578310 0.860848
vt 0.598279 0.804237
vt 0.396098 0.013189
vt 0.381848 0.025732
vt 0.381860 0.012408
vt 0.217576 0.879596
vt 0.316971 0.641425
vt 0.125504 0.515856
vt 0.164558 0.497590
vt 0.168484 0.506480
vt 0.142226 0.937379
vt 0.147747 0.937839
vt 0.163421 0.908210
vt 0.099847 0.176674
vt 0.105852 0.178393
vt 0.099889 0.178220
vt 0.652968 0.286626
vt 0.641452 0.289456
vt 0.649967 0.285394
vt 0.111780 0.305494
vt 0.107861 0.316975
vt 0.102625 0.314531
vt 0.109205 0.170861
vt 0.112606 0.171556
vt 0.110729 0.173104
vt 0.122536 0.249641
vt 0.651286 0.279668
vt 0.653348 0.278180
vt 0.133744 0.925537
vt 0.134996 0.922498
vt 0.201824 0.684000
vt 0.186055 0.674862
vt 0.189394 0.670892
vt 0.157711 0.890672
vt 0.154372 0.887065
vt 0.454820 0.052522
vt 0.440603 0.078054
vt 0.435260 0.071379
vt 0.139485 0.119683
vt 0.113094 0.846645
vt 0.094757 0.858718
vt 0.141711 0.885250
vt 0.130937 0.883688
vt 0.141480 0.882065
vt 0.390554 0.117648
vt 0.377591 0.094987
vt 0.070538 0.676559
vt 0.050868 0.676097
vt 0.058948 0.667047
vt 0.059268 0.933064
vt 0.060275 0.930778
vt 0.154281 0.879451
vt 0.157626 0.878373
vt 0.329835 0.748473
vt 0.345123 0.763372
vt 0.342371 0.766562
vt 0.164944 0.890306
vt 0.162333 0.885976
vt 0.165046 0.885761
vt 0.143837 0.922769
vt 0.464574 0.043562
vt 0.463196 0.063231
vt 0.108307 0.230565
vt 0.110778 0.240083
vt 0.108546 0.240123
vt 0.107239 0.171838
vt 0.104338 0.172687
vt 0.163973 0.903732
vt 0.474954 0.055907
vt 0.484950 0.048342
vt 0.583466 0.863701
vt 0.570170 0.888479
vt 0.155473 0.911189
vt 0.154751 0.915240
vt 0.122068 0.200210
vt 0.120211 0.190343
vt 0.202952 0.748901
vt 0.198943 0.753555
vt 0.196991 0.751470
vt 0.207878 0.955061
vt 0.157516 0.934913
vt 0.209343 0.949319
vt 0.117541 0.299221
vt 0.117394 0.306658
vt 0.378412 0.556592
vt 0.371541 0.570368
vt 0.110873 0.249732
vt 0.113365 0.259417
vt 0.111011 0.259351
vt 0.090033 0.903282
vt 0.091637 0.907659
vt 0.104752 0.167584
vt 0.105973 0.169701
vt 0.468392 0.148106
vt 0.465591 0.180022
vt 0.113276 0.269137
vt 0.110649 0.275987
vt 0.072680 0.947004
vt 0.067665 0.950083
vt 0.071529 0.944856
vt 0.804104 0.775658
vt 0.835188 0.781844
vt 0.801590 0.789008
vt 0.708467 0.273627
vt 0.710982 0.276161
vt 0.722529 0.240932
vt 0.084747 0.889643
vt 0.106242 0.830049
vt 0.105747 0.834919
vt 0.115318 0.738007
vt 0.104229 0.730017
vt 0.113111 0.726249
vt 0.420945 0.018372
vt 0.406455 0.015048
vt 0.280162 0.236246
vt 0.245938 0.241800
vt 0.256767 0.225009
vt 0.430429 0.106064
vt 0.158441 0.328307
vt 0.142468 0.324950
vt 0.144899 0.320944
vt 0.385791 0.770043
vt 0.381920 0.769847
vt 0.384339 0.767121
vt 0.207973 0.103295
vt 0.182222 0.100696
vt 0.200821 0.097021
vt 0.102281 0.188795
vt 0.106724 0.194090
vt 0.104610 0.194786
vt 0.127504 0.690386
vt 0.113324 0.688821
vt 0.120538 0.681243
vt 0.437416 0.765628
vt 0.408638 0.003161
vt 0.115556 0.276292
vt 0.113097 0.276171
vt 0.099512 0.175110
vt 0.105701 0.176502
vt 0.115046 0.299005
vt 0.112497 0.298601
vt 0.182644 0.815418
vt 0.179208 0.824471
vt 0.175476 0.817176
vt 0.319582 0.738850
vt 0.332483 0.744619
vt 0.141573 0.928867
vt 0.545982 0.241874
vt 0.523372 0.198985
vt 0.559980 0.191099
vt 0.444825 0.045156
vt 0.058884 0.809332
vt 0.326923 0.081446
vt 0.319267 0.083613
vt 0.158196 0.920805
vt 0.159170 0.916461
vt 0.138794 0.933301
vt 0.144472 0.935209
vt 0.436930 0.039507
vt 0.428241 0.066218
vt 0.422512 0.062496
vt 0.341251 0.062605
vt 0.196827 0.810322
vt 0.194149 0.809365
vt 0.242592 0.744340
vt 0.260244 0.745892
vt 0.244589 0.749539
vt 0.792006 0.199748
vt 0.797010 0.203907
vt 0.795665 0.204800
vt 0.400080 0.615628
vt 0.406520 0.628034
vt 0.150970 0.353150
vt 0.152339 0.345240
vt 0.154286 0.350069
vt 0.385853 0.773986
vt 0.381728 0.771704
vt 0.298712 0.718281
vt 0.303107 0.718141
vt 0.300945 0.720627
vt 0.365667 0.053737
vt 0.357879 0.060646
vt 0.355977 0.055953
vt 0.122433 0.880264
vt 0.128261 0.876182
vt 0.128619 0.878811
vt 0.130243 0.154682
vt 0.131564 0.168738
vt 0.128774 0.169520
vt 0.666080 0.287510
vt 0.662144 0.274277
vt 0.172753 0.514597
vt 0.129424 0.524681
vt 0.180769 0.795341
vt 0.177716 0.803357
vt 0.403548 0.638279
vt 0.391715 0.645133
vt 0.393978 0.635033
vt 0.152861 0.923276
vt 0.098538 0.862443
vt 0.081572 0.870856
vt 0.278701 0.095267
vt 0.289220 0.103373
vt 0.277800 0.097975
vt 0.372597 0.156254
vt 0.347609 0.140141
vt 0.363132 0.134068
vt 0.335601 0.256689
vt 0.380252 0.267937
vt 0.145816 0.916123
vt 0.150637 0.917959
vt 0.103506 0.904609
vt 0.102000 0.901100
vt 0.122549 0.259412
vt 0.777571 0.202498
vt 0.767844 0.205661
vt 0.472959 0.082958
vt 0.468402 0.071090
vt 0.101099 0.723168
vt 0.095770 0.731652
vt 0.091728 0.727305
vt 0.111123 0.184848
vt 0.113352 0.183736
vt 0.472323 0.035105
vt 0.357622 0.616767
vt 0.358116 0.604125
vt 0.174474 0.784853
vt 0.342788 0.018324
vt 0.359913 0.027779
vt 0.735731 0.412186
vt 0.633381 0.296581
vt 0.742006 0.405919
vt 0.007033 0.526487
vt 0.000000 0.498062
vt 0.020823 0.497872
vt 0.127701 0.147864
vt 0.132431 0.152102
vt 0.401124 0.160290
vt 0.390347 0.147343
vt 0.114385 0.863856
vt 0.105851 0.863325
vt 0.110765 0.859781
vt 0.382818 0.736176
vt 0.374118 0.747515
vt 0.455666 0.710350
vt 0.446640 0.691043
vt 0.464549 0.691184
vt 0.112971 0.230424
vt 0.121944 0.877031
vt 0.127639 0.873419
vt 0.078274 0.682303
vt 0.063328 0.685332
vt 0.330935 0.079100
vt 0.329279 0.072653
vt 0.078831 0.581552
vt 0.089862 0.556987
vt 0.122428 0.190133
vt 0.299332 0.043495
vt 0.342925 0.686392
vt 0.358924 0.690947
vt 0.344253 0.689223
vt 0.153469 0.937797
vt 0.140045 0.872588
vt 0.147047 0.868800
vt 0.147796 0.871483
vt 0.117708 0.288867
vt 0.114849 0.293750
vt 0.115151 0.288879
vt 0.506700 0.408281
vt 0.397294 0.506300
vt 0.502486 0.403931
vt 0.795722 0.192820
vt 0.797863 0.190038
vt 0.798449 0.192130
vt 0.108397 0.275830
vt 0.279768 0.716467
vt 0.266363 0.700356
vt 0.275050 0.698706
vt 0.298157 0.145951
vt 0.120533 0.924718
vt 0.122304 0.924872
vt 0.070363 0.885572
vt 0.109629 0.176452
vt 0.112393 0.175388
vt 0.173681 0.502179
vt 0.167232 0.494350
vt 0.119887 0.868025
vt 0.116602 0.862107
vt 0.083099 0.906015
vt 0.081657 0.903096
vt 0.084668 0.904241
vt 0.648230 0.284151
vt 0.801459 0.193549
vt 0.803947 0.190477
vt 0.804488 0.192830
vt 0.415002 0.670303
vt 0.411907 0.659017
vt 0.005835 0.003325
vt 0.005837 0.003271
vt 0.008796 0.002930
vt 0.397389 0.514696
vt 0.400481 0.531057
vt 0.394402 0.523863
vt 0.071653 0.924213
vt 0.076360 0.922247
vt 0.075203 0.926770
vt 0.075176 0.649829
vt 0.082845 0.641238
vt 0.800129 0.202565
vt 0.801877 0.202070
vt 0.129053 0.659424
vt 0.127576 0.673258
vt 0.121870 0.666966
vt 0.036438 0.855359
vt 0.106275 0.202901
vt 0.107275 0.211846
vt 0.113309 0.191320
vt 0.113134 0.201657
vt 0.111186 0.192117
vt 0.091312 0.891381
vt 0.092550 0.893222
vt 0.226093 0.186166
vt 0.196515 0.185905
vt 0.208982 0.172357
vt 0.049845 0.961061
vt 0.054952 0.958481
vt 0.050099 0.961492
vt 0.286305 0.739389
vt 0.285013 0.734036
vt 0.801785 0.178781
vt 0.792950 0.187445
vt 0.790899 0.186410
vt 0.081493 0.545903
vt 0.086578 0.531748
vt 0.089626 0.539291
vt 0.381865 0.748197
vt 0.374929 0.751325
vt 0.080804 0.899581
vt 0.082518 0.901555
vt 0.139699 0.705796
vt 0.130535 0.878488
vt 0.130110 0.875999
vt 0.116255 0.755266
vt 0.115471 0.779257
vt 0.096134 0.769901
vt 0.785056 0.187153
vt 0.078417 0.894215
vt 0.088827 0.751520
vt 0.077611 0.756859
vt 0.064650 0.925472
vt 0.068596 0.928806
vt 0.131803 0.747238
vt 0.150871 0.744644
vt 0.133580 0.760242
vt 0.124905 0.153978
vt 0.123499 0.149325
vt 0.126811 0.151515
vt 0.723708 0.255401
vt 0.728645 0.247434
vt 0.730252 0.249067
vt 0.354056 0.625801
vt 0.120264 0.288952
vt 0.117862 0.276361
vt 0.120169 0.276336
vt 0.099037 0.893980
vt 0.718802 0.260332
vt 0.721835 0.253944
vt 0.118840 0.775647
vt 0.072871 0.825796
vt 0.069401 0.829436
vt 0.108641 0.249756
vt 0.365537 0.759140
vt 0.337956 0.071419
vt 0.087293 0.928430
vt 0.085635 0.921522
vt 0.091752 0.921581
vt 0.120069 0.902297
vt 0.118439 0.905084
vt 0.638564 0.292723
vt 0.643042 0.275964
vt 0.200535 0.797527
vt 0.193600 0.803466
vt 0.194627 0.794154
vt 0.399605 0.591869
vt 0.390234 0.587661
vt 0.110534 0.230497
vt 0.113127 0.240049
vt 0.105401 0.180208
vt 0.099078 0.181556
vt 0.099587 0.179813
vt 0.806123 0.173119
vt 0.808619 0.180043
vt 0.805075 0.179274
vt 0.423366 0.780723
vt 0.434574 0.761839
vt 0.216631 0.908973
vt 0.215969 0.914778
vt 0.147604 0.667468
vt 0.135266 0.665522
vt 0.142928 0.656554
vt 0.114589 0.306443
vt 0.117206 0.315254
vt 0.377387 0.765727
vt 0.786696 0.209065
vt 0.177758 0.682768
vt 0.162888 0.693029
vt 0.166330 0.680234
vt 0.208052 0.707682
vt 0.190405 0.697436
vt 0.056645 0.953066
vt 0.117371 0.176018
vt 0.120762 0.181634
vt 0.118288 0.182024
vt 0.231586 0.072628
vt 0.217737 0.070225
vt 0.218240 0.067780
vt 0.420292 0.066835
vt 0.122247 0.720569
vt 0.109772 0.718274
vt 0.118202 0.712722
vt 0.152373 0.868846
vt 0.154634 0.863921
vt 0.148498 0.902037
vt 0.188417 0.794963
vt 0.182723 0.798576
vt 0.752512 0.231832
vt 0.744098 0.236422
vt 0.751074 0.230195
vt 0.116720 0.910357
vt 0.229196 0.755018
vt 0.232398 0.759389
vt 0.643474 0.286258
vt 0.425715 0.635329
vt 0.431530 0.647017
vt 0.422218 0.643674
vt 0.128531 0.891581
vt 0.121973 0.888559
vt 0.128733 0.888991
vt 0.870035 0.624717
vt 0.880460 0.614695
vt 0.892981 0.675531
vt 0.655174 0.267955
vt 0.676803 0.269854
vt 0.673099 0.693419
vt 0.629902 0.747067
vt 0.623979 0.741373
vt 0.412920 0.641225
vt 0.689476 0.271826
vt 0.692948 0.265554
vt 0.694610 0.267373
vt 0.799465 0.173951
vt 0.802841 0.170516
vt 0.802463 0.174422
vt 0.112281 0.167780
vt 0.111842 0.154944
vt 0.114480 0.168801
vt 0.263552 0.078989
vt 0.354115 0.109846
vt 0.387467 0.763543
vt 0.801110 0.191337
vt 0.452763 0.589609
vt 0.433931 0.597183
vt 0.443254 0.583987
vt 0.381447 0.751716
vt 0.002930 0.002930
vt 0.203953 0.064450
vt 0.137121 0.916454
vt 0.127065 0.910025
vt 0.137909 0.913424
vt 0.119757 0.200561
vt 0.679183 0.329935
vt 0.693819 0.306199
vt 0.689972 0.318887
vt 0.784778 0.181491
vt 0.786674 0.183560
vt 0.377691 0.126369
vt 0.366076 0.102019
vt 0.350664 0.063483
vt 0.834922 0.832699
vt 0.781870 0.854487
vt 0.782684 0.840704
vt 0.453254 0.223553
vt 0.126432 0.912568
vt 0.123641 0.914442
vt 0.124202 0.911987
vt 0.335732 0.190024
vt 0.156131 0.939404
vt 0.118915 0.887086
vt 0.119051 0.875859
vt 0.121771 0.875570
vt 0.373112 0.580958
vt 0.148476 0.874352
vt 0.153300 0.872232
vt 0.067356 0.944676
vt 0.377096 0.760150
vt 0.157712 0.341790
vt 0.162999 0.349904
vt 0.157106 0.346628
vt 0.126808 0.229919
vt 0.124834 0.239806
vt 0.124586 0.229988
vt 0.094119 0.914418
vt 0.086783 0.911526
vt 0.100207 0.027639
vt 0.091216 0.900980
vt 0.092339 0.901964
vt 0.095505 0.921110
vt 0.089258 0.930016
vt 0.223350 0.227843
vt 0.235124 0.212416
vt 0.117153 0.317810
vt 0.112734 0.321606
vt 0.053499 0.941280
vt 0.099455 0.889989
vt 0.094733 0.885842
vt 0.099960 0.887597
vt 0.786956 0.193593
vt 0.184188 0.808254
vt 0.314561 0.018335
vt 0.091419 0.323777
vt 0.117192 0.922723
vt 0.112752 0.927205
vt 0.116335 0.921285
vt 0.550675 0.251062
vt 0.217502 0.110312
vt 0.215607 0.081513
vt 0.226799 0.087510
vt 0.162251 0.881576
vt 0.381719 0.641634
vt 0.100577 0.025391
vt 0.108897 0.028199
vt 0.840665 0.671273
vt 0.847454 0.659372
vt 0.875745 0.695952
vt 0.794168 0.174814
vt 0.213320 0.792757
vt 0.202159 0.794381
vt 0.206794 0.783043
vt 0.727040 0.245774
vt 0.732522 0.237715
vt 0.733997 0.239308
vt 0.159450 0.725294
vt 0.146106 0.736949
vt 0.075152 0.939342
vt 0.072701 0.934912
vt 0.080278 0.935869
vt 0.607129 0.127904
vt 0.622102 0.094011
vt 0.675460 0.097945
vt 0.803813 0.006783
vt 0.781940 0.019957
vt 0.791585 0.000000
vt 0.385688 0.690262
vt 0.386639 0.681488
vt 0.779086 0.206881
vt 0.148999 0.877513
vt 0.644597 0.278629
vt 0.400876 0.566007
vt 0.390580 0.561032
vt 0.099399 0.915832
vt 0.796438 0.025680
vt 0.210724 0.943580
vt 0.448419 0.091584
vt 0.440344 0.087485
vt 0.444330 0.083634
vt 0.071512 0.954520
vt 0.067969 0.950665
vt 0.159317 0.355552
vt 0.800370 0.169732
vt 0.797573 0.172005
vt 0.388590 0.666505
vt 0.462643 0.314979
vt 0.452318 0.299805
vt 0.063786 0.940859
vt 0.781315 0.192964
vt 0.773859 0.196752
vt 0.426991 0.071300
vt 0.778366 0.204579
vt 0.783725 0.199967
vt 0.784228 0.202290
vt 0.212005 0.937841
vt 0.160962 0.921560
vt 0.213174 0.932092
vt 0.378586 0.775044
vt 0.385852 0.778408
vt 0.807524 0.762562
vt 0.812288 0.749273
vt 0.229440 0.144784
vt 0.239923 0.124721
vt 0.766553 0.203710
vt 0.400800 0.774048
vt 0.093484 0.910417
vt 0.095938 0.913246
vt 0.073816 0.931998
vt 0.740638 0.218192
vt 0.734917 0.226230
vt 0.733455 0.224621
vt 0.125785 0.915095
vt 0.715287 0.257108
vt 0.718392 0.251006
vt 0.719997 0.252489
vt 0.202951 0.213878
vt 0.184008 0.198321
vt 0.412851 0.176309
vt 0.219225 0.686730
vt 0.340188 0.549263
vt 0.343343 0.557553
vt 0.737174 0.242775
vt 0.742561 0.234722
vt 0.087113 0.902714
vt 0.087508 0.904172
vt 0.101546 0.031546
vt 0.689568 0.305012
vt 0.697563 0.293161
vt 0.676416 0.276037
vt 0.789844 0.202483
vt 0.788408 0.199354
vt 0.790818 0.201032
vt 0.369141 0.753370
vt 0.379360 0.650242
vt 0.369279 0.645615
vt 0.266540 0.091730
vt 0.265725 0.094349
vt 0.078909 0.917592
vt 0.078264 0.912156
vt 0.082085 0.914784
vt 0.795252 0.190785
vt 0.792616 0.190699
vt 0.401060 0.720075
vt 0.390639 0.699683
vt 0.403433 0.703151
vt 0.156830 0.680959
vt 0.714236 0.245512
vt 0.707597 0.248669
vt 0.712864 0.243830
vt 0.115268 0.201270
vt 0.128860 0.881285
vt 0.107977 0.221113
vt 0.151089 0.865524
vt 0.795501 0.198130
vt 0.798506 0.203192
vt 0.819186 0.721538
vt 0.822264 0.708107
vt 0.788999 0.203511
vt 0.785877 0.206868
vt 0.785022 0.204651
vt 0.134968 0.331351
vt 0.119300 0.328371
vt 0.121407 0.321777
vt 0.787847 0.201697
vt 0.780112 0.190841
vt 0.082337 0.908585
vt 0.446625 0.291379
vt 0.085278 0.917581
vt 0.090907 0.915594
vt 0.766550 0.220197
vt 0.758083 0.224144
vt 0.765230 0.218462
vt 0.127569 0.907416
vt 0.138724 0.910374
vt 0.697546 0.263312
vt 0.701363 0.260493
vt 0.215118 0.849698
vt 0.215829 0.855717
vt 0.759481 0.225819
vt 0.768974 0.207466
vt 0.759910 0.211217
vt 0.380468 0.393141
vt 0.149392 0.894940
vt 0.141552 0.891569
vt 0.149523 0.891350
vt 0.153919 0.919271
vt 0.742069 0.219823
vt 0.110842 0.179374
vt 0.753730 0.218832
vt 0.745138 0.223390
vt 0.752353 0.217136
vt 0.436046 0.663724
vt 0.436303 0.681607
vt 0.426748 0.669111
vt 0.066653 0.941874
vt 0.063285 0.944302
vt 0.084779 0.902612
vt 0.680877 0.279704
vt 0.672277 0.293669
vt 0.668431 0.291288
vt 0.345948 0.693419
vt 0.357456 0.711794
vt 0.347781 0.711813
vt 0.339347 0.741150
vt 0.089321 0.902062
vt 0.791522 0.159506
vt 0.798135 0.163420
vt 0.791536 0.163286
vt 0.353511 0.634290
vt 0.411491 0.650629
vt 0.111854 0.907102
vt 0.117648 0.907782
vt 0.797876 0.177623
vt 0.796047 0.169752
vt 0.801648 0.196425
vt 0.803656 0.201532
vt 0.375392 0.662118
vt 0.369399 0.676470
vt 0.800102 0.167159
vt 0.796158 0.166728
vt 0.791132 0.195885
vt 0.793613 0.198793
vt 0.140092 0.931462
vt 0.692453 0.290011
vt 0.685590 0.303471
vt 0.687196 0.289888
vt 0.139379 0.869288
vt 0.119949 0.899810
vt 0.115884 0.893240
vt 0.121534 0.897321
vt 0.710568 0.252134
vt 0.699710 0.258517
vt 0.709026 0.250326
vt 0.189116 0.809251
vt 0.191558 0.813546
vt 0.442786 0.602828
vt 0.427858 0.605510
vt 0.112027 0.921595
vt 0.116254 0.917036
vt 0.116322 0.919285
vt 0.287598 0.215021
vt 0.292821 0.190806
vt 0.702790 0.290913
vt 0.698210 0.279757
vt 0.636738 0.263552
vt 0.642184 0.273824
vt 0.793115 0.207104
vt 0.794394 0.205883
vt 0.445363 0.671788
vt 0.803801 0.169076
vt 0.802081 0.168356
vt 0.804350 0.166533
vt 0.096942 0.923491
vt 0.089403 0.930249
vt 0.391067 0.406070
vt 0.473798 0.331127
vt 0.801724 0.166535
vt 0.706005 0.271427
vt 0.708696 0.267682
vt 0.121669 0.922039
vt 0.122473 0.919494
vt 0.216434 0.861719
vt 0.062241 0.926572
vt 0.062006 0.926638
vt 0.236849 0.397530
vt 0.306014 0.358765
vt 0.440490 0.624780
vt 0.427716 0.627869
vt 0.431860 0.618881
vt 0.704018 0.275945
vt 0.782870 0.179053
vt 0.792121 0.170677
vt 0.409364 0.596022
vt 0.414012 0.609402
vt 0.404702 0.605340
vt 0.681927 0.289358
vt 0.797142 0.187203
vt 0.695769 0.278255
vt 0.712523 0.270709
vt 0.710695 0.269325
vt 0.093581 0.904511
vt 0.362775 0.204074
vt 0.386425 0.521344
vt 0.458212 0.672456
vt 0.463792 0.673492
vt 0.749545 0.228427
vt 0.756602 0.222327
vt 0.779745 0.175321
vt 0.781235 0.176962
vt 0.698338 0.256693
vt 0.695296 0.260891
vt 0.319953 0.028328
vt 0.103940 0.917378
vt 0.771275 0.211291
vt 0.762462 0.214711
vt 0.770086 0.209284
vt 0.435984 0.640060
vt 0.433170 0.706648
vt 0.428565 0.704879
vt 0.352765 0.668979
vt 0.079947 0.921882
vt 0.083099 0.924713
vt 0.798979 0.186361
vt 0.271963 0.737569
vt 0.080939 0.920540
vt 0.077491 0.943267
vt 0.082430 0.935861
vt 0.078349 0.922651
vt 0.079557 0.927039
vt 0.645888 0.282439
vt 0.124913 0.909494
vt 0.700031 0.272894
vt 0.745559 0.238038
vt 0.727855 0.232677
vt 0.721002 0.239232
vt 0.108853 0.918884
vt 0.799907 0.168551
vt 0.791572 0.166660
vt 0.699670 0.265598
vt 0.106882 0.905759
vt 0.149397 0.880842
vt 0.747996 0.226678
vt 0.755111 0.220524
vt 0.740963 0.232946
vt 0.746565 0.225035
vt 0.057295 0.938531
vt 0.058053 0.935315
vt 0.091797 0.025391
vt 0.348569 0.761373
vt 0.378610 0.770253
vt 0.265201 0.207826
vt 0.698055 0.321496
vt 0.705079 0.312548
vt 0.385975 0.596355
vt 0.390816 0.611291
vt 0.381476 0.606672
vt 0.122338 0.882123
vt 0.366372 0.586574
vt 0.215381 0.199600
vt 0.376068 0.591958
vt 0.363329 0.597112
vt 0.078344 0.897260
vt 0.079375 0.900263
vt 0.403377 0.728437
vt 0.401972 0.724157
vt 0.803545 0.196008
vt 0.805421 0.200857
vt 0.435577 0.609847
vt 0.423239 0.613675
vt 0.432918 0.579349
vt 0.414575 0.587972
vt 0.080440 0.932715
vt 0.382494 0.764606
vt 0.380987 0.768829
vt 0.738047 0.229703
vt 0.101322 0.908039
vt 0.695910 0.322920
vt 0.694368 0.329530
vt 0.693776 0.325169
vt 0.116372 0.403569
vt 0.108590 0.448581
vt 0.094538 0.427499
vt 0.441164 0.615272
vt 0.739503 0.231326
vt 0.758520 0.209372
vt 0.029275 0.868499
vt 0.048520 0.875438
vt 0.040896 0.882131
vt 0.683186 0.328484
vt 0.690048 0.322138
vt 0.072951 0.954369
vt 0.129649 0.873704
vt 0.112790 0.857649
vt 0.282277 0.720002
vt 0.286340 0.719168
vt 0.284613 0.722625
vt 0.732614 0.103852
vt 0.729010 0.094451
vt 0.737789 0.099745
vt 0.104740 0.183429
vt 0.104487 0.187960
vt 0.102673 0.184151
vt 0.095636 0.900975
vt 0.052594 0.951527
vt 0.054382 0.950295
vt 0.149086 0.898503
vt 0.122966 0.288954
vt 0.768709 0.131207
vt 0.644279 0.171437
vt 0.102552 0.169032
vt 0.128500 0.894155
vt 0.614190 0.745302
vt 0.609559 0.734982
vt 0.618640 0.737792
vt 0.119818 0.230184
vt 0.117121 0.220590
vt 0.119348 0.220441
vt 0.106714 0.187076
vt 0.108945 0.193127
vt 0.106824 0.182889
vt 0.574501 0.130798
vt 0.538392 0.144036
vt 0.542215 0.137616
vt 0.114785 0.173490
vt 0.116796 0.169652
vt 0.435425 0.129295
vt 0.463925 0.117441
vt 0.602563 0.118870
vt 0.598866 0.114715
vt 0.110797 0.202117
vt 0.120548 0.174614
vt 0.119339 0.170314
vt 0.122149 0.170613
vt 0.120711 0.146141
vt 0.119860 0.141307
vt 0.112449 0.288804
vt 0.063390 0.953663
vt 0.127335 0.276018
vt 0.124990 0.268835
vt 0.127223 0.268674
vt 0.125552 0.209999
vt 0.124105 0.220127
vt 0.123351 0.210198
vt 0.117631 0.293844
vt 0.110104 0.163696
vt 0.107534 0.163678
vt 0.187419 0.791063
vt 0.196428 0.804310
vt 0.199827 0.812369
vt 0.067065 0.959661
vt 0.067727 0.958075
vt 0.105879 0.889202
vt 0.100527 0.882518
vt 0.105118 0.883277
vt 0.128256 0.904846
vt 0.139308 0.907351
vt 0.148110 0.714783
vt 0.070850 0.346756
vt 0.081580 0.351328
vt 0.073570 0.352279
vt 0.347011 0.716093
vt 0.340578 0.716486
vt 0.094023 0.900174
vt 0.093171 0.897456
vt 0.837186 0.808085
vt 0.794838 0.801428
vt 0.133777 0.168168
vt 0.121537 0.639893
vt 0.120480 0.629297
vt 0.125614 0.288775
vt 0.122630 0.276263
vt 0.125080 0.276127
vt 0.625721 0.758142
vt 0.622412 0.750971
vt 0.128053 0.896622
vt 0.127556 0.899253
vt 0.068777 0.956589
vt 0.090996 0.633269
vt 0.127314 0.157268
vt 0.125232 0.170269
vt 0.149124 0.343521
vt 0.490628 0.153785
vt 0.500658 0.129500
vt 0.583413 0.281055
vt 0.572918 0.268714
vt 0.125456 0.906919
vt 0.147213 0.682373
vt 0.005838 0.003378
vt 0.043430 0.942284
vt 0.042151 0.944611
vt 0.070069 0.955315
vt 0.490918 0.208045
vt 0.117587 0.230274
vt 0.755842 0.062219
vt 0.243575 0.079472
vt 0.230692 0.075109
vt 0.363097 0.686744
vt 0.161919 0.837926
vt 0.142202 0.830531
vt 0.122956 0.159034
vt 0.149495 0.884288
vt 0.367622 0.013163
vt 0.118653 0.210689
vt 0.270473 0.722815
vt 0.085884 0.848377
vt 0.089812 0.844484
vt 0.137908 0.724089
vt 0.107470 0.288233
vt 0.104701 0.293477
vt 0.117920 0.269628
vt 0.759768 0.017826
vt 0.736776 0.056769
vt 0.750897 0.014672
vt 0.114169 0.178009
vt 0.153741 0.673893
vt 0.053665 0.956361
vt 0.058877 0.955722
vt 0.133999 0.698692
vt 0.108201 0.875042
vt 0.112067 0.871071
vt 0.113438 0.875496
vt 0.098771 0.330579
vt 0.114564 0.328284
vt 0.100959 0.335100
vt 0.130812 0.889034
vt 0.141690 0.888377
vt 0.097660 0.170133
vt 0.190075 0.803592
vt 0.096315 0.715800
vt 0.115669 0.269479
vt 0.115740 0.259451
vt 0.160913 0.842568
vt 0.142023 0.835415
vt 0.112876 0.896131
vt 0.113073 0.891284
vt 0.477287 0.705330
vt 0.114818 0.149962
vt 0.119185 0.150078
vt 0.116874 0.153231
vt 0.191449 0.159590
vt 0.119493 0.154878
vt 0.122232 0.154655
vt 0.154319 0.890933
vt 0.187276 0.822348
vt 0.183406 0.818299
vt 0.207935 0.802090
vt 0.204581 0.077658
vt 0.645214 0.030551
vt 0.397366 0.002194
vt 0.149566 0.887779
vt 0.182988 0.812110
vt 0.101761 0.167336
vt 0.097256 0.168300
vt 0.113313 0.249720
vt 0.229217 0.118324
vt 0.122569 0.269188
vt 0.121727 0.220258
vt 0.120945 0.210444
vt 0.117472 0.869184
vt 0.738329 0.642035
vt 0.846138 0.539681
vt 0.742670 0.646343
vt 0.114569 0.156920
vt 0.126914 0.732293
vt 0.214250 0.926343
vt 0.767042 0.019464
vt 0.780035 0.017009
vt 0.850130 0.515661
vt 0.841680 0.519919
vt 0.118229 0.158670
vt 0.177590 0.697185
vt 0.109558 0.895008
vt 0.747654 0.058765
vt 0.060196 0.959327
vt 0.360762 0.090183
vt 0.349900 0.098355
vt 0.100562 0.184968
vt 0.818436 0.877568
vt 0.784993 0.881777
vt 0.784448 0.868445
vt 0.042193 0.945219
vt 0.099961 0.877192
vt 0.101955 0.878133
vt 0.127133 0.259323
vt 0.124900 0.259344
vt 0.095676 0.880802
vt 0.123187 0.175485
vt 0.120326 0.150912
vt 0.117403 0.200903
vt 0.836560 0.823657
vt 0.784746 0.827339
vt 0.790148 0.814360
vt 0.106036 0.891934
vt 0.107443 0.872662
vt 0.109744 0.866907
vt 0.215163 0.920565
vt 0.117811 0.239964
vt 0.115697 0.249686
vt 0.115578 0.240005
vt 0.187796 0.811777
vt 0.087332 0.887864
vt 0.254399 0.087308
vt 0.242348 0.081942
vt 0.402048 0.669600
vt 0.043579 0.686573
vt 0.005820 0.003377
vt 0.110809 0.169616
vt 0.138769 0.328146
vt 0.146718 0.341922
vt 0.108472 0.202545
vt 0.087996 0.348192
vt 0.253399 0.089745
vt 0.842807 0.532276
vt 0.084983 0.703037
vt 0.077964 0.696279
vt 0.162250 0.890369
vt 0.093568 0.887934
vt 0.070914 0.704684
vt 0.394678 0.025821
vt 0.134101 0.309925
vt 0.125580 0.304039
vt 0.379777 0.768956
vt 0.079952 0.897153
vt 0.887850 0.603549
vt 0.896609 0.593289
vt 0.911173 0.626734
vt 0.131321 0.713659
vt 0.190914 0.814958
vt 0.067730 0.696339
vt 0.072037 0.689242
vt 0.131796 0.315147
vt 0.391164 0.057959
vt 0.391274 0.052816
vt 0.102338 0.893817
vt 0.105906 0.894188
vt 0.130910 0.886357
vt 0.220484 0.157829
vt 0.237943 0.093229
vt 0.147676 0.785692
vt 0.121742 0.893406
vt 0.121862 0.890865
vt 0.164979 0.881187
vt 0.109395 0.882895
vt 0.108001 0.876931
vt 0.057393 0.695270
vt 0.193536 0.538009
vt 0.179661 0.530441
vt 0.184181 0.526748
vt 0.110679 0.617790
vt 0.100089 0.625633
vt 0.170419 0.732985
vt 0.067247 0.658485
vt 0.059260 0.944164
vt 0.637796 0.749193
vt 0.680444 0.698830
vt 0.115358 0.230358
vt 0.122203 0.230060
vt 0.217692 0.885518
vt 0.117926 0.249673
vt 0.774673 0.122293
vt 0.715604 0.247446
vt 0.738643 0.244378
vt 0.136113 0.919474
vt 0.074286 0.954964
vt 0.409394 0.619606
vt 0.395438 0.600892
vt 0.412920 0.063545
vt 0.407652 0.055984
vt 0.151097 0.337390
vt 0.074779 0.326206
vt 0.089219 0.319650
vt 0.731830 0.635760
vt 0.836865 0.527013
vt 0.681399 0.066731
vt 0.446330 0.110191
vt 0.343432 0.066818
vt 0.726372 0.231091
vt 0.360596 0.715659
vt 0.363684 0.718658
vt 0.252160 0.419754
vt 0.177260 0.510763
vt 0.092438 0.666678
vt 0.085138 0.674598
vt 0.101259 0.756918
vt 0.093173 0.739978
vt 0.104071 0.741358
vt 0.078146 0.668196
vt 0.108306 0.180860
vt 0.108979 0.186028
vt 0.761183 0.212965
vt 0.324457 0.101882
vt 0.224471 0.769646
vt 0.218627 0.791691
vt 0.720425 0.261807
vt 0.735808 0.012519
vt 0.688542 0.269166
vt 0.691314 0.264105
vt 0.743627 0.221620
vt 0.359251 0.087702
vt 0.372288 0.082949
vt 0.705172 0.342801
vt 0.698120 0.333598
vt 0.708343 0.328230
vt 0.130598 0.891723
vt 0.797566 0.197510
vt 0.372301 0.762855
vt 0.364618 0.767166
vt 0.688786 0.282015
vt 0.693504 0.276284
vt 0.576964 0.284922
vt 0.068277 0.921112
vt 0.074237 0.920916
vt 0.104585 0.181927
vt 0.286204 0.116675
vt 0.273519 0.111567
vt 0.140858 0.897964
vt 0.121597 0.151088
vt 0.561584 0.886031
vt 0.080475 0.918976
vt 0.060320 0.928382
vt 0.186702 0.805259
vt 0.239616 0.736756
vt 0.717027 0.258743
vt 0.633452 0.062525
vt 0.617431 0.090170
vt 0.627052 0.064378
vt 0.160853 0.818078
vt 0.735562 0.241028
vt 0.127225 0.298738
vt 0.128009 0.303967
vt 0.125975 0.904436
vt 0.114883 0.645138
vt 0.788039 0.196715
vt 0.390127 0.654359
vt 0.381870 0.000292
vt 0.401620 0.648326
vt 0.153871 0.898744
vt 0.155710 0.338714
vt 0.155606 0.332893
vt 0.164577 0.338812
vt 0.217659 0.891418
vt 0.261527 0.105906
vt 0.789945 0.205547
vt 0.725515 0.096435
vt 0.105823 0.164413
vt 0.103692 0.165065
vt 0.079731 0.776441
vt 0.407492 0.526341
vt 0.410704 0.535591
vt 0.127062 0.239774
vt 0.124975 0.249613
vt 0.731755 0.250639
vt 0.077034 0.339751
vt 0.401203 0.657161
vt 0.105133 0.174625
vt 0.106633 0.877896
vt 0.260850 0.162818
vt 0.081520 0.343520
vt 0.076951 0.344319
vt 0.254232 0.574144
vt 0.252965 0.568527
vt 0.128869 0.886400
vt 0.128940 0.883826
vt 0.106263 0.870432
vt 0.223264 0.791726
vt 0.769541 0.008960
vt 0.773631 0.215122
vt 0.750911 0.215366
vt 0.749468 0.213602
vt 0.263855 0.436881
vt 0.794999 0.188276
vt 0.095036 0.327171
vt 0.690583 0.324180
vt 0.163797 0.833428
vt 0.127960 0.288524
vt 0.092572 0.899423
vt 0.185129 0.756801
vt 0.398415 0.058835
vt 0.405713 0.060687
vt 0.569800 0.858153
vt 0.118966 0.888747
vt 0.065559 0.947001
vt 0.084261 0.888123
vt 0.087108 0.340562
vt 0.614999 0.137509
vt 0.458616 0.720907
vt 0.465601 0.741008
vt 0.453372 0.738745
vt 0.190931 0.819217
vt 0.119429 0.148398
vt 0.121205 0.148983
vt 0.633816 0.041376
vt 0.628266 0.045092
vt 0.135025 0.148895
vt 0.146594 0.912649
vt 0.758276 0.007675
vt 0.236877 0.170000
vt 0.245614 0.196152
vt 0.235611 0.734344
vt 0.240278 0.732217
vt 0.784369 0.073574
vt 0.189666 0.113439
vt 0.205072 0.803913
vt 0.273566 0.283575
vt 0.269315 0.315288
vt 0.263594 0.313750
vt 0.431282 0.652945
vt 0.122065 0.886250
vt 0.422286 0.253481
vt 0.480921 0.124370
vt 0.053297 0.938311
vt 0.195926 0.814717
vt 0.833533 0.522839
vt 0.831270 0.514946
vt 0.121886 0.895265
vt 0.100586 0.309208
vt 0.227867 0.792841
vt 0.229082 0.771831
vt 0.108664 0.152906
vt 0.621273 0.032202
vt 0.019536 0.452961
vt 0.072858 0.759623
vt 0.127205 0.249609
vt 0.132642 0.335715
vt 0.060105 0.946715
vt 0.077876 0.710253
vt 0.145025 0.348943
vt 0.124257 0.199939
vt 0.189468 0.134417
vt 0.793772 0.195279
vt 0.830160 0.901009
vt 0.794315 0.923536
vt 0.790862 0.908829
vt 0.108512 0.174042
vt 0.249209 0.100454
vt 0.122130 0.884092
vt 0.104456 0.878156
vt 0.365181 0.058812
vt 0.656870 0.185892
vt 0.323095 0.087315
vt 0.053971 0.544208
vt 0.051653 0.527411
vt 0.189489 0.387656
vt 0.222432 0.379314
vt 0.190731 0.393696
vt 0.376230 0.396380
vt 0.129509 0.379208
vt 0.132051 0.394643
vt 0.124104 0.380609
vt 0.049833 0.534958
vt 0.044907 0.546102
vt 0.038412 0.518314
vt 0.272819 0.189153
vt 0.281096 0.281563
vt 0.271074 0.257327
vt 0.244719 0.349821
vt 0.220986 0.372948
vt 0.087673 0.555055
vt 0.158974 0.392452
vt 0.138549 0.389477
vt 0.249154 0.354939
vt 0.118575 0.819681
vt 0.609981 0.300946
vt 0.374033 0.761321
vt 0.267299 0.264853
vt 0.617186 0.304623
vt 0.338135 0.686564
vt 0.719528 0.237638
vt 0.461648 0.596736
vt 0.512845 0.414779
vt 0.403540 0.520908
vt 0.783128 0.197639
vt 0.906844 0.583849
vt 0.917819 0.573999
vt 0.933549 0.612663
vt 0.622333 0.310459
vt 0.122522 0.504644
vt 0.143038 0.448256
vt 0.154200 0.398909
vt 0.418900 0.601021
vt 0.424636 0.592149
vt 0.416126 0.631040
vt 0.418730 0.623598
vt 0.808205 0.163431
vt 0.078967 0.536035
vt 0.080315 0.523572
vt 0.696374 0.331980
vt 0.641862 0.296956
vt 0.748080 0.211935
vt 0.254643 0.179153
vt 0.274966 0.671514
vt 0.036916 0.890781
vt 0.042128 0.886427
vt 0.042881 0.890773
vt 0.801432 0.170428
vt 0.620024 0.321273
vt 0.626448 0.326911
vt 0.617294 0.327998
vt 0.692748 0.258397
vt 0.853548 0.647056
vt 0.861525 0.635910
vt 0.887160 0.683816
vt 0.686844 0.327818
vt 0.459889 0.024181
vt 0.365430 0.716403
vt 0.701633 0.267532
vt 0.763815 0.216555
vt 0.300607 0.105161
vt 0.290288 0.100558
vt 0.725327 0.256855
vt 0.436545 0.081490
vt 0.431999 0.076477
vt 0.389539 0.512547
vt 0.629198 0.305157
vt 0.384852 0.409920
vt 0.068268 0.447103
vt 0.187175 0.543586
vt 0.081223 0.357570
vt 0.589845 0.801067
vt 0.124319 0.813731
vt 0.133310 0.801853
vt 0.149794 0.359353
vt 0.130572 0.293886
vt 0.122723 0.150495
vt 0.849815 0.507134
vt 0.746079 0.401852
vt 0.370852 0.080469
vt 0.126321 0.220001
vt 0.229363 0.387138
vt 0.180645 0.447162
vt 0.575662 0.137197
vt 0.831178 0.639937
vt 0.866520 0.593659
vt 0.800853 0.690369
vt 0.885294 0.571411
vt 0.848100 0.616042
vt 0.763402 0.816302
vt 0.813946 0.734744
vt 0.788422 0.717783
vt 0.816429 0.665086
vt 0.760680 0.874654
vt 0.505591 0.907582
vt 0.518629 0.906229
vt 0.516884 0.911989
vt 0.472829 0.944503
vt 0.477064 0.956859
vt 0.470397 0.948236
vt 0.511147 0.893034
vt 0.523517 0.888269
vt 0.523171 0.894796
vt 0.482979 0.945810
vt 0.495155 0.946680
vt 0.492596 0.951862
vt 0.786305 0.732574
vt 0.774825 0.786888
vt 0.521048 0.900685
vt 0.503316 0.912357
vt 0.514530 0.917487
vt 0.869612 0.071150
vt 0.863763 0.079304
vt 0.864023 0.071137
vt 0.852092 0.059464
vt 0.847663 0.071750
vt 0.845767 0.059352
vt 0.895310 0.063248
vt 0.895484 0.075838
vt 0.890843 0.074379
vt 0.839739 0.061295
vt 0.842395 0.072228
vt 0.888862 0.062273
vt 0.880451 0.072387
vt 0.882887 0.060086
vt 0.885765 0.073094
vt 0.837325 0.073276
vt 0.833256 0.061977
vt 0.876536 0.059948
vt 0.875157 0.071680
vt 0.832691 0.074521
vt 0.826625 0.063921
vt 0.870356 0.060341
vt 0.828507 0.076252
vt 0.820126 0.067529
vt 0.864315 0.058943
vt 0.825150 0.078658
vt 0.814693 0.073665
vt 0.858227 0.060111
vt 0.858465 0.070945
vt 0.908190 0.069048
vt 0.902916 0.079943
vt 0.899583 0.077649
vt 0.852929 0.071264
vt 0.502843 0.937717
vt 0.495172 0.926859
vt 0.506280 0.932959
vt 0.828091 0.085101
vt 0.858643 0.079441
vt 0.896950 0.085183
vt 0.853576 0.079739
vt 0.892775 0.083898
vt 0.848668 0.080246
vt 0.888397 0.082649
vt 0.843967 0.080907
vt 0.878967 0.080704
vt 0.883784 0.081553
vt 0.839502 0.081719
vt 0.873987 0.080046
vt 0.835322 0.082571
vt 0.868901 0.079579
vt 0.831395 0.083149
vt 0.849299 0.093791
vt 0.854884 0.101805
vt 0.850598 0.102096
vt 0.893134 0.106295
vt 0.892228 0.116107
vt 0.888611 0.114743
vt 0.891234 0.097169
vt 0.884445 0.103930
vt 0.886495 0.095920
vt 0.844452 0.094600
vt 0.846227 0.102630
vt 0.881837 0.094858
vt 0.875971 0.102399
vt 0.877211 0.094040
vt 0.880189 0.103029
vt 0.841820 0.103677
vt 0.839466 0.095414
vt 0.871796 0.101964
vt 0.872594 0.093476
vt 0.834183 0.096491
vt 0.837455 0.104825
vt 0.867614 0.101699
vt 0.867977 0.093178
vt 0.833271 0.106555
vt 0.828467 0.097115
vt 0.863388 0.101670
vt 0.863366 0.093186
vt 0.901431 0.099862
vt 0.901568 0.109876
vt 0.897432 0.107824
vt 0.858725 0.093174
vt 0.859131 0.101526
vt 0.896156 0.098525
vt 0.854048 0.093236
vt 0.888768 0.105008
vt 0.901055 0.086238
vt 0.907199 0.100615
vt 0.904999 0.086124
vt 0.859950 0.111136
vt 0.856335 0.111358
vt 0.884991 0.113758
vt 0.852686 0.111473
vt 0.881391 0.113020
vt 0.849085 0.112005
vt 0.874271 0.111881
vt 0.877809 0.112463
vt 0.845425 0.112626
vt 0.870672 0.111667
vt 0.841746 0.113658
vt 0.867100 0.111313
vt 0.838092 0.115398
vt 0.863534 0.111014
vt 0.863665 0.115752
vt 0.885695 0.118462
vt 0.888525 0.119175
vt 0.860420 0.115688
vt 0.882717 0.117835
vt 0.853971 0.115970
vt 0.857185 0.115741
vt 0.879690 0.117308
vt 0.876557 0.116843
vt 0.850861 0.116254
vt 0.873385 0.116466
vt 0.847851 0.116642
vt 0.866917 0.115882
vt 0.870159 0.116104
vt 0.844973 0.117113
vt 0.895642 0.118261
vt 0.891235 0.120106
vt 0.489050 0.936130
vt 0.499210 0.942375
vt 0.500828 0.917212
vt 0.512006 0.922821
vt 0.781777 0.760972
vt 0.509454 0.897955
vt 0.756159 0.843581
vt 0.766246 0.905172
vt 0.787312 0.895128
vt 0.479941 0.951230
vt 0.490554 0.957403
vt 0.483752 0.968929
vt 0.486703 0.962218
vt 0.917849 0.888085
vt 0.944581 0.880481
vt 0.943949 0.889183
vt 0.512317 0.888712
vt 0.523189 0.880659
vt 0.921477 0.852692
vt 0.947694 0.845697
vt 0.946914 0.854364
vt 0.498028 0.922068
vt 0.509941 0.928330
vt 0.924132 0.826407
vt 0.949384 0.819704
vt 0.948936 0.828382
vt 0.492144 0.931507
vt 0.920541 0.861505
vt 0.946098 0.863069
vt 0.918480 0.949374
vt 0.943196 0.941430
vt 0.943142 0.950242
vt 0.923283 0.835158
vt 0.948419 0.837039
vt 0.497274 0.904118
vt 0.507752 0.902895
vt 0.505783 0.882301
vt 0.514364 0.881381
vt 0.512736 0.884669
vt 0.499111 0.899829
vt 0.502635 0.890795
vt 0.468978 0.923516
vt 0.484398 0.927064
vt 0.481442 0.931462
vt 0.495156 0.908632
vt 0.478547 0.935797
vt 0.475677 0.940104
vt 0.492859 0.913237
vt 0.504149 0.886411
vt 0.486086 0.940970
vt 0.500858 0.895569
vt 0.487321 0.922566
vt 0.490205 0.917814
vt 0.459089 0.937552
vt 0.482429 0.902101
vt 0.472233 0.919333
vt 0.475402 0.915249
vt 0.495306 0.874796
vt 0.507839 0.878792
vt 0.488690 0.888767
vt 0.491031 0.884400
vt 0.492742 0.879482
vt 0.462263 0.932480
vt 0.455532 0.942654
vt 0.465497 0.927769
vt 0.486462 0.893109
vt 0.474035 0.897111
vt 0.484641 0.897719
vt 0.477720 0.910780
vt 0.474064 0.877853
vt 0.483672 0.876317
vt 0.482058 0.880489
vt 0.472613 0.881847
vt 0.480275 0.884882
vt 0.449864 0.914053
vt 0.458337 0.919996
vt 0.454853 0.923941
vt 0.466824 0.892236
vt 0.476217 0.893188
vt 0.446626 0.916849
vt 0.451086 0.927853
vt 0.442543 0.919132
vt 0.447417 0.931434
vt 0.476381 0.869121
vt 0.487129 0.867963
vt 0.485311 0.871826
vt 0.474884 0.873365
vt 0.464225 0.912455
vt 0.466863 0.908737
vt 0.497883 0.869746
vt 0.469340 0.904950
vt 0.479753 0.906233
vt 0.460005 0.901708
vt 0.462486 0.898717
vt 0.471711 0.900906
vt 0.464450 0.895352
vt 0.468731 0.888857
vt 0.478270 0.889169
vt 0.470710 0.885468
vt 0.452684 0.910986
vt 0.461367 0.916159
vt 0.455290 0.907918
vt 0.457835 0.904953
vt 0.454440 0.900493
vt 0.468303 0.881153
vt 0.458788 0.895106
vt 0.452320 0.903023
vt 0.471515 0.867429
vt 0.478222 0.865594
vt 0.466621 0.883741
vt 0.464807 0.886517
vt 0.469883 0.877870
vt 0.448109 0.907611
vt 0.444936 0.854069
vt 0.443251 0.856023
vt 0.462862 0.889428
vt 0.421330 0.875240
vt 0.446011 0.909660
vt 0.441442 0.857923
vt 0.433017 0.865964
vt 0.430156 0.867809
vt 0.450194 0.905389
vt 0.418639 0.878310
vt 0.412741 0.888195
vt 0.442435 0.913393
vt 0.411724 0.891488
vt 0.416270 0.881582
vt 0.456669 0.897854
vt 0.427230 0.869936
vt 0.439585 0.859886
vt 0.410433 0.894424
vt 0.441373 0.915723
vt 0.424250 0.872428
vt 0.437655 0.861921
vt 0.435663 0.864000
vt 0.414309 0.884840
vt 0.460921 0.892234
vt 0.443800 0.911313
vt 0.916937 0.923287
vt 0.942979 0.915225
vt 0.943020 0.923932
vt 0.917090 0.896967
vt 0.943444 0.897874
vt 0.924964 0.817638
vt 0.949857 0.811014
vt 0.922394 0.843911
vt 0.943125 0.906548
vt 0.919593 0.870347
vt 0.945299 0.871784
vt 0.917458 0.931994
vt 0.943111 0.932658
vt 0.916591 0.914541
vt 0.918028 0.940684
vt 0.897425 0.841237
vt 0.896358 0.850093
vt 0.889119 0.915338
vt 0.890390 0.924587
vt 0.900522 0.814890
vt 0.899463 0.823639
vt 0.891642 0.886337
vt 0.890288 0.895684
vt 0.895295 0.859026
vt 0.925819 0.808896
vt 0.893460 0.942280
vt 0.895121 0.950943
vt 0.898439 0.832418
vt 0.892909 0.877135
vt 0.888723 0.905229
vt 0.916688 0.905753
vt 0.891859 0.933514
vt 0.918720 0.879193
vt 0.894180 0.868036
vt 0.845841 0.850486
vt 0.869180 0.863649
vt 0.844627 0.858778
vt 0.870386 0.854922
vt 0.843427 0.866973
vt 0.867772 0.872372
vt 0.839575 0.943258
vt 0.866658 0.940860
vt 0.843249 0.951315
vt 0.863583 0.932476
vt 0.869628 0.949224
vt 0.846797 0.959431
vt 0.837544 0.890835
vt 0.859281 0.906802
vt 0.834743 0.898762
vt 0.862071 0.898336
vt 0.885461 0.914032
vt 0.839880 0.882955
vt 0.866187 0.881076
vt 0.841810 0.875010
vt 0.850091 0.816418
vt 0.873661 0.828761
vt 0.849015 0.825042
vt 0.874744 0.820044
vt 0.872609 0.837480
vt 0.847954 0.833605
vt 0.872727 0.957526
vt 0.850474 0.967501
vt 0.851201 0.807732
vt 0.877151 0.802656
vt 0.875891 0.811341
vt 0.901657 0.806172
vt 0.846957 0.842095
vt 0.871499 0.846193
vt 0.864307 0.889721
vt 0.831618 0.906898
vt 0.856077 0.915256
vt 0.968812 0.942217
vt 0.993769 0.933295
vt 0.994033 0.941875
vt 0.968718 0.933451
vt 0.968700 0.916080
vt 0.993847 0.908123
vt 0.993704 0.916460
vt 0.968916 0.907451
vt 0.993626 0.924839
vt 0.968695 0.924740
vt 0.995188 0.883160
vt 0.970903 0.872992
vt 0.995938 0.874803
vt 0.970255 0.881620
vt 0.996711 0.866388
vt 0.971681 0.864332
vt 0.969186 0.898845
vt 0.994215 0.899811
vt 0.973284 0.846910
vt 0.999999 0.840716
vt 0.998723 0.849422
vt 0.973957 0.838200
vt 0.995635 0.822565
vt 0.973499 0.813320
vt 0.995231 0.815080
vt 0.973556 0.821552
vt 0.994634 0.891491
vt 0.969658 0.890238
vt 0.996092 0.830056
vt 0.996655 0.837379
vt 0.973721 0.829834
vt 0.968931 0.951037
vt 0.994381 0.950614
vt 0.997612 0.857927
vt 0.972507 0.855639
vt 0.093030 0.008474
vt 0.089353 0.010403
vt 0.089640 0.008023
vt 0.095471 0.015380
vt 0.096627 0.019066
vt 0.093759 0.017983
vt 0.102426 0.013793
vt 0.106237 0.013011
vt 0.105017 0.015699
vt 0.093955 0.006460
vt 0.097929 0.010799
vt 0.093882 0.004561
vt 0.090281 0.006059
vt 0.090276 0.004353
vt 0.092951 0.012391
vt 0.091345 0.015835
vt 0.089917 0.013226
vt 0.099314 0.015957
vt 0.102739 0.018009
vt 0.099833 0.019071
vt 0.103145 0.010074
vt 0.105581 0.007226
vt 0.106416 0.009939
vt 0.092416 0.010455
vt 0.096599 0.005801
vt 0.103389 0.012044
vt 0.102636 0.008096
vt 0.101063 0.006644
vt 0.099226 0.005229
vt 0.104077 0.004901
vt 0.851779 0.228698
vt 0.847718 0.231846
vt 0.847537 0.229544
vt 0.852658 0.232631
vt 0.846786 0.234111
vt 0.844942 0.225575
vt 0.850715 0.224915
vt 0.846630 0.227378
vt 0.874820 0.160878
vt 0.870945 0.155647
vt 0.873882 0.155534
vt 0.876776 0.155222
vt 0.879648 0.154826
vt 0.878769 0.160640
vt 0.871167 0.162191
vt 0.868028 0.155571
vt 0.848741 0.153398
vt 0.861974 0.155606
vt 0.859536 0.153929
vt 0.862310 0.154681
vt 0.865137 0.155245
vt 0.844638 0.235202
vt 0.841694 0.236153
vt 0.841763 0.235506
vt 0.885351 0.154075
vt 0.882442 0.154302
vt 0.885164 0.153811
vt 0.847207 0.236774
vt 0.882745 0.156864
vt 0.856810 0.154776
vt 0.856804 0.153295
vt 0.865729 0.158741
vt 0.864528 0.207120
vt 0.863925 0.215029
vt 0.860560 0.210425
vt 0.879098 0.226795
vt 0.877490 0.235218
vt 0.874566 0.228092
vt 0.869817 0.230390
vt 0.867857 0.202960
vt 0.876209 0.200188
vt 0.872960 0.206860
vt 0.884850 0.231512
vt 0.883512 0.226681
vt 0.871063 0.192483
vt 0.870072 0.197940
vt 0.892939 0.180037
vt 0.899597 0.175073
vt 0.897389 0.180459
vt 0.870610 0.187088
vt 0.877360 0.192802
vt 0.893659 0.172743
vt 0.889345 0.177565
vt 0.874310 0.180665
vt 0.876295 0.186346
vt 0.886661 0.173983
vt 0.867555 0.176952
vt 0.869319 0.181866
vt 0.890247 0.167456
vt 0.884632 0.169885
vt 0.882246 0.161050
vt 0.889086 0.164477
vt 0.883127 0.165524
vt 0.865627 0.172129
vt 0.872266 0.175054
vt 0.888815 0.161452
vt 0.868141 0.164075
vt 0.870250 0.169558
vt 0.889588 0.158610
vt 0.863417 0.167702
vt 0.839255 0.243712
vt 0.857910 0.160981
vt 0.860994 0.163763
vt 0.853144 0.236167
vt 0.846420 0.243354
vt 0.854912 0.158726
vt 0.860349 0.240862
vt 0.858962 0.234492
vt 0.847756 0.216708
vt 0.844961 0.222984
vt 0.843776 0.218249
vt 0.868592 0.211603
vt 0.866756 0.239080
vt 0.864493 0.232421
vt 0.852025 0.215166
vt 0.849737 0.221730
vt 0.856351 0.213022
vt 0.854500 0.220024
vt 0.863479 0.228882
vt 0.867332 0.222278
vt 0.868640 0.226542
vt 0.860715 0.221041
vt 0.862180 0.224893
vt 0.859248 0.217872
vt 0.865641 0.218278
vt 0.873723 0.223947
vt 0.870652 0.214948
vt 0.872435 0.219310
vt 0.875885 0.209016
vt 0.879775 0.222560
vt 0.883512 0.183050
vt 0.883522 0.189861
vt 0.879759 0.185190
vt 0.881022 0.192910
vt 0.878835 0.196541
vt 0.881729 0.224597
vt 0.876152 0.213021
vt 0.876214 0.204801
vt 0.889074 0.185188
vt 0.886822 0.180326
vt 0.891873 0.183476
vt 0.894678 0.182127
vt 0.880721 0.177875
vt 0.883951 0.175841
vt 0.877342 0.179464
vt 0.881701 0.171109
vt 0.878391 0.172515
vt 0.875116 0.173883
vt 0.879941 0.166060
vt 0.873106 0.168193
vt 0.876503 0.166951
vt 0.858133 0.231006
vt 0.856991 0.227038
vt 0.855734 0.223231
vt 0.849275 0.202715
vt 0.854346 0.203509
vt 0.851122 0.205472
vt 0.854115 0.153310
vt 0.846042 0.153471
vt 0.842220 0.117775
vt 0.783027 0.253388
vt 0.777319 0.256474
vt 0.777599 0.253677
vt 0.853482 0.242287
vt 0.846041 0.246175
vt 0.790139 0.255393
vt 0.783189 0.256312
vt 0.853823 0.245051
vt 0.797588 0.251159
vt 0.789791 0.252647
vt 0.874128 0.239884
vt 0.867979 0.241865
vt 0.861176 0.243558
vt 0.806452 0.249407
vt 0.798149 0.253937
vt 0.872427 0.237134
vt 0.816643 0.250396
vt 0.807049 0.252274
vt 0.884402 0.235509
vt 0.879670 0.237914
vt 0.826773 0.245682
vt 0.816202 0.247680
vt 0.881680 0.233300
vt 0.826938 0.248536
vt 0.773330 0.252838
vt 0.772177 0.255445
vt 0.837698 0.247022
vt 0.870283 0.246070
vt 0.817114 0.255016
vt 0.888880 0.238651
vt 0.892419 0.234539
vt 0.887855 0.231921
vt 0.836947 0.251750
vt 0.770715 0.259737
vt 0.846102 0.250783
vt 0.782559 0.261074
vt 0.854624 0.249447
vt 0.798375 0.258537
vt 0.862710 0.247834
vt 0.807516 0.256838
vt 0.883565 0.241682
vt 0.855692 0.253683
vt 0.847852 0.261516
vt 0.846612 0.254987
vt 0.781263 0.265777
vt 0.788637 0.271748
vt 0.779339 0.272952
vt 0.864305 0.252132
vt 0.857441 0.260085
vt 0.789539 0.264745
vt 0.798131 0.270026
vt 0.880368 0.247888
vt 0.875871 0.256239
vt 0.872539 0.250163
vt 0.866765 0.258346
vt 0.798360 0.263220
vt 0.807867 0.268062
vt 0.893158 0.250805
vt 0.884700 0.253851
vt 0.807606 0.261336
vt 0.817859 0.266151
vt 0.893918 0.241439
vt 0.887633 0.245237
vt 0.827213 0.257609
vt 0.817330 0.259547
vt 0.907093 0.240794
vt 0.900913 0.246584
vt 0.837945 0.262763
vt 0.827927 0.264471
vt 0.773685 0.265686
vt 0.762280 0.270940
vt 0.767108 0.263753
vt 0.837164 0.256355
vt 0.770352 0.272921
vt 0.776001 0.261086
vt 0.827044 0.253279
vt 0.877259 0.243961
vt 0.790038 0.260071
vt 0.904125 0.249294
vt 0.918140 0.249172
vt 0.909067 0.254773
vt 0.838423 0.265867
vt 0.829162 0.273599
vt 0.828361 0.267801
vt 0.768898 0.276615
vt 0.756452 0.282263
vt 0.759792 0.274783
vt 0.849678 0.270276
vt 0.839422 0.271599
vt 0.777536 0.282621
vt 0.766987 0.283276
vt 0.858320 0.263204
vt 0.848511 0.264705
vt 0.778519 0.276431
vt 0.787891 0.281005
vt 0.867906 0.261386
vt 0.859798 0.268794
vt 0.788236 0.275056
vt 0.798181 0.279020
vt 0.886597 0.256749
vt 0.879703 0.264622
vt 0.877316 0.259295
vt 0.869789 0.266827
vt 0.808101 0.271306
vt 0.798141 0.273309
vt 0.899409 0.258867
vt 0.889580 0.262082
vt 0.818818 0.275149
vt 0.808534 0.277172
vt 0.895601 0.253605
vt 0.818222 0.269447
vt 0.850160 0.272591
vt 0.862062 0.278000
vt 0.851610 0.279995
vt 0.787878 0.283428
vt 0.777501 0.292946
vt 0.777317 0.285153
vt 0.870516 0.269113
vt 0.860391 0.271109
vt 0.798303 0.281394
vt 0.788504 0.290888
vt 0.880600 0.266790
vt 0.893273 0.271432
vt 0.882963 0.274250
vt 0.872578 0.276202
vt 0.809514 0.287008
vt 0.799110 0.289177
vt 0.890666 0.264323
vt 0.904010 0.268478
vt 0.808757 0.279581
vt 0.819997 0.284970
vt 0.900774 0.261103
vt 0.915192 0.264678
vt 0.819084 0.277543
vt 0.830538 0.283104
vt 0.910913 0.257080
vt 0.927822 0.260191
vt 0.839844 0.273928
vt 0.829491 0.275960
vt 0.766378 0.286001
vt 0.752282 0.295729
vt 0.755151 0.285529
vt 0.841107 0.281448
vt 0.765806 0.294289
vt 0.820743 0.289877
vt 0.916819 0.269997
vt 0.930060 0.267187
vt 0.841868 0.286100
vt 0.766414 0.299592
vt 0.852602 0.284953
vt 0.778149 0.298091
vt 0.863181 0.282870
vt 0.789092 0.295790
vt 0.873765 0.280968
vt 0.799712 0.294050
vt 0.884334 0.278993
vt 0.905617 0.273569
vt 0.855722 0.298327
vt 0.845082 0.303362
vt 0.844427 0.300047
vt 0.831364 0.288192
vt 0.843331 0.294271
vt 0.832547 0.295940
vt 0.753487 0.302777
vt 0.769301 0.308615
vt 0.759183 0.312356
vt 0.865058 0.290894
vt 0.854233 0.292487
vt 0.790647 0.304470
vt 0.780013 0.306253
vt 0.875700 0.288927
vt 0.896835 0.284876
vt 0.886262 0.287085
vt 0.810220 0.291918
vt 0.801038 0.302205
vt 0.894719 0.276200
vt 0.811438 0.300114
vt 0.918044 0.279793
vt 0.907245 0.282032
vt 0.821910 0.297989
vt 0.888194 0.293038
vt 0.877676 0.294937
vt 0.801726 0.308549
vt 0.898397 0.291162
vt 0.811983 0.306279
vt 0.908212 0.288959
vt 0.822502 0.303980
vt 0.928874 0.278839
vt 0.917931 0.287240
vt 0.833289 0.301673
vt 0.772249 0.315118
vt 0.763769 0.318836
vt 0.791671 0.310736
vt 0.781844 0.312613
vt 0.866863 0.296459
vt 0.907052 0.314031
vt 0.912842 0.311289
vt 0.913831 0.313664
vt 0.774079 0.318983
vt 0.868100 0.299938
vt 0.856697 0.301820
vt 0.782981 0.316713
vt 0.879106 0.298479
vt 0.792341 0.314695
vt 0.889465 0.296733
vt 0.801991 0.312386
vt 0.899309 0.295185
vt 0.812108 0.310095
vt 0.908747 0.293346
vt 0.822692 0.307647
vt 0.927318 0.287106
vt 0.917866 0.291830
vt 0.833681 0.305243
vt 0.765925 0.322878
vt 0.822563 0.315807
vt 0.926939 0.292074
vt 0.917486 0.302727
vt 0.834279 0.312808
vt 0.778325 0.328192
vt 0.772344 0.330407
vt 0.846771 0.310205
vt 0.871595 0.307433
vt 0.859546 0.308478
vt 0.793022 0.324084
vt 0.785225 0.326090
vt 0.882812 0.306570
vt 0.802104 0.321846
vt 0.893048 0.305739
vt 0.902256 0.304538
vt 0.811808 0.318887
vt 0.910237 0.303432
vt 0.897589 0.312070
vt 0.887847 0.312169
vt 0.800139 0.328845
vt 0.905736 0.311848
vt 0.809624 0.325475
vt 0.919220 0.310587
vt 0.820795 0.321602
vt 0.923839 0.302459
vt 0.833598 0.317780
vt 0.773599 0.336677
vt 0.848244 0.314209
vt 0.779344 0.335472
vt 0.863058 0.312885
vt 0.785525 0.333775
vt 0.876311 0.312295
vt 0.792373 0.331657
vt 0.863815 0.314104
vt 0.779480 0.337779
vt 0.785408 0.336179
vt 0.877891 0.313705
vt 0.791909 0.334027
vt 0.889652 0.313880
vt 0.799377 0.331137
vt 0.899189 0.314047
vt 0.808506 0.327619
vt 0.913109 0.338496
vt 0.921300 0.343496
vt 0.819732 0.323445
vt 0.919942 0.313007
vt 0.895131 0.206649
vt 0.897383 0.208943
vt 0.894801 0.208986
vt 0.833314 0.319148
vt 0.925224 0.309650
vt 0.925440 0.311824
vt 0.848401 0.315296
vt 0.851273 0.159840
vt 0.858473 0.208069
vt 0.861775 0.204781
vt 0.867596 0.191966
vt 0.867094 0.187250
vt 0.860774 0.169613
vt 0.845949 0.213977
vt 0.864795 0.201197
vt 0.866245 0.182582
vt 0.857996 0.166190
vt 0.850284 0.212219
vt 0.866949 0.196817
vt 0.864834 0.177983
vt 0.854869 0.163058
vt 0.854430 0.210377
vt 0.862733 0.173775
vt 0.860608 0.174899
vt 0.859836 0.203179
vt 0.858585 0.171126
vt 0.862466 0.199813
vt 0.855936 0.167845
vt 0.864370 0.195959
vt 0.852877 0.164766
vt 0.864922 0.191673
vt 0.849175 0.161766
vt 0.864607 0.187351
vt 0.840326 0.213059
vt 0.844912 0.211682
vt 0.863809 0.183032
vt 0.849105 0.210112
vt 0.862482 0.178836
vt 0.853062 0.208281
vt 0.856732 0.206088
vt 0.848302 0.208549
vt 0.862043 0.183348
vt 0.860771 0.179441
vt 0.858386 0.202013
vt 0.859042 0.175715
vt 0.857041 0.172195
vt 0.862488 0.195337
vt 0.851546 0.166113
vt 0.863023 0.191422
vt 0.840008 0.211054
vt 0.862800 0.187378
vt 0.857609 0.176475
vt 0.857079 0.201002
vt 0.855720 0.173118
vt 0.860796 0.198878
vt 0.859308 0.198087
vt 0.853265 0.170135
vt 0.854519 0.169028
vt 0.860802 0.194777
vt 0.850419 0.167401
vt 0.861376 0.191133
vt 0.848035 0.163503
vt 0.847243 0.165173
vt 0.861175 0.187386
vt 0.843831 0.208436
vt 0.844317 0.209988
vt 0.860460 0.183625
vt 0.847593 0.207129
vt 0.859232 0.179965
vt 0.855484 0.204706
vt 0.852044 0.206809
vt 0.842930 0.205157
vt 0.857129 0.184186
vt 0.855979 0.181085
vt 0.852055 0.201011
vt 0.854630 0.177997
vt 0.854379 0.198871
vt 0.850786 0.172469
vt 0.856204 0.196376
vt 0.857472 0.193600
vt 0.845034 0.168306
vt 0.857875 0.190556
vt 0.839273 0.205677
vt 0.840016 0.209267
vt 0.857751 0.187380
vt 0.849861 0.198481
vt 0.851824 0.196821
vt 0.852873 0.175143
vt 0.851685 0.179566
vt 0.850279 0.177044
vt 0.853347 0.194864
vt 0.848615 0.174788
vt 0.854230 0.192587
vt 0.846548 0.173024
vt 0.848220 0.170172
vt 0.854682 0.190139
vt 0.844276 0.171854
vt 0.854488 0.187549
vt 0.842493 0.201967
vt 0.853844 0.184896
vt 0.845083 0.201053
vt 0.846222 0.204084
vt 0.853019 0.182156
vt 0.847638 0.200009
vt 0.886217 0.187237
vt 0.897009 0.192263
vt 0.894711 0.194104
vt 0.889575 0.218511
vt 0.890951 0.220537
vt 0.892405 0.196147
vt 0.899261 0.190555
vt 0.886660 0.212461
vt 0.886984 0.209986
vt 0.888224 0.216601
vt 0.890462 0.198661
vt 0.888942 0.201408
vt 0.876845 0.216729
vt 0.878180 0.219875
vt 0.887455 0.214506
vt 0.845868 0.174190
vt 0.892246 0.222685
vt 0.883873 0.226380
vt 0.877194 0.200570
vt 0.887971 0.204312
vt 0.903397 0.187000
vt 0.901490 0.188817
vt 0.890386 0.205366
vt 0.892873 0.199983
vt 0.901374 0.192167
vt 0.887232 0.207240
vt 0.890139 0.211957
vt 0.891411 0.202525
vt 0.899656 0.193934
vt 0.891078 0.220604
vt 0.894650 0.219333
vt 0.893827 0.221969
vt 0.896998 0.195780
vt 0.905356 0.222705
vt 0.908069 0.225756
vt 0.904928 0.225544
vt 0.897376 0.223945
vt 0.901747 0.222451
vt 0.901247 0.225050
vt 0.903836 0.190695
vt 0.898152 0.221251
vt 0.890081 0.208446
vt 0.894983 0.211481
vt 0.900206 0.217002
vt 0.902850 0.217627
vt 0.897004 0.202477
vt 0.895813 0.204454
vt 0.895772 0.213986
vt 0.897849 0.215642
vt 0.898569 0.200719
vt 0.908541 0.217291
vt 0.908928 0.222671
vt 0.903816 0.192053
vt 0.902587 0.197748
vt 0.908017 0.191751
vt 0.910788 0.197586
vt 0.907939 0.196982
vt 0.900441 0.199131
vt 0.905627 0.217740
vt 0.894799 0.197807
vt 0.905169 0.196989
vt 0.891263 0.216502
vt 0.907617 0.199710
vt 0.897529 0.210788
vt 0.903333 0.215118
vt 0.898261 0.205396
vt 0.901365 0.214694
vt 0.898229 0.212454
vt 0.899182 0.203803
vt 0.905388 0.215077
vt 0.905599 0.199685
vt 0.903677 0.200200
vt 0.900446 0.202388
vt 0.899608 0.213791
vt 0.901827 0.213655
vt 0.909524 0.200161
vt 0.907513 0.200925
vt 0.903496 0.214008
vt 0.900136 0.204377
vt 0.898620 0.210390
vt 0.905263 0.213922
vt 0.899315 0.205791
vt 0.902566 0.202060
vt 0.901913 0.201124
vt 0.904097 0.201310
vt 0.905767 0.200861
vt 0.898683 0.207266
vt 0.897563 0.207104
vt 0.901275 0.203168
vt 0.898495 0.208831
vt 0.899250 0.211791
vt 0.907039 0.213391
vt 0.907274 0.214626
vt 0.900354 0.212917
vt 0.851719 0.182655
vt 0.846947 0.198803
vt 0.844539 0.199658
vt 0.849151 0.177822
vt 0.850365 0.180267
vt 0.852380 0.185245
vt 0.847529 0.175869
vt 0.842263 0.200623
vt 0.839924 0.202220
vt 0.840141 0.200661
vt 0.852917 0.192198
vt 0.851986 0.194115
vt 0.853114 0.187698
vt 0.853138 0.190013
vt 0.850787 0.195913
vt 0.848903 0.197314
vt 0.101261 0.015377
vt 0.093769 0.014279
vt 0.097341 0.016263
vt 0.102482 0.003062
vt 0.093806 0.002964
vt 0.090149 0.002930
vt 0.089772 0.005932
vt 0.089364 0.007947
vt 0.088867 0.010370
vt 0.089662 0.013300
vt 0.090979 0.016117
vt 0.093622 0.018209
vt 0.096555 0.019529
vt 0.099880 0.019336
vt 0.103299 0.018104
vt 0.105244 0.015851
vt 0.106704 0.013127
vt 0.106688 0.009914
vt 0.106022 0.007036
vt 0.104306 0.004751
vt 0.089651 0.003032
vt 0.089985 0.004317
vt 0.102982 0.002930
vt 0.102623 0.018544
vt 0.431247 0.825223
vt 0.433522 0.822699
vt 0.434086 0.824651
vt 0.420401 0.824062
vt 0.420982 0.821269
vt 0.426611 0.828415
vt 0.431969 0.826980
vt 0.428645 0.834427
vt 0.427034 0.835133
vt 0.430211 0.833646
vt 0.431315 0.832271
vt 0.432089 0.830632
vt 0.432001 0.828802
vt 0.413697 0.874815
vt 0.409247 0.879206
vt 0.417095 0.869892
vt 0.419478 0.865231
vt 0.387638 0.797904
vt 0.384428 0.802585
vt 0.384886 0.797845
vt 0.382158 0.797098
vt 0.380189 0.802145
vt 0.379733 0.795755
vt 0.376297 0.801619
vt 0.390191 0.797155
vt 0.388667 0.803114
vt 0.430327 0.866473
vt 0.435875 0.862418
vt 0.410843 0.892439
vt 0.408382 0.887642
vt 0.378419 0.793670
vt 0.377374 0.791252
vt 0.377964 0.791205
vt 0.404623 0.883083
vt 0.376700 0.796078
vt 0.424872 0.867392
vt 0.392844 0.798253
vt 0.392282 0.803618
vt 0.405779 0.853414
vt 0.406438 0.844712
vt 0.409740 0.849092
vt 0.383445 0.861857
vt 0.385881 0.850837
vt 0.389279 0.858094
vt 0.392579 0.865244
vt 0.399440 0.842965
vt 0.401949 0.834572
vt 0.403871 0.839783
vt 0.377316 0.844736
vt 0.383364 0.843266
vt 0.395438 0.831420
vt 0.400530 0.829312
vt 0.380761 0.835749
vt 0.394126 0.825726
vt 0.399450 0.824126
vt 0.372512 0.828036
vt 0.379006 0.828194
vt 0.393167 0.820151
vt 0.398662 0.818952
vt 0.377340 0.820798
vt 0.392507 0.814721
vt 0.397925 0.813984
vt 0.369681 0.812465
vt 0.376544 0.813914
vt 0.369089 0.805421
vt 0.376329 0.807610
vt 0.397523 0.809028
vt 0.369156 0.799273
vt 0.397585 0.804040
vt 0.371100 0.790391
vt 0.397938 0.799405
vt 0.404182 0.904939
vt 0.432815 0.857598
vt 0.438360 0.856613
vt 0.397847 0.892779
vt 0.427678 0.858535
vt 0.394038 0.885881
vt 0.400716 0.877695
vt 0.422661 0.857844
vt 0.396583 0.871737
vt 0.417909 0.855963
vt 0.414387 0.861995
vt 0.413505 0.852909
vt 0.399909 0.868641
vt 0.395845 0.862544
vt 0.403605 0.865023
vt 0.399467 0.859445
vt 0.407053 0.861335
vt 0.402933 0.856268
vt 0.409784 0.858011
vt 0.392330 0.855927
vt 0.399318 0.850718
vt 0.402245 0.848519
vt 0.386524 0.842046
vt 0.392761 0.846956
vt 0.389104 0.849124
vt 0.395858 0.853284
vt 0.386500 0.827346
vt 0.392033 0.832638
vt 0.388167 0.833885
vt 0.390573 0.826561
vt 0.384182 0.835024
vt 0.397197 0.837147
vt 0.393995 0.838700
vt 0.390239 0.840430
vt 0.396366 0.844698
vt 0.381006 0.821133
vt 0.382542 0.827937
vt 0.385248 0.820928
vt 0.389501 0.820653
vt 0.380313 0.814498
vt 0.388821 0.814754
vt 0.380082 0.808247
vt 0.384608 0.814615
vt 0.388490 0.808805
vt 0.392115 0.809062
vt 0.384341 0.808569
vt 0.404395 0.874101
vt 0.411779 0.865901
vt 0.408303 0.870079
vt 0.417721 0.839165
vt 0.418687 0.844469
vt 0.415749 0.841801
vt 0.371973 0.835729
vt 0.374780 0.836251
vt 0.401020 0.899141
vt 0.395002 0.896887
vt 0.367743 0.818489
vt 0.370852 0.820071
vt 0.390495 0.878211
vt 0.384354 0.872332
vt 0.386827 0.870159
vt 0.391428 0.889317
vt 0.366395 0.810545
vt 0.365934 0.796947
vt 0.377672 0.853946
vt 0.380243 0.853240
vt 0.370147 0.794298
vt 0.406521 0.910878
vt 0.400890 0.908846
vt 0.397999 0.903205
vt 0.251518 0.934275
vt 0.244569 0.939070
vt 0.242327 0.912281
vt 0.235010 0.932843
vt 0.245466 0.881858
vt 0.252249 0.889133
vt 0.234857 0.890132
vt 0.256919 0.929344
vt 0.259813 0.923012
vt 0.227580 0.898369
vt 0.261510 0.916526
vt 0.223900 0.907507
vt 0.261614 0.909695
vt 0.224109 0.917059
vt 0.259884 0.902761
vt 0.228048 0.925765
vt 0.256782 0.895921
vt 0.274955 0.844195
vt 0.237608 0.849897
vt 0.271465 0.833762
vt 0.257916 0.803635
vt 0.222722 0.819350
vt 0.251624 0.795083
vt 0.267319 0.823241
vt 0.231038 0.833028
vt 0.262714 0.812400
vt 0.292707 0.898002
vt 0.289838 0.887500
vt 0.227109 0.825766
vt 0.286241 0.876307
vt 0.288399 0.953285
vt 0.278717 0.855180
vt 0.240491 0.859625
vt 0.234473 0.841087
vt 0.294186 0.931955
vt 0.291818 0.943194
vt 0.294175 0.908804
vt 0.294772 0.921035
vt 0.282107 0.865978
vt 0.243120 0.870084
vt 0.297250 0.874557
vt 0.301124 0.959972
vt 0.304620 0.947553
vt 0.277380 0.815405
vt 0.273051 0.803231
vt 0.281405 0.827691
vt 0.266476 0.792454
vt 0.258690 0.780083
vt 0.289520 0.851398
vt 0.286009 0.839449
vt 0.303315 0.897914
vt 0.301283 0.886104
vt 0.293842 0.862964
vt 0.305424 0.934784
vt 0.306175 0.922223
vt 0.284562 0.962530
vt 0.305152 0.910042
vt 0.316812 0.856312
vt 0.315117 0.870354
vt 0.311733 0.857802
vt 0.340006 0.934274
vt 0.330153 0.921932
vt 0.338873 0.919979
vt 0.295233 0.791308
vt 0.283306 0.779739
vt 0.289579 0.777341
vt 0.304816 0.789372
vt 0.299906 0.805116
vt 0.321453 0.841749
vt 0.312422 0.843905
vt 0.330277 0.936074
vt 0.324856 0.922422
vt 0.308260 0.831267
vt 0.307000 0.845621
vt 0.303019 0.832942
vt 0.317367 0.829174
vt 0.284169 0.761360
vt 0.277586 0.763922
vt 0.340498 0.948735
vt 0.328147 0.983145
vt 0.322031 0.966074
vt 0.329312 0.966314
vt 0.337515 0.906305
vt 0.326678 0.894982
vt 0.335403 0.893083
vt 0.304020 0.818382
vt 0.294711 0.806937
vt 0.324393 0.881688
vt 0.332573 0.879984
vt 0.323537 0.908957
vt 0.328809 0.908242
vt 0.329468 0.867048
vt 0.320543 0.868993
vt 0.300906 0.774550
vt 0.296601 0.760240
vt 0.330437 0.950768
vt 0.324332 0.936358
vt 0.313172 0.816361
vt 0.289946 0.793497
vt 0.341681 0.980584
vt 0.341115 0.964271
vt 0.298774 0.820171
vt 0.325363 0.854569
vt 0.319095 0.882950
vt 0.321345 0.895869
vt 0.309071 0.803181
vt 0.324429 0.950868
vt 0.297528 0.973542
vt 0.350476 0.889863
vt 0.344535 0.863484
vt 0.339446 0.851037
vt 0.353628 0.916743
vt 0.347386 0.876697
vt 0.336650 0.838259
vt 0.317177 0.757707
vt 0.332391 0.825734
vt 0.324367 0.800416
vt 0.320537 0.787390
vt 0.356307 0.930056
vt 0.356647 0.944471
vt 0.319679 0.773921
vt 0.328288 0.813159
vt 0.359811 0.958416
vt 0.352660 0.903174
vt 0.349075 0.812588
vt 0.378690 0.931771
vt 0.376302 0.919388
vt 0.358970 0.846597
vt 0.355320 0.835929
vt 0.352419 0.824326
vt 0.344032 0.790215
vt 0.343683 0.781584
vt 0.344637 0.771983
vt 0.366083 0.870551
vt 0.362334 0.858496
vt 0.372183 0.895533
vt 0.369240 0.882592
vt 0.374506 0.908583
vt 0.385778 0.948668
vt 0.381675 0.939196
vt 0.346203 0.801221
vt 0.360438 0.799308
vt 0.360278 0.792808
vt 0.392534 0.910134
vt 0.390356 0.903032
vt 0.377127 0.864912
vt 0.373601 0.854634
vt 0.362744 0.815933
vt 0.361530 0.788131
vt 0.387625 0.894770
vt 0.370461 0.844272
vt 0.384006 0.885351
vt 0.397646 0.918687
vt 0.394637 0.915572
vt 0.361175 0.807242
vt 0.367318 0.834378
vt 0.380447 0.875303
vt 0.364730 0.825097
vt 0.362502 0.801029
vt 0.362521 0.794590
vt 0.366616 0.826311
vt 0.369496 0.827136
vt 0.380950 0.863275
vt 0.381847 0.874213
vt 0.378548 0.864283
vt 0.394990 0.907709
vt 0.365640 0.803335
vt 0.363108 0.808834
vt 0.385383 0.883694
vt 0.387828 0.881036
vt 0.374542 0.844612
vt 0.369147 0.835159
vt 0.403829 0.913618
vt 0.397494 0.912692
vt 0.375084 0.854445
vt 0.372068 0.844583
vt 0.389069 0.892594
vt 0.363842 0.789277
vt 0.367200 0.791172
vt 0.364725 0.817147
vt 0.391986 0.900533
vt 0.428753 0.854966
vt 0.411425 0.847091
vt 0.403001 0.828400
vt 0.400059 0.804067
vt 0.423854 0.854825
vt 0.405991 0.838401
vt 0.401268 0.818619
vt 0.404070 0.833489
vt 0.400462 0.813810
vt 0.440033 0.852463
vt 0.415109 0.850566
vt 0.402733 0.808862
vt 0.400182 0.808938
vt 0.410417 0.841156
vt 0.408479 0.842922
vt 0.402654 0.804221
vt 0.403063 0.799299
vt 0.400485 0.798950
vt 0.406426 0.832390
vt 0.434490 0.850452
vt 0.433873 0.853894
vt 0.405545 0.827541
vt 0.429341 0.851489
vt 0.404777 0.822717
vt 0.402141 0.823455
vt 0.424768 0.851606
vt 0.419331 0.853037
vt 0.403207 0.813462
vt 0.416602 0.848032
vt 0.422228 0.846175
vt 0.420532 0.850194
vt 0.406479 0.808624
vt 0.408253 0.836871
vt 0.413165 0.838537
vt 0.406208 0.804403
vt 0.409845 0.830553
vt 0.438766 0.843252
vt 0.439903 0.848183
vt 0.434535 0.845497
vt 0.408354 0.821746
vt 0.425985 0.847145
vt 0.407801 0.817247
vt 0.404055 0.818052
vt 0.406917 0.812925
vt 0.413307 0.844857
vt 0.423431 0.842974
vt 0.409983 0.812417
vt 0.420245 0.841638
vt 0.409544 0.808520
vt 0.415337 0.836484
vt 0.409097 0.804699
vt 0.413752 0.833021
vt 0.411241 0.834717
vt 0.409384 0.800843
vt 0.406484 0.800497
vt 0.412534 0.829288
vt 0.434168 0.841481
vt 0.412087 0.825075
vt 0.409059 0.826178
vt 0.430581 0.842923
vt 0.430327 0.846785
vt 0.411408 0.820891
vt 0.426805 0.843693
vt 0.411116 0.816429
vt 0.414662 0.810731
vt 0.415765 0.814631
vt 0.420084 0.826537
vt 0.420395 0.828731
vt 0.421035 0.830865
vt 0.422338 0.832388
vt 0.423685 0.833810
vt 0.425274 0.834703
vt 0.413436 0.804799
vt 0.414142 0.807378
vt 0.437384 0.838621
vt 0.432112 0.836453
vt 0.433627 0.834109
vt 0.427013 0.838393
vt 0.429653 0.837608
vt 0.422296 0.836990
vt 0.424609 0.837829
vt 0.418681 0.832978
vt 0.420465 0.835020
vt 0.416855 0.827212
vt 0.417713 0.830235
vt 0.416426 0.820017
vt 0.416866 0.823671
vt 0.434748 0.826673
vt 0.434880 0.828919
vt 0.434764 0.831598
vt 0.430522 0.823362
vt 0.901826 0.065383
vt 0.400211 0.916741
vt 0.734845 0.795295
vt 0.739923 0.785836
vt 0.741647 0.786501
vt 0.903020 0.381412
vt 0.901907 0.361159
vt 0.908006 0.381385
vt 0.898204 0.361997
vt 0.889650 0.343900
vt 0.886822 0.345591
vt 0.871902 0.333462
vt 0.870389 0.336096
vt 0.851588 0.332000
vt 0.834907 0.341381
vt 0.852048 0.334859
vt 0.821855 0.355147
vt 0.832595 0.339374
vt 0.815595 0.374033
vt 0.818595 0.354458
vt 0.816467 0.393950
vt 0.811776 0.374442
vt 0.825541 0.410438
vt 0.811721 0.395490
vt 0.833734 0.425547
vt 0.820275 0.412734
vt 0.838666 0.421440
vt 0.850138 0.433928
vt 0.852457 0.427301
vt 0.866659 0.436329
vt 0.877626 0.423758
vt 0.865425 0.428163
vt 0.889246 0.414262
vt 0.881819 0.429412
vt 0.898843 0.399944
vt 0.895231 0.416674
vt 0.904600 0.400470
vt 0.910629 0.410472
vt 0.916034 0.391585
vt 0.930166 0.385131
vt 0.924194 0.371085
vt 0.928980 0.347202
vt 0.935546 0.349468
vt 0.895744 0.429670
vt 0.935448 0.397848
vt 0.941564 0.349985
vt 0.868993 0.451096
vt 0.940850 0.407464
vt 0.773990 0.338517
vt 0.776277 0.374878
vt 0.770736 0.377082
vt 0.837282 0.438354
vt 0.788023 0.430296
vt 0.790422 0.419701
vt 0.781813 0.370788
vt 0.817590 0.424361
vt 0.791783 0.406181
vt 0.787975 0.364944
vt 0.807044 0.407937
vt 0.793378 0.391160
vt 0.794248 0.357557
vt 0.803569 0.389750
vt 0.797826 0.376652
vt 0.801740 0.348893
vt 0.806904 0.370920
vt 0.803385 0.362239
vt 0.812396 0.338837
vt 0.815298 0.351727
vt 0.813091 0.346887
vt 0.828315 0.328740
vt 0.830563 0.336626
vt 0.829132 0.333342
vt 0.849830 0.321974
vt 0.851076 0.328930
vt 0.850531 0.325807
vt 0.872260 0.321772
vt 0.872917 0.330186
vt 0.873155 0.326547
vt 0.890336 0.326477
vt 0.891896 0.340202
vt 0.892403 0.334711
vt 0.903415 0.332701
vt 0.905458 0.356124
vt 0.906111 0.346432
vt 0.914105 0.373088
vt 0.915642 0.358478
vt 0.868836 0.339119
vt 0.854099 0.423465
vt 0.837312 0.343791
vt 0.874960 0.420535
vt 0.824778 0.356157
vt 0.885527 0.413170
vt 0.818158 0.374516
vt 0.895298 0.400398
vt 0.900183 0.382551
vt 0.819489 0.394192
vt 0.895913 0.363250
vt 0.829042 0.409840
vt 0.884355 0.347433
vt 0.841906 0.419332
vt 0.852281 0.371425
vt 0.850727 0.367420
vt 0.862511 0.365399
vt 0.892612 0.382633
vt 0.884677 0.370208
vt 0.889801 0.367481
vt 0.878620 0.358411
vt 0.881102 0.354353
vt 0.867529 0.350398
vt 0.868202 0.346507
vt 0.854264 0.349177
vt 0.853705 0.345556
vt 0.840094 0.350640
vt 0.841896 0.354145
vt 0.829917 0.361757
vt 0.833480 0.364876
vt 0.825222 0.376753
vt 0.830908 0.377817
vt 0.826752 0.392053
vt 0.833418 0.389420
vt 0.834236 0.404281
vt 0.847441 0.402803
vt 0.844222 0.411846
vt 0.855000 0.404966
vt 0.854250 0.415230
vt 0.862098 0.404919
vt 0.863559 0.415162
vt 0.872516 0.412667
vt 0.868923 0.403027
vt 0.881221 0.406641
vt 0.875616 0.398870
vt 0.888766 0.396561
vt 0.885473 0.382065
vt 0.871599 0.391435
vt 0.881496 0.391871
vt 0.868502 0.384237
vt 0.876449 0.386298
vt 0.865173 0.377844
vt 0.872354 0.380126
vt 0.861365 0.371887
vt 0.867450 0.374925
vt 0.866270 0.394532
vt 0.864165 0.386732
vt 0.862101 0.379709
vt 0.859729 0.373064
vt 0.860833 0.396016
vt 0.859721 0.387911
vt 0.858689 0.380591
vt 0.857776 0.373713
vt 0.855214 0.396061
vt 0.855110 0.387972
vt 0.855167 0.380629
vt 0.849257 0.394536
vt 0.850285 0.386755
vt 0.851741 0.379654
vt 0.855725 0.373537
vt 0.839903 0.397713
vt 0.843213 0.390937
vt 0.845511 0.383903
vt 0.848775 0.377497
vt 0.853821 0.372835
vt 0.838224 0.385013
vt 0.846194 0.374323
vt 0.842297 0.379587
vt 0.835621 0.376414
vt 0.840103 0.373679
vt 0.844853 0.370356
vt 0.836975 0.365958
vt 0.840779 0.366053
vt 0.845370 0.365367
vt 0.851027 0.365030
vt 0.843752 0.356495
vt 0.845874 0.358511
vt 0.848651 0.360448
vt 0.852730 0.362691
vt 0.854679 0.351909
vt 0.855081 0.354560
vt 0.855534 0.357506
vt 0.856135 0.361165
vt 0.866454 0.353183
vt 0.865039 0.355722
vt 0.863015 0.358368
vt 0.875608 0.360462
vt 0.872025 0.361629
vt 0.867436 0.362202
vt 0.859863 0.361670
vt 0.879773 0.370209
vt 0.874715 0.368806
vt 0.869222 0.366872
vt 0.861971 0.363389
vt 0.879640 0.379194
vt 0.874219 0.375044
vt 0.868999 0.370917
vt 0.862494 0.370192
vt 0.882115 0.351796
vt 0.843407 0.414502
vt 0.868392 0.343920
vt 0.854191 0.418152
vt 0.839159 0.348227
vt 0.873389 0.415456
vt 0.828202 0.359633
vt 0.882746 0.408955
vt 0.822745 0.375834
vt 0.891085 0.397898
vt 0.824214 0.392746
vt 0.895243 0.382547
vt 0.891906 0.365859
vt 0.832389 0.406234
vt 0.899229 0.382546
vt 0.820400 0.393907
vt 0.895083 0.363633
vt 0.829744 0.409198
vt 0.883790 0.348158
vt 0.842297 0.418454
vt 0.853318 0.343024
vt 0.868611 0.340010
vt 0.863987 0.418169
vt 0.854188 0.422449
vt 0.837791 0.344574
vt 0.874592 0.419582
vt 0.825531 0.356683
vt 0.884909 0.412435
vt 0.819064 0.374643
vt 0.894446 0.399983
vt 0.852598 0.338385
vt 0.852736 0.339283
vt 0.864745 0.423474
vt 0.864598 0.422447
vt 0.223205 0.280739
vt 0.226350 0.280899
vt 0.225264 0.282582
vt 0.217367 0.285617
vt 0.217757 0.288896
vt 0.215896 0.286832
vt 0.224196 0.279096
vt 0.227359 0.279242
vt 0.904062 0.204217
vt 0.218967 0.284583
vt 0.219237 0.287742
vt 0.220561 0.283515
vt 0.220847 0.286665
vt 0.222005 0.282244
vt 0.223969 0.284140
vt 0.905673 0.211213
vt 0.903830 0.211576
vt 0.902124 0.210963
vt 0.222475 0.285506
vt 0.907929 0.203632
vt 0.909276 0.201422
vt 0.906026 0.203376
vt 0.225156 0.277452
vt 0.228460 0.277722
vt 0.227084 0.011348
vt 0.238892 0.005862
vt 0.240900 0.007204
vt 0.228981 0.018623
vt 0.214715 0.019529
vt 0.228433 0.016662
vt 0.202511 0.025372
vt 0.203209 0.027014
vt 0.190601 0.030106
vt 0.201835 0.023752
vt 0.180879 0.039421
vt 0.192811 0.034192
vt 0.181936 0.041553
vt 0.136828 0.111090
vt 0.142338 0.099046
vt 0.144044 0.100111
vt 0.160159 0.057464
vt 0.169510 0.047749
vt 0.161501 0.058372
vt 0.152105 0.068827
vt 0.153672 0.069837
vt 0.126311 0.120781
vt 0.132411 0.108188
vt 0.133881 0.109328
vt 0.258129 0.602403
vt 0.272014 0.598366
vt 0.272410 0.600547
vt 0.217205 0.025044
vt 0.229481 0.020550
vt 0.229984 0.022322
vt 0.205756 0.032422
vt 0.216305 0.023589
vt 0.168466 0.044836
vt 0.179789 0.037423
vt 0.168236 0.042569
vt 0.178757 0.035507
vt 0.168641 0.046401
vt 0.158675 0.056470
vt 0.167249 0.045478
vt 0.149428 0.066225
vt 0.155437 0.054128
vt 0.156900 0.055238
vt 0.138822 0.111158
vt 0.145988 0.100836
vt 0.124592 0.119874
vt 0.130913 0.107033
vt 0.182971 0.608960
vt 0.188322 0.623200
vt 0.180720 0.609228
vt 0.102159 0.138002
vt 0.116094 0.130582
vt 0.117109 0.131807
vt 0.259217 0.592262
vt 0.250708 0.590453
vt 0.251600 0.588283
vt 0.315827 0.596540
vt 0.324862 0.593280
vt 0.325242 0.596375
vt 0.241180 0.009252
vt 0.214519 0.014079
vt 0.226485 0.009475
vt 0.200939 0.022030
vt 0.209126 0.014369
vt 0.211257 0.015324
vt 0.191611 0.032212
vt 0.187474 0.049017
vt 0.197275 0.041274
vt 0.198820 0.042715
vt 0.186299 0.047229
vt 0.174084 0.050833
vt 0.184714 0.045287
vt 0.170013 0.064739
vt 0.174967 0.052898
vt 0.176261 0.053831
vt 0.159164 0.071210
vt 0.167142 0.060681
vt 0.168232 0.063077
vt 0.120156 0.117002
vt 0.129390 0.106074
vt 0.121856 0.118357
vt 0.259113 0.595040
vt 0.268932 0.592342
vt 0.269734 0.594552
vt 0.241876 0.013336
vt 0.255895 0.013236
vt 0.242073 0.015164
vt 0.230494 0.024189
vt 0.242846 0.019299
vt 0.243882 0.021158
vt 0.218295 0.026615
vt 0.209249 0.034760
vt 0.204281 0.028665
vt 0.170857 0.049491
vt 0.163177 0.059387
vt 0.160149 0.072722
vt 0.135308 0.110347
vt 0.118656 0.115751
vt 0.127751 0.105447
vt 0.101518 0.135749
vt 0.114679 0.128845
vt 0.183721 0.622819
vt 0.176079 0.614833
vt 0.178579 0.612998
vt 0.029549 0.007225
vt 0.020150 0.013906
vt 0.019893 0.011825
vt 0.242421 0.017175
vt 0.215515 0.021669
vt 0.213072 0.016366
vt 0.199615 0.020416
vt 0.189666 0.028153
vt 0.188408 0.026591
vt 0.182922 0.043436
vt 0.165068 0.045187
vt 0.133415 0.093404
vt 0.135634 0.093902
vt 0.186048 0.622911
vt 0.179598 0.611037
vt 0.248099 0.593738
vt 0.258768 0.599585
vt 0.249570 0.592255
vt 0.259059 0.597429
vt 0.055119 0.009115
vt 0.060130 0.002375
vt 0.072150 0.004485
vt 0.168211 0.040234
vt 0.123224 0.119118
vt 0.113285 0.127137
vt 0.102013 0.133593
vt 0.102469 0.131386
vt 0.193321 0.630266
vt 0.187964 0.628549
vt 0.187965 0.625816
vt 0.270595 0.607201
vt 0.257677 0.607167
vt 0.271279 0.605032
vt 0.227882 0.014916
vt 0.227447 0.013202
vt 0.193891 0.036021
vt 0.131143 0.093157
vt 0.194334 0.628791
vt 0.198662 0.633748
vt 0.270667 0.609435
vt 0.258731 0.608955
vt 0.257536 0.605294
vt 0.213933 0.016096
vt 0.214032 0.017672
vt 0.207621 0.033670
vt 0.194823 0.039955
vt 0.139004 0.096030
vt 0.137309 0.094728
vt 0.125918 0.104890
vt 0.117070 0.114438
vt 0.124600 0.103538
vt 0.272038 0.602840
vt 0.286790 0.600556
vt 0.315110 0.594283
vt 0.287320 0.602850
vt 0.254792 0.015486
vt 0.240834 0.011533
vt 0.271011 0.596438
vt 0.314603 0.591949
vt 0.279787 0.594773
vt 0.280216 0.597294
vt 0.316572 0.598571
vt 0.325224 0.598873
vt 0.313423 0.585291
vt 0.321226 0.578231
vt 0.322480 0.580936
vt 0.313942 0.587560
vt 0.323992 0.586940
vt 0.314282 0.589726
vt 0.286760 0.595990
vt 0.286458 0.593599
vt 0.286717 0.598280
vt 0.280506 0.599855
vt 0.280696 0.602309
vt 0.289751 0.606693
vt 0.288329 0.604950
vt 0.281222 0.606945
vt 0.280882 0.604582
vt 0.281592 0.609321
vt 0.279015 0.592414
vt 0.312423 0.583188
vt 0.285415 0.591435
vt 0.278492 0.589978
vt 0.311361 0.581292
vt 0.284091 0.589575
vt 0.323413 0.583941
vt 0.144180 0.091914
vt 0.140705 0.097602
vt 0.152183 0.075067
vt 0.155378 0.070445
vt 0.154435 0.075244
vt 0.145875 0.093306
vt 0.142030 0.090782
vt 0.137522 0.089433
vt 0.147527 0.094807
vt 0.149222 0.095915
vt 0.133411 0.088107
vt 0.151244 0.084542
vt 0.150461 0.074720
vt 0.149441 0.083829
vt 0.147622 0.083121
vt 0.148726 0.074137
vt 0.146678 0.073160
vt 0.150722 0.067548
vt 0.144002 0.081709
vt 0.145826 0.082403
vt 0.142213 0.080964
vt 0.147475 0.066672
vt 0.140385 0.080139
vt 0.144859 0.072129
vt 0.145540 0.067159
vt 0.156583 0.075193
vt 0.158122 0.075565
vt 0.138528 0.079283
vt 0.135334 0.088906
vt 0.157318 0.070782
vt 0.153112 0.085247
vt 0.141647 0.071201
vt 0.143324 0.071389
vt 0.161822 0.231297
vt 0.172845 0.241274
vt 0.160659 0.233250
vt 0.153718 0.218062
vt 0.159771 0.232000
vt 0.151941 0.219291
vt 0.151842 0.203219
vt 0.151604 0.217907
vt 0.149649 0.203733
vt 0.174594 0.239878
vt 0.163614 0.229836
vt 0.175978 0.238246
vt 0.155855 0.217400
vt 0.154033 0.203430
vt 0.168184 0.224991
vt 0.179044 0.230339
vt 0.177661 0.232017
vt 0.161907 0.214611
vt 0.169592 0.223256
vt 0.160514 0.203421
vt 0.163942 0.213631
vt 0.254775 0.017720
vt 0.166755 0.226794
vt 0.177115 0.234214
vt 0.159843 0.215669
vt 0.158263 0.203567
vt 0.171079 0.242547
vt 0.160367 0.235471
vt 0.157596 0.232012
vt 0.150790 0.221139
vt 0.149739 0.216895
vt 0.147707 0.204898
vt 0.319671 0.576230
vt 0.165288 0.228432
vt 0.176692 0.236370
vt 0.157906 0.216639
vt 0.156127 0.203607
vt 0.149848 0.223147
vt 0.155374 0.232188
vt 0.147765 0.215963
vt 0.213638 0.274256
vt 0.112141 0.125894
vt 0.212356 0.275534
vt 0.226310 0.275936
vt 0.217117 0.270060
vt 0.218362 0.268662
vt 0.211025 0.276758
vt 0.209674 0.277999
vt 0.214829 0.272893
vt 0.215963 0.271485
vt 0.203995 0.265296
vt 0.206809 0.262840
vt 0.208285 0.261722
vt 0.205340 0.263981
vt 0.202840 0.266802
vt 0.209641 0.260458
vt 0.201855 0.268402
vt 0.208349 0.279323
vt 0.200876 0.269988
vt 0.195672 0.262965
vt 0.196647 0.261351
vt 0.193492 0.266006
vt 0.199730 0.271453
vt 0.200297 0.257100
vt 0.198930 0.258370
vt 0.201731 0.255903
vt 0.197705 0.259794
vt 0.203122 0.254651
vt 0.194662 0.264537
vt 0.174873 0.248261
vt 0.176185 0.246578
vt 0.188417 0.260059
vt 0.197176 0.249170
vt 0.195862 0.250632
vt 0.194591 0.252142
vt 0.193343 0.253705
vt 0.192096 0.255308
vt 0.177567 0.244935
vt 0.178931 0.243277
vt 0.186621 0.251129
vt 0.180482 0.249421
vt 0.181813 0.247748
vt 0.180203 0.241442
vt 0.183013 0.245938
vt 0.187834 0.249375
vt 0.181326 0.239347
vt 0.184099 0.244058
vt 0.188982 0.247619
vt 0.182034 0.237016
vt 0.185169 0.242126
vt 0.190154 0.245901
vt 0.183151 0.235007
vt 0.186358 0.240284
vt 0.191436 0.244261
vt 0.173732 0.250093
vt 0.169529 0.244053
vt 0.182639 0.255985
vt 0.176611 0.254367
vt 0.177826 0.252592
vt 0.189616 0.258504
vt 0.190843 0.256927
vt 0.183963 0.254413
vt 0.179102 0.250991
vt 0.185318 0.252821
vt 0.139739 0.089979
vt 0.160361 0.237749
vt 0.902436 0.205811
vt 0.901412 0.207705
vt 0.901246 0.209558
vt 0.324113 0.575146
vt 0.328085 0.589979
vt 0.328992 0.593763
vt 0.329533 0.597878
vt 0.328495 0.602465
vt 0.325685 0.578803
vt 0.326578 0.582512
vt 0.324378 0.590079
vt 0.326993 0.586325
vt 0.331614 0.602875
vt 0.326808 0.574005
vt 0.328480 0.577854
vt 0.330009 0.585575
vt 0.331018 0.589278
vt 0.321763 0.570932
vt 0.329456 0.581792
vt 0.332718 0.597657
vt 0.331947 0.593208
vt 0.152576 0.581120
vt 0.194179 0.557584
vt 0.198625 0.567148
vt 0.400914 0.433733
vt 0.401289 0.419660
vt 0.408749 0.429700
vt 0.602064 0.303085
vt 0.668383 0.199514
vt 0.676249 0.208800
vt 0.808461 0.080690
vt 0.789011 0.125697
vt 0.798690 0.077508
vt 0.484562 0.346609
vt 0.593870 0.309173
vt 0.491802 0.357035
vt 0.797816 0.135589
vt 0.799004 0.127572
vt 0.206898 0.562681
vt 0.201082 0.552473
vt 0.586906 0.298789
vt 0.594144 0.294145
vt 0.782637 0.152042
vt 0.776764 0.143483
vt 0.819773 0.034891
vt 0.810397 0.030533
vt 0.826288 0.013278
vt 0.816902 0.010718
vt 0.087323 0.603867
vt 0.103117 0.585912
vt 0.108381 0.595636
vt 0.147992 0.570650
vt 0.284971 0.476501
vt 0.288937 0.480163
vt 0.276066 0.455332
vt 0.290960 0.468795
vt 0.286830 0.465412
vt 0.292053 0.473244
vt 0.394627 0.423848
vt 0.787506 0.134391
vt 0.083821 0.594642
vt 0.282894 0.470635
vt 0.283707 0.466216
vt 0.703912 0.719775
vt 0.747500 0.767160
vt 0.693055 0.798219
vt 0.667080 0.766505
vt 0.670761 0.773873
vt 0.669199 0.774697
vt 0.746370 0.777297
vt 0.749358 0.767239
vt 0.712134 0.717222
vt 0.703382 0.717602
vt 0.718545 0.805242
vt 0.726121 0.799679
vt 0.727151 0.802138
vt 0.668574 0.748056
vt 0.668624 0.757061
vt 0.666724 0.757411
vt 0.699777 0.803829
vt 0.709212 0.803449
vt 0.709036 0.805628
vt 0.693941 0.721034
vt 0.686986 0.726881
vt 0.685751 0.725470
vt 0.684712 0.796015
vt 0.692275 0.799944
vt 0.732593 0.722185
vt 0.722436 0.720498
vt 0.722378 0.718398
vt 0.672440 0.782805
vt 0.679024 0.788678
vt 0.677817 0.790175
vt 0.678463 0.731780
vt 0.674397 0.740148
vt 0.672582 0.739423
vt 0.750437 0.757186
vt 0.747481 0.747438
vt 0.749392 0.746883
vt 0.746126 0.736470
vt 0.739069 0.730150
vt 0.741196 0.727947
vt 0.434043 0.527011
vt 0.428415 0.519889
vt 0.430803 0.517588
vt 0.420068 0.539578
vt 0.427410 0.533781
vt 0.429841 0.536095
vt 0.413279 0.533222
vt 0.413217 0.516965
vt 0.421796 0.516899
vt 0.414925 0.519600
vt 0.430696 0.527003
vt 0.420128 0.536283
vt 0.411145 0.526393
vt 0.422104 0.513466
vt 0.420998 0.526689
vt 0.625032 0.717318
vt 0.617948 0.711672
vt 0.627314 0.715037
vt 0.611206 0.718218
vt 0.605495 0.725563
vt 0.608892 0.715797
vt 0.611876 0.732298
vt 0.625526 0.730487
vt 0.631664 0.723550
vt 0.628056 0.732166
vt 0.617950 0.714994
vt 0.608748 0.725490
vt 0.628077 0.723738
vt 0.618295 0.724562
vt 0.618633 0.734217
vt 0.626229 0.317111
vt 0.632245 0.318687
vt 0.635279 0.325493
vt 0.633083 0.333130
vt 0.626528 0.336398
vt 0.619814 0.334355
vt 0.613944 0.328261
vt 0.617521 0.336659
vt 0.626377 0.313504
vt 0.617869 0.319737
vt 0.634097 0.315659
vt 0.638308 0.325217
vt 0.626614 0.339823
vt 0.635289 0.335340
vt 0.807288 0.522396
vt 0.812785 0.529258
vt 0.810476 0.531548
vt 0.821795 0.510666
vt 0.814082 0.515914
vt 0.811738 0.513667
vt 0.828304 0.516826
vt 0.827513 0.531394
vt 0.819225 0.531962
vt 0.825925 0.529089
vt 0.810609 0.522407
vt 0.821565 0.513726
vt 0.829934 0.522906
vt 0.818928 0.535233
vt 0.820147 0.522668
vt 0.621512 0.525539
vt 0.300392 0.108068
vt 0.203747 0.066711
vt 0.397332 0.067811
vt 0.044888 0.278685
vt 0.034280 0.308974
vt 0.034405 0.277521
vt 0.023868 0.277192
vt 0.025681 0.308937
vt 0.002184 0.280373
vt 0.017719 0.312769
vt 0.010527 0.319560
vt 0.055135 0.280127
vt 0.042849 0.311704
vt 0.012967 0.278230
vt 0.075595 0.281822
vt 0.081259 0.317210
vt 0.071330 0.317668
vt 0.065427 0.281227
vt 0.051770 0.314401
vt 0.057891 0.210963
vt 0.067026 0.246439
vt 0.056340 0.245929
vt 0.079454 0.209913
vt 0.088176 0.246825
vt 0.077545 0.246657
vt 0.025163 0.209683
vt 0.013508 0.242824
vt 0.014478 0.208479
vt 0.046955 0.211232
vt 0.045746 0.245013
vt 0.068722 0.210314
vt 0.003723 0.207788
vt 0.002363 0.242925
vt 0.035944 0.210792
vt 0.024440 0.243044
vt 0.035160 0.243855
vt 0.085821 0.282171
vt 0.047293 0.174271
vt 0.036051 0.173944
vt 0.024847 0.173552
vt 0.013663 0.173470
vt 0.002465 0.173894
vt 0.069789 0.174219
vt 0.080928 0.173956
vt 0.090164 0.210348
vt 0.058588 0.174404
vt 0.033067 0.059041
vt 0.043331 0.018897
vt 0.044085 0.058968
vt 0.022393 0.057684
vt 0.033403 0.016624
vt 0.077406 0.052362
vt 0.062809 0.019897
vt 0.072064 0.017287
vt 0.055332 0.057662
vt 0.053195 0.018903
vt 0.088747 0.049904
vt 0.080879 0.010993
vt 0.066456 0.055246
vt 0.070208 0.135291
vt 0.057275 0.093931
vt 0.068618 0.092411
vt 0.081543 0.134723
vt 0.090399 0.090300
vt 0.092703 0.134566
vt 0.012923 0.136436
vt 0.023856 0.094870
vt 0.024514 0.136668
vt 0.058638 0.136074
vt 0.045928 0.094938
vt 0.079631 0.091031
vt 0.001374 0.136484
vt 0.012381 0.093936
vt 0.034975 0.095241
vt 0.035931 0.136818
vt 0.047126 0.136623
vt 0.001107 0.093245
vt 0.010981 0.055514
vt 0.092088 0.174001
vt 0.624974 0.028352
vt 0.061285 0.316798
vt 0.060013 0.321832
vt 0.057131 0.318679
vt 0.050476 0.315325
vt 0.049396 0.315908
vt 0.040916 0.314517
vt 0.177142 0.584171
vt 0.227569 0.565669
vt 0.180543 0.593017
vt 0.205748 0.640595
vt 0.248926 0.609758
vt 0.251927 0.618076
vt 0.196062 0.625532
vt 0.242126 0.592166
vt 0.245690 0.601318
vt 0.233291 0.573709
vt 0.183359 0.601674
vt 0.255538 0.626609
vt 0.207730 0.650229
vt 0.201661 0.632411
vt 0.186153 0.610314
vt 0.190358 0.618512
vt 0.257156 0.008796
vt 0.024890 0.007396
vt 0.027652 0.005895
vt 0.027282 0.005234
vt 0.012031 0.011162
vt 0.020067 0.015472
vt 0.160992 0.193937
vt 0.159770 0.192102
vt 0.023389 0.014458
vt 0.033755 0.009616
vt 0.034130 0.012016
vt 0.031782 0.008241
vt 0.003041 0.016101
vt 0.000000 0.053311
vt 0.023536 0.017852
vt 0.013887 0.017429
vt 0.036570 0.015915
vt 0.152802 0.196436
vt 0.157460 0.189066
vt 0.158760 0.190142
vt 0.163439 0.199984
vt 0.162940 0.194575
vt 0.050588 0.321653
vt 0.050380 0.319553
vt 0.057145 0.322285
vt 0.150421 0.202756
vt 0.150154 0.199387
vt 0.049880 0.317571
vt 0.257031 0.011148
vt 0.162197 0.060310
vt 0.118267 0.132265
vt 0.129701 0.121646
vt 0.126899 0.122856
vt 0.248753 0.600263
vt 0.247403 0.598523
vt 0.246692 0.595528
vt 0.243901 0.583002
vt 0.246861 0.584489
vt 0.254052 0.608543
vt 0.252036 0.587021
vt 0.249203 0.585674
vt 0.254906 0.587639
vt 0.243201 0.590937
vt 0.240783 0.584843
vt 0.259354 0.612367
vt 0.244037 0.593014
vt 0.245692 0.596139
vt 0.240652 0.582273
vt 0.240528 0.583897
vt 0.262379 0.612033
vt 0.266984 0.612128
vt 0.268600 0.614859
vt 0.111050 0.124793
vt 0.189248 0.622723
vt 0.194828 0.628056
vt 0.204918 0.648322
vt 0.199234 0.633206
vt 0.200277 0.633041
vt 0.197242 0.634826
vt 0.200115 0.645235
vt 0.183886 0.643143
vt 0.105030 0.127163
vt 0.101234 0.128575
vt 0.178990 0.594717
vt 0.203101 0.647090
vt 0.117092 0.132909
vt 0.187429 0.631342
vt 0.192539 0.631900
vt 0.238409 0.582686
vt 0.173445 0.583403
vt 0.181388 0.257626
vt 0.187234 0.261604
vt 0.691233 0.326947
vt 0.648436 0.280749
vt 0.078927 0.347954
vt 0.421809 0.733811
vt 0.407881 0.725647
vt 0.421357 0.731008
vt 0.823572 0.652218
vt 0.808925 0.677488
vt 0.792966 0.703758
vt 0.784851 0.747374
vt 0.779020 0.774309
vt 0.770073 0.799973
vt 0.757630 0.831817
vt 0.758114 0.862614
vt 0.763680 0.892677
vt 0.769175 0.922022
vt 0.896300 0.559687
vt 0.875983 0.582199
vt 0.857342 0.604636
vt 0.839302 0.627647
vt 0.668787 0.765723
vt 0.674032 0.781723
vt 0.685483 0.794297
vt 0.700648 0.801803
vt 0.717867 0.802859
vt 0.670500 0.748317
vt 0.680025 0.732811
vt 0.701782 0.716759
vt 0.695070 0.722385
vt 0.712976 0.719166
vt 0.731521 0.724294
vt 0.744317 0.738073
vt 0.748521 0.757349
vt 0.744616 0.776857
vt 0.733578 0.793724
vt 0.771202 0.934949
vt 0.762393 0.929133
vt 0.885071 0.561620
vt 0.892940 0.557178
vt 0.876709 0.570525
vt 0.865438 0.584977
vt 0.873372 0.579782
vt 0.754005 0.923593
vt 0.761983 0.916413
vt 0.763080 0.906728
vt 0.757829 0.898087
vt 0.756474 0.886175
vt 0.757305 0.876308
vt 0.751247 0.867467
vt 0.749766 0.854963
vt 0.751518 0.844701
vt 0.746599 0.833861
vt 0.752520 0.822469
vt 0.759912 0.814227
vt 0.760355 0.804038
vt 0.764354 0.792858
vt 0.769276 0.786570
vt 0.768556 0.778681
vt 0.772037 0.767836
vt 0.775878 0.760968
vt 0.773925 0.753171
vt 0.776742 0.741643
vt 0.780302 0.731881
vt 0.775759 0.721480
vt 0.778254 0.709591
vt 0.786456 0.701815
vt 0.788234 0.691183
vt 0.796165 0.681088
vt 0.804277 0.674821
vt 0.805914 0.664811
vt 0.812580 0.655363
vt 0.819842 0.649258
vt 0.821574 0.639710
vt 0.828622 0.630623
vt 0.818464 0.629429
vt 0.836243 0.624829
vt 0.838678 0.615667
vt 0.846568 0.607204
vt 0.854442 0.602006
vt 0.857354 0.593065
vt 0.855235 0.583199
vt 0.847291 0.574541
vt 0.852566 0.583424
vt 0.842060 0.578263
vt 0.872170 0.560880
vt 0.865994 0.553209
vt 0.874851 0.560188
vt 0.742248 0.921969
vt 0.752348 0.926059
vt 0.740998 0.927163
vt 0.737598 0.894106
vt 0.747527 0.895237
vt 0.737067 0.900672
vt 0.730166 0.865734
vt 0.739766 0.865310
vt 0.730379 0.873118
vt 0.731837 0.812158
vt 0.737002 0.826253
vt 0.726611 0.814336
vt 0.748198 0.789153
vt 0.753765 0.795513
vt 0.743517 0.793761
vt 0.755946 0.767537
vt 0.762468 0.772928
vt 0.753862 0.773034
vt 0.755854 0.745320
vt 0.765770 0.749049
vt 0.756181 0.750948
vt 0.748146 0.718935
vt 0.763247 0.715895
vt 0.750157 0.724600
vt 0.776355 0.669619
vt 0.781863 0.680747
vt 0.772183 0.674475
vt 0.792920 0.645093
vt 0.799624 0.655070
vt 0.789130 0.650210
vt 0.816023 0.629973
vt 0.809673 0.620135
vt 0.828258 0.597003
vt 0.833922 0.606205
vt 0.823565 0.600994
vt 0.777789 0.654175
vt 0.779057 0.656724
vt 0.770453 0.666253
vt 0.735753 0.720267
vt 0.748658 0.736604
vt 0.752612 0.759100
vt 0.747848 0.780125
vt 0.734381 0.800112
vt 0.723250 0.870884
vt 0.721471 0.862637
vt 0.729297 0.896937
vt 0.729795 0.885618
vt 0.733223 0.921573
vt 0.735386 0.912478
vt 0.857160 0.550263
vt 0.864320 0.544358
vt 0.860950 0.556813
vt 0.839465 0.570470
vt 0.849985 0.562772
vt 0.820692 0.593227
vt 0.830892 0.584595
vt 0.812666 0.607048
vt 0.802374 0.617450
vt 0.805471 0.625106
vt 0.795181 0.632048
vt 0.793498 0.629485
vt 0.786052 0.642464
vt 0.715071 0.815632
vt 0.717166 0.809983
vt 0.816463 0.610764
vt 0.815162 0.618473
vt 0.802729 0.649377
vt 0.802103 0.654444
vt 0.738547 0.857693
vt 0.745085 0.852218
vt 0.830100 0.608986
vt 0.822939 0.606645
vt 0.799161 0.635499
vt 0.798254 0.643334
vt 0.732001 0.833673
vt 0.832236 0.622411
vt 0.812643 0.633112
vt 0.805330 0.630972
vt 0.755603 0.812523
vt 0.755683 0.805524
vt 0.815606 0.646823
vt 0.739754 0.823964
vt 0.736808 0.811647
vt 0.742061 0.818369
vt 0.826467 0.626090
vt 0.758434 0.783383
vt 0.755879 0.794036
vt 0.789268 0.656171
vt 0.796871 0.658453
vt 0.786418 0.674649
vt 0.778507 0.684546
vt 0.780772 0.699673
vt 0.763381 0.704279
vt 0.755413 0.726355
vt 0.763534 0.721803
vt 0.766062 0.741969
vt 0.744496 0.798757
vt 0.751552 0.799802
vt 0.723904 0.843241
vt 0.734904 0.875285
vt 0.740854 0.870702
vt 0.746755 0.889085
vt 0.747401 0.900005
vt 0.758524 0.907383
vt 0.751732 0.918956
vt 0.876481 0.537014
vt 0.884615 0.537375
vt 0.876277 0.555542
vt 0.860776 0.561810
vt 0.868047 0.563792
vt 0.856676 0.578782
vt 0.841575 0.583699
vt 0.848640 0.586054
vt 0.837598 0.601088
vt 0.819339 0.624482
vt 0.816980 0.639757
vt 0.745998 0.844285
vt 0.834006 0.615432
vt 0.723853 0.820280
vt 0.784247 0.679820
vt 0.793693 0.676512
vt 0.730638 0.859711
vt 0.782913 0.660646
vt 0.741105 0.862417
vt 0.799715 0.672648
vt 0.741195 0.837426
vt 0.748001 0.871151
vt 0.781592 0.668676
vt 0.752234 0.883912
vt 0.734347 0.883103
vt 0.801095 0.665434
vt 0.752625 0.876768
vt 0.774279 0.704551
vt 0.739214 0.888863
vt 0.762289 0.675466
vt 0.770874 0.680525
vt 0.762837 0.683335
vt 0.748998 0.892917
vt 0.754488 0.901463
vt 0.736485 0.713874
vt 0.747915 0.712438
vt 0.757707 0.914564
vt 0.764897 0.712330
vt 0.740021 0.911105
vt 0.782802 0.692063
vt 0.741522 0.903975
vt 0.772708 0.738550
vt 0.744325 0.917423
vt 0.753964 0.734956
vt 0.775182 0.731894
vt 0.759052 0.933694
vt 0.751378 0.931364
vt 0.758718 0.741164
vt 0.883908 0.556494
vt 0.767082 0.746783
vt 0.736434 0.936361
vt 0.733963 0.932122
vt 0.771778 0.724875
vt 0.889953 0.551541
vt 0.743071 0.932499
vt 0.870670 0.550319
vt 0.764212 0.939426
vt 0.871727 0.570037
vt 0.863829 0.580448
vt 0.854377 0.565854
vt 0.869970 0.576881
vt 0.852393 0.572815
vt 0.852378 0.592421
vt 0.836418 0.605759
vt 0.844774 0.602734
vt 0.835244 0.587823
vt 0.850843 0.599198
vt 0.750439 0.817984
vt 0.833286 0.595057
vt 0.738388 0.803315
vt 0.810022 0.650796
vt 0.764247 0.759683
vt 0.763975 0.770729
vt 0.507013 0.637792
vt 0.033836 0.317944
vt 0.025471 0.326031
vt 0.036267 0.314290
vt 0.122670 0.147828
vt 0.420994 0.726665
vt 0.435309 0.713397
vt 0.431043 0.730611
vt 0.065574 0.861692
vt 0.446999 0.716637
vt 0.129145 0.800331
vt 0.124958 0.778926
vt 0.136283 0.792460
vt 0.113908 0.817321
vt 0.107777 0.794120
vt 0.121681 0.809216
vt 0.271267 0.718456
vt 0.258496 0.702241
vt 0.335361 0.692854
vt 0.337992 0.712257
vt 0.312170 0.692543
vt 0.327701 0.713515
vt 0.316720 0.713923
vt 0.019990 0.875626
vt 0.290971 0.695768
vt 0.305363 0.713819
vt 0.295694 0.714265
vt 0.187485 0.730511
vt 0.203115 0.744048
vt 0.194254 0.748037
vt 0.216114 0.715190
vt 0.212856 0.740312
vt 0.205854 0.719898
vt 0.379510 0.697116
vt 0.389323 0.717005
vt 0.378892 0.714639
vt 0.037432 0.862542
vt 0.056638 0.868886
vt 0.097765 0.832177
vt 0.092294 0.810884
vt 0.105825 0.824623
vt 0.235477 0.708869
vt 0.232126 0.731149
vt 0.226717 0.711728
vt 0.287595 0.714978
vt 0.282828 0.697044
vt 0.159821 0.770281
vt 0.159410 0.748479
vt 0.168068 0.763978
vt 0.077097 0.827015
vt 0.081861 0.847005
vt 0.247642 0.724630
vt 0.250236 0.704574
vt 0.255010 0.722491
vt 0.411008 0.722961
vt 0.413957 0.706816
vt 0.356496 0.694422
vt 0.367289 0.712932
vt 0.143376 0.784893
vt 0.140736 0.763839
vt 0.150829 0.778161
vt 0.178607 0.736005
vt 0.177585 0.757347
vt 0.169790 0.740951
vt 0.381696 0.693967
vt 0.365269 0.690968
vt 0.150276 0.750844
vt 0.137456 0.761860
vt 0.411463 0.702477
vt 0.102396 0.792475
vt 0.476509 0.723902
vt 0.457652 0.715747
vt 0.057181 0.840786
vt 0.040590 0.855465
vt 0.097820 0.797148
vt 0.087789 0.809652
vt 0.246854 0.701221
vt 0.243820 0.698883
vt 0.320313 0.686926
vt 0.313686 0.687254
vt 0.297547 0.690401
vt 0.206461 0.713830
vt 0.193298 0.722540
vt 0.174577 0.734139
vt 0.292551 0.691283
vt 0.279845 0.693462
vt 0.169879 0.736504
vt 0.229014 0.704228
vt 0.212456 0.711139
vt 0.084232 0.813596
vt 0.231534 0.705676
vt 0.276764 0.694197
vt 0.243251 0.702078
vt 0.151480 0.782521
vt 0.222852 0.741573
vt 0.185701 0.752136
vt 0.263344 0.720336
vt 0.406029 0.700333
vt 0.388908 0.695629
vt 0.366804 0.694956
vt 0.102053 0.833936
vt 0.163242 0.772243
vt 0.323794 0.692033
vt 0.300594 0.694330
vt 0.468214 0.744742
vt 0.450533 0.742715
vt 0.099657 0.802362
vt 0.251005 0.727680
vt 0.053939 0.848956
vt 0.045452 0.856264
vt 0.084773 0.818989
vt 0.089462 0.839651
vt 0.150547 0.755198
vt 0.116812 0.786412
vt 0.424537 0.710149
vt 0.471562 0.748395
vt 0.133026 0.771506
vt 0.137987 0.796595
vt 0.196396 0.725524
vt 0.222536 0.736019
vt 0.242871 0.706492
vt 0.240503 0.727461
vt 0.236482 0.680372
vt 0.023651 0.867592
vt 0.156016 0.746446
vt 0.036614 0.858491
vt 0.263180 0.696675
vt 0.259364 0.697594
vt 0.450847 0.713144
vt 0.434217 0.709184
vt 0.187073 0.726027
vt 0.121437 0.776841
vt 0.227945 0.706744
vt 0.019775 0.870542
vt 0.132878 0.766791
vt 0.053333 0.844224
vt 0.426773 0.706924
vt 0.441781 0.735179
vt 0.031869 0.889663
vt 0.474209 0.724596
vt 0.115753 0.782059
vt 0.336849 0.688856
vt 0.390952 0.772623
vt 0.389832 0.769842
vt 0.195006 0.816477
vt 0.122604 0.298771
vt 0.471451 0.760012
vt 0.379812 0.058305
vt 0.500030 0.079519
vt 0.150603 0.164901
vt 0.110441 0.164780
vt 0.860728 0.709270
vt 0.106903 0.303578
vt 0.408110 0.101166
vt 0.046402 0.941322
vt 0.125993 0.129455
vt 0.575745 0.890046
vt 0.835878 0.787786
vt 0.380681 0.773480
vt 0.122349 0.878551
vt 0.085061 0.874637
vt 0.004303 0.492624
vt 0.070446 0.571022
vt 0.334241 0.075275
vt 0.674303 0.264840
vt 0.782645 0.186354
vt 0.116803 0.321366
vt 0.079226 0.948944
vt 0.105868 0.032395
vt 0.443465 0.093478
vt 0.432552 0.074489
vt 0.849768 0.747592
vt 0.077188 0.916308
vt 0.683487 0.283938
vt 0.436130 0.632761
vt 0.702124 0.274430
vt 0.681166 0.304730
vt 0.273352 0.742990
vt 0.056135 0.937082
vt 0.093321 0.030334
vt 0.198497 0.806095
vt 0.117357 0.321377
vt 0.854946 0.526548
vt 0.383772 0.058304
vt 0.686911 0.267409
vt 0.372000 0.765070
vt 0.072834 0.919647
vt 0.790766 0.207712
vt 0.104697 0.869094
vt 0.470576 0.726576
vt 0.191135 0.821302
vt 0.753611 0.003979
vt 0.197347 0.815971
vt 0.450283 0.609857
vt 0.319848 0.093310
vt 0.076343 0.531650
vt 0.622927 0.291901
vt 0.913514 0.075264
vt 0.475524 0.961087
vt 0.473921 0.864806
vt 0.471054 0.874724
vt 0.852469 0.799022
vt 0.851425 0.153357
vt 0.896321 0.174231
vt 0.891808 0.170252
vt 0.890764 0.155143
vt 0.897411 0.180982
vt 0.843328 0.153531
vt 0.887868 0.154137
vt 0.898446 0.236316
vt 0.911413 0.243533
vt 0.920793 0.251858
vt 0.841287 0.215647
vt 0.843936 0.173418
vt 0.905997 0.188055
vt 0.911763 0.192448
vt 0.320874 0.982745
vt 0.362578 0.974798
vt 0.862990 0.368250
vt 0.851217 0.369763
vt 0.160295 0.074630
vt 0.215267 0.011946
vt 0.181505 0.623712
vt 0.162836 0.044872
vt 0.052388 0.016019
vt 0.056743 0.002767
vt 0.066848 0.000000
vt 0.177732 0.033883
vt 0.260201 0.611227
vt 0.162828 0.203167
vt 0.145848 0.206223
vt 0.169001 0.246504
vt 0.173431 0.252574
vt 0.332348 0.597957
vt 0.324938 0.569843
vt 0.295823 0.481789
vt 0.295666 0.484694
vt 0.292501 0.480444
vt 0.289551 0.477659
vt 0.064922 0.325588
vt 0.221746 0.558063
vt 0.147825 0.203499
vt 0.260032 0.589573
vt 0.256749 0.587255
vt 0.240126 0.581875
vt 0.271199 0.627933
vt 0.263149 0.629995
vt 0.270481 0.616434
vt 0.274846 0.619754
vt 0.272554 0.618594
vt 0.181557 0.639942
vt 0.188171 0.648870
vt 0.175007 0.582694
vt 0.767748 0.936034
vt 0.762453 0.672954
vt 0.718024 0.863687
vt 0.725667 0.883575
vt 0.731146 0.910040
vt 0.731222 0.929616
vt 0.861149 0.542158
vt 0.848278 0.559156
vt 0.829212 0.581068
vt 0.810793 0.604485
vt 0.759671 0.693015
vt 0.723809 0.854516
vt 0.890162 0.543303
vt 0.870337 0.542570
vt 0.031904 0.323165
vt 0.060877 0.334037
vt 0.194421 0.818271
vt 0.192654 0.818361

# vertex normals
vn 0.410911 -0.813821 -0.410911
vn 0.006700 -0.999978 0.000000
vn 0.581815 -0.813321 -0.000200
vn 0.945754 0.324884 0.000000
vn 0.562698 0.806198 0.182799
vn 0.899455 0.324884 0.292285
vn 0.000000 1.000000 0.000000
vn -0.704696 -0.082500 -0.704696
vn 0.000000 -0.266086 -0.963949
vn 0.000000 -0.082499 -0.996591
vn -0.656726 0.754130 0.000000
vn -0.555910 0.324906 -0.765114
vn -0.182799 0.806198 -0.562698
vn -0.292285 0.324884 -0.899455
vn 0.000000 0.888736 0.458419
vn -0.702713 0.113802 0.702313
vn 0.000000 0.113800 0.993504
vn 0.703250 0.104307 -0.703250
vn 0.936457 0.350784 0.000000
vn 0.662174 0.350786 -0.662174
vn -0.128702 -0.713811 -0.688411
vn -0.292006 -0.023900 -0.956118
vn -0.529997 -0.386898 -0.754595
vn -0.710462 -0.122094 -0.693063
vn -0.917707 0.152301 -0.366903
vn -0.707504 0.152301 -0.690104
vn -0.002400 -0.433078 -0.901353
vn 0.961648 -0.104294 -0.253686
vn 0.725056 -0.289983 -0.624663
vn -0.908905 0.417002 0.000000
vn -0.649778 0.718876 -0.246992
vn -0.798228 0.524718 -0.295810
vn -0.673864 0.227488 -0.702963
vn -0.001100 0.016399 -0.999865
vn -0.700177 0.016599 -0.713776
vn -0.378495 0.747491 0.545893
vn -0.624003 0.633203 0.457902
vn -0.537808 0.744911 0.394806
vn 0.917707 0.152301 -0.366903
vn 0.710462 -0.122094 -0.693063
vn 0.707504 0.152301 -0.690104
vn -0.181490 -0.009499 0.983347
vn -0.707107 0.000000 0.707107
vn 0.479006 0.877811 0.000000
vn 0.580107 0.572607 0.579307
vn 0.338899 0.877896 0.338299
vn 0.583020 0.805928 0.102804
vn 0.512786 0.805878 0.295992
vn 0.704858 -0.079695 -0.704858
vn 0.000000 -0.264006 -0.964521
vn 0.682298 -0.263599 -0.681898
vn -0.580107 0.572607 0.579307
vn -0.997039 0.076903 0.000000
vn -0.819983 0.572388 0.000000
vn -0.302708 0.201105 0.931625
vn -0.489009 0.554910 0.673012
vn -0.257098 0.554897 0.791195
vn 0.672606 0.228602 -0.703806
vn 0.698965 0.016599 -0.714964
vn 0.707107 -0.707107 0.000000
vn 0.861627 -0.423313 0.280009
vn 0.905991 -0.423296 0.000000
vn -0.673012 0.554910 0.489009
vn -0.562698 0.806198 0.182799
vn -0.478605 0.806208 0.347803
vn 0.751237 0.660033 0.000000
vn 0.779668 0.573077 0.252390
vn 0.705924 0.663223 0.248609
vn -0.032901 -0.032901 0.998917
vn -0.274398 -0.662394 0.697094
vn -0.017800 -0.043001 0.998916
vn 0.000000 0.991435 -0.130605
vn 0.157699 0.813897 -0.559198
vn 0.035199 0.991558 -0.124795
vn 0.001700 -0.816104 0.577903
vn -0.010000 -0.999911 0.008800
vn -0.409398 -0.815896 0.408298
vn 0.181490 -0.009499 0.983347
vn 0.196902 -0.218302 0.955810
vn 0.121498 -0.134898 0.983382
vn 0.673012 0.554910 -0.489009
vn 0.562698 0.806198 -0.182799
vn 0.478605 0.806208 -0.347803
vn 0.000000 0.343693 -0.939082
vn 0.413019 0.811837 -0.412719
vn 0.000000 0.811735 -0.584025
vn 0.441799 0.631298 -0.637398
vn 0.209998 0.633393 -0.744792
vn 0.707051 -0.012599 0.707051
vn 0.000000 0.066798 0.997767
vn 0.000000 -0.012600 0.999921
vn -0.931625 0.201105 -0.302708
vn -0.801727 0.133805 -0.582520
vn -0.792483 0.201096 -0.575788
vn 0.302708 0.201105 -0.931625
vn 0.582520 0.133805 -0.801727
vn 0.575788 0.201096 -0.792483
vn 0.000000 -0.707107 0.707107
vn 0.000000 0.707107 0.707107
vn 0.000000 0.000000 1.000000
vn -0.791195 0.554897 0.257098
vn -0.591615 0.806221 0.000000
vn 0.537808 0.744911 0.394806
vn -0.104604 0.991536 0.076903
vn -0.727509 0.637508 0.253603
vn -0.855212 0.389505 -0.341905
vn -0.639988 -0.768385 0.000000
vn -0.591998 -0.770397 -0.236699
vn 0.021399 0.905369 -0.424086
vn 0.127503 0.902123 -0.412210
vn 0.591615 0.806221 0.000000
vn 0.791195 0.554897 0.257098
vn -0.329880 0.815249 0.475971
vn -0.605031 0.662234 0.442023
vn -0.468687 0.813678 0.343891
vn 0.705527 0.066803 -0.705527
vn 0.000000 0.086802 -0.996226
vn 0.704438 0.086805 -0.704438
vn -0.250108 0.719924 -0.647422
vn 0.964771 -0.263092 0.000100
vn -0.292006 -0.023900 0.956118
vn -0.128702 -0.713811 0.688411
vn -0.529997 -0.386898 0.754595
vn 0.000000 -0.145606 -0.989343
vn 0.704608 -0.084001 -0.704608
vn 0.699572 -0.145594 -0.699572
vn -0.575788 0.201096 -0.792483
vn -0.306205 0.133802 -0.942515
vn -0.302708 0.201105 -0.931625
vn 0.202003 0.662609 -0.721210
vn 0.329880 0.815249 -0.475971
vn 0.000000 0.149397 -0.988777
vn -0.315819 0.587635 -0.744945
vn 0.000000 0.587398 -0.809298
vn -0.663082 0.348291 0.662582
vn 0.000000 0.877983 0.478691
vn -0.338899 0.877896 0.338299
vn -0.021599 0.905271 0.424286
vn -0.127707 0.901951 0.412523
vn 0.635521 -0.182006 -0.750325
vn 0.000000 0.452685 -0.891671
vn 0.631882 0.371590 -0.680181
vn -0.993595 0.112999 0.000000
vn -0.619795 0.256698 0.741594
vn -0.686288 0.068599 0.724088
vn 0.023800 0.706906 -0.706906
vn 0.025300 -0.011600 -0.999613
vn 0.021400 0.905085 0.424693
vn -0.908298 0.295799 0.295799
vn -0.581427 0.569926 0.580627
vn -0.722423 0.691422 0.006400
vn -0.556891 0.830586 -0.000100
vn -0.393584 0.830867 -0.393384
vn -0.202510 0.805840 0.556428
vn 0.000000 0.805794 0.592196
vn -0.584384 0.811477 0.000000
vn -0.664305 0.343602 0.663805
vn -0.939191 0.343397 0.000000
vn 0.000000 0.682699 0.730699
vn -0.481405 0.827308 -0.289503
vn 0.000000 0.454917 -0.890534
vn -0.098796 0.946960 -0.305787
vn -0.160602 0.946114 -0.281204
vn 0.000000 0.346099 -0.938198
vn 0.663484 0.345992 -0.663384
vn 0.380408 -0.924819 0.000000
vn 0.560211 -0.797515 -0.223904
vn 0.349982 -0.926252 -0.139893
vn -0.727509 0.637508 -0.253603
vn -0.128698 0.991684 0.000000
vn -0.123096 0.991467 -0.042899
vn 0.000000 0.299106 0.954220
vn 0.133000 0.121800 0.983603
vn 0.000000 0.178005 0.984029
vn 0.329880 0.815249 0.475971
vn 0.202003 0.662609 0.721210
vn 0.157699 0.813897 0.559198
vn -0.537808 0.744911 -0.394806
vn -0.441799 0.631298 -0.637398
vn -0.378410 0.747519 -0.545914
vn 0.831912 0.554908 0.000000
vn 0.931625 0.201105 0.302708
vn 0.448084 0.875869 -0.179094
vn 0.579005 0.588005 -0.564805
vn 0.345399 0.875898 -0.336899
vn -0.035199 0.991558 0.124795
vn -0.441799 0.631298 0.637398
vn -0.209998 0.633393 0.744792
vn 0.000000 0.641836 -0.766842
vn -0.035199 0.991558 -0.124795
vn -0.765114 0.324906 0.555910
vn -0.899455 0.324884 0.292285
vn 0.007100 -0.014600 -0.999868
vn 0.704182 -0.087698 -0.704582
vn 0.019201 -0.019401 -0.999627
vn -0.269701 -0.926304 -0.263101
vn -0.560211 -0.797515 -0.223904
vn -0.349982 -0.926252 -0.139893
vn -0.659312 0.389507 0.643112
vn -0.188407 0.875733 0.444517
vn -0.358785 0.390384 0.847864
vn 0.000000 0.811185 -0.584789
vn 0.950990 -0.011800 0.308997
vn 0.830107 -0.557605 0.000000
vn 0.789492 -0.557594 0.256497
vn 0.000000 -0.123395 -0.992358
vn 0.283304 0.684110 -0.672110
vn 0.000000 0.682699 -0.730699
vn 0.269701 -0.926304 0.263101
vn -0.000100 -1.000000 -0.000100
vn 0.996466 -0.083997 0.000000
vn 0.989343 -0.145606 0.000000
vn 0.413599 0.811297 -0.413199
vn 0.000000 0.348415 -0.937340
vn 0.663082 0.348291 -0.662582
vn 0.000000 -0.012600 -0.999921
vn 0.707051 -0.012599 -0.707051
vn 0.017800 -0.043001 -0.998916
vn 0.506988 -0.506988 -0.697084
vn 0.274398 -0.662394 -0.697094
vn 0.441799 0.631298 0.637398
vn 0.035199 0.991558 0.124795
vn 0.209998 0.633393 0.744792
vn -0.004400 -0.999984 -0.003700
vn -0.002400 -0.999899 -0.014000
vn -0.001700 -0.816520 -0.577314
vn -0.707107 -0.707107 0.000000
vn -0.506988 -0.506988 0.697084
vn -0.202003 0.662609 0.721210
vn -0.157699 0.813897 0.559198
vn 0.292285 0.324884 -0.899455
vn 0.347803 0.806208 -0.478604
vn 0.555910 0.324906 -0.765114
vn -0.146797 -0.926682 0.345993
vn 0.000100 -1.000000 -0.000100
vn -0.269701 -0.926304 0.263101
vn 0.202510 0.805840 0.556428
vn 0.000100 -1.000000 0.000100
vn -0.678785 0.682385 -0.271294
vn -0.921612 -0.122102 -0.368405
vn -0.283304 0.684110 -0.672110
vn -0.385708 -0.122003 -0.914519
vn -0.254112 0.959346 -0.122806
vn -0.299014 0.532525 -0.791838
vn -0.121004 0.960235 -0.251609
vn 0.000000 0.811735 0.584025
vn 0.413102 0.811803 0.412702
vn -0.789492 -0.557594 -0.256497
vn -0.770110 -0.306404 -0.559507
vn -0.671596 -0.557597 -0.487897
vn -0.248591 -0.770873 -0.586479
vn -0.659312 0.389507 -0.643112
vn -0.456395 -0.770392 -0.445196
vn 0.181202 0.744807 -0.642206
vn 0.585129 0.810940 0.000000
vn 0.937463 0.348086 0.000000
vn 0.000000 0.811185 0.584789
vn 0.703986 -0.069699 -0.706786
vn 0.923877 -0.382690 0.000000
vn 0.662394 -0.274398 -0.697094
vn -0.704182 -0.087698 -0.704582
vn -0.007100 -0.014600 -0.999868
vn -0.019201 -0.019401 -0.999627
vn 0.857435 0.363872 0.363872
vn 0.581427 0.569926 0.580627
vn 0.707107 0.000000 0.707107
vn 0.235202 -0.386703 0.891707
vn 0.089999 0.365897 0.926293
vn 0.089200 -0.392301 0.915502
vn -0.478495 0.876391 -0.054599
vn -0.479287 0.875977 0.054299
vn 0.000000 0.077897 -0.996961
vn 0.301804 -0.349205 -0.887113
vn 0.413599 0.811297 0.413199
vn 0.000000 0.348415 0.937340
vn 0.815688 0.578492 0.000000
vn -0.908307 0.418303 0.000000
vn -0.722423 0.691422 -0.006400
vn -0.908298 0.295799 -0.295799
vn 0.179796 0.695584 0.695584
vn 0.339205 0.940713 0.000000
vn 0.339193 0.665187 0.665187
vn 0.000000 0.806303 0.591502
vn 0.704608 -0.084001 0.704608
vn 0.710462 -0.122094 0.693063
vn 0.678785 0.682385 0.271294
vn 0.921612 -0.122102 0.368405
vn 0.702713 0.113802 -0.702313
vn 0.000000 0.888736 -0.458419
vn 0.324608 0.888622 -0.324008
vn 0.605031 0.662234 -0.442023
vn 0.468687 0.813678 -0.343891
vn 0.751094 0.587996 0.300198
vn 0.988351 0.152192 0.000000
vn 0.808663 0.588273 0.000000
vn 0.292006 -0.023900 0.956118
vn 0.152410 0.698846 0.698846
vn 0.290688 0.676572 0.676572
vn 0.000000 0.066798 -0.997767
vn 0.283304 0.684110 0.672110
vn 0.385708 -0.122003 0.914519
vn -0.945754 0.324884 0.000000
vn -0.923877 0.382690 0.000000
vn -0.474381 0.474381 -0.741570
vn -0.707107 0.707107 0.000000
vn 0.000000 -0.926463 -0.376385
vn 0.000100 -1.000000 0.000200
vn 0.000000 -1.000000 0.000200
vn 0.000000 0.893887 -0.448293
vn 0.705163 0.076896 -0.704863
vn 0.000000 0.076903 -0.997039
vn -0.662241 0.350722 -0.662141
vn 0.000000 0.104305 -0.994545
vn 0.000000 0.350784 -0.936457
vn 0.623963 0.633263 0.457873
vn 0.378495 0.747491 0.545893
vn -0.970873 0.239593 0.000000
vn -0.729004 -0.283802 -0.622904
vn -0.672606 0.228602 -0.703806
vn -0.815688 0.578492 0.000000
vn -0.779668 0.573077 0.252390
vn -0.619795 0.256698 -0.741594
vn -0.791195 0.554897 -0.257098
vn -0.673012 0.554910 -0.489009
vn 0.478895 0.876191 -0.054299
vn 0.377108 0.892319 -0.248105
vn -0.345399 0.875898 -0.336899
vn -0.188407 0.875733 -0.444517
vn 0.727509 0.637508 0.253603
vn 0.104604 0.991536 0.076903
vn -0.099098 0.947281 0.304694
vn -0.103603 0.915430 0.388913
vn 0.663082 0.348291 0.662582
vn -0.023800 0.706906 0.706906
vn -0.025300 -0.011600 0.999613
vn 0.315819 0.587635 0.744945
vn 0.345399 0.875898 0.336899
vn 0.188407 0.875733 0.444517
vn 0.970943 -0.176408 -0.161707
vn 0.006200 0.071203 -0.997443
vn 0.964658 -0.252189 0.076397
vn -0.923877 -0.382690 0.000000
vn -0.703986 -0.069699 -0.706786
vn -0.662394 -0.274398 -0.697094
vn -0.456905 -0.872609 -0.172602
vn -0.569105 -0.782407 -0.252902
vn -0.693267 -0.610371 -0.383182
vn -0.217504 0.199203 -0.955516
vn -0.181490 -0.009499 -0.983347
vn -0.133000 0.121800 -0.983603
vn -0.004600 0.688716 0.725017
vn -0.133000 0.121800 0.983603
vn 0.000000 -0.145606 0.989343
vn 0.699572 -0.145594 0.699572
vn 0.770110 -0.306404 -0.559507
vn 0.789492 -0.557594 -0.256497
vn 0.671596 -0.557597 -0.487897
vn 0.722423 0.691422 -0.006400
vn 0.296795 0.885984 -0.356294
vn 0.405299 0.883597 -0.234499
vn -0.005600 -0.530602 0.847603
vn -0.004700 -0.362404 0.932009
vn 0.000000 0.806221 0.591615
vn -0.182799 0.806198 0.562698
vn 0.489009 0.554910 0.673012
vn 0.302708 0.201105 0.931625
vn 0.257098 0.554897 0.791195
vn 0.798228 0.524718 -0.295810
vn 0.434086 0.900871 0.000000
vn 0.254112 0.959346 -0.122806
vn -0.179796 0.695584 0.695584
vn 0.681302 0.732002 0.000000
vn 0.681304 0.517603 0.517603
vn 0.000000 0.872966 0.487781
vn 0.156899 0.879496 0.449298
vn -0.235606 -0.797220 -0.555814
vn -0.146797 -0.926682 -0.345993
vn -1.000000 0.000000 0.000000
vn -0.669139 -0.254115 -0.698340
vn -0.694802 0.000000 -0.719202
vn -0.950990 -0.011800 0.308997
vn -0.830107 -0.557605 0.000000
vn -0.999930 -0.011800 0.000000
vn -0.178198 0.899692 0.398497
vn 0.092298 -0.704088 -0.704088
vn 0.525308 -0.850912 0.000000
vn 0.092303 -0.995731 0.000000
vn 0.704438 0.086805 0.704438
vn 0.996819 -0.079701 0.000000
vn 0.704858 -0.079695 0.704858
vn -0.553995 0.809793 0.193198
vn -0.751237 0.660033 0.000000
vn -0.571911 0.820316 0.000000
vn 0.649778 0.718876 -0.246992
vn 0.908905 0.417002 0.000000
vn 0.385708 -0.122003 -0.914519
vn 0.553995 0.809793 0.193198
vn 0.000000 0.299106 -0.954220
vn 0.000000 0.178005 -0.984029
vn 0.005400 -0.999976 -0.004400
vn -0.698965 0.016599 0.714964
vn -0.963781 -0.266695 0.000000
vn -0.669139 -0.254115 0.698340
vn 0.099104 0.947242 -0.304813
vn -0.589697 -0.287299 0.754796
vn -0.971290 0.237898 0.000000
vn -0.673810 0.227503 0.703010
vn -0.751094 0.587996 -0.300198
vn -0.448084 0.875869 -0.179094
vn -0.478605 0.806208 -0.347803
vn -0.489009 0.554910 -0.673012
vn -0.347803 0.806208 -0.478604
vn -0.413599 0.811297 -0.413199
vn -0.705527 0.066803 -0.705527
vn 0.295803 0.630507 -0.717608
vn 0.121004 0.960235 -0.251609
vn 0.639988 -0.768385 0.000000
vn 0.855212 0.389505 -0.341905
vn 0.591998 -0.770397 -0.236699
vn 0.950990 -0.011800 -0.308997
vn 0.808995 -0.011800 -0.587697
vn -0.670421 -0.253808 0.697221
vn -0.001100 0.016399 0.999865
vn -0.700177 0.016599 0.713776
vn -0.855212 0.389505 0.341905
vn -0.482575 0.875855 0.000000
vn -0.448084 0.875869 0.179094
vn 0.000000 0.324884 0.945754
vn -0.256098 0.575195 0.776894
vn 0.000000 0.575909 0.817514
vn -0.996466 -0.083997 0.000000
vn -0.699572 -0.145594 -0.699572
vn -0.989343 -0.145606 0.000000
vn 0.801727 0.133805 -0.582520
vn 0.931625 0.201105 -0.302708
vn 0.792483 0.201096 -0.575788
vn 0.121004 0.960235 0.251609
vn 0.295803 0.630507 0.717608
vn 0.001100 0.999931 0.011700
vn 0.280909 0.959730 0.003100
vn -0.101796 0.981362 0.162994
vn 0.004600 0.688716 -0.725017
vn 0.133000 0.121800 -0.983603
vn 0.917707 0.152301 0.366903
vn 0.707504 0.152301 0.690104
vn -0.347803 0.806208 0.478604
vn -0.555910 0.324906 0.765114
vn 0.471300 0.878500 0.078200
vn 0.733399 0.679799 0.000000
vn 0.471378 0.878458 -0.078196
vn 0.181490 -0.009499 -0.983347
vn 0.196902 -0.218302 -0.955810
vn 0.293784 -0.015299 -0.955749
vn 0.589697 -0.287299 0.754796
vn 0.971290 0.237898 0.000000
vn 0.994866 -0.101197 0.000000
vn -0.292285 0.324884 0.899455
vn -0.196902 -0.218302 -0.955810
vn -0.121498 -0.134898 -0.983382
vn 0.722423 0.691422 0.006400
vn 0.296795 0.885984 0.356294
vn 0.000000 -0.926463 0.376385
vn -0.000100 -1.000000 -0.000200
vn 0.000000 -1.000000 -0.000200
vn 0.474381 0.474381 0.741570
vn 0.256698 0.619795 0.741594
vn -0.123096 0.991467 0.042899
vn -0.681814 0.067401 0.728414
vn -0.994927 0.100603 0.000000
vn 0.791195 0.554897 -0.257098
vn -0.732943 -0.423325 -0.532531
vn 0.000000 -0.707107 -0.707107
vn -0.532493 -0.423294 -0.732990
vn 0.523295 0.682393 0.510395
vn -0.017800 -0.043001 -0.998916
vn -0.506988 -0.506988 -0.697084
vn -0.032901 -0.032901 -0.998917
vn 0.254112 0.959346 0.122806
vn 0.717013 0.629911 0.298505
vn -0.256497 -0.557594 0.789492
vn -0.587697 -0.011800 0.808995
vn -0.308997 -0.011800 0.950990
vn 0.996226 0.086802 0.000000
vn 0.705527 0.066803 0.705527
vn 0.997767 0.066798 0.000000
vn -0.413599 0.811297 0.413199
vn 0.000000 0.772328 -0.635223
vn -0.707051 -0.012599 0.707051
vn -0.997767 0.066798 0.000000
vn -0.999921 -0.012600 0.000000
vn 0.000000 -0.083997 0.996466
vn 0.156899 0.879496 -0.449298
vn 0.380584 0.805866 -0.453581
vn -0.560295 0.828293 0.000000
vn -0.663405 0.346103 -0.663405
vn -0.396194 0.828288 -0.396194
vn 0.000000 -0.192499 -0.981297
vn 0.121498 -0.134898 -0.983382
vn 0.664305 0.343602 0.663805
vn 0.000000 0.877318 0.479910
vn 0.000000 0.343693 0.939082
vn -0.707051 -0.012599 -0.707051
vn -0.181202 0.744807 0.642206
vn 0.123096 0.991467 -0.042899
vn 0.571911 0.820316 0.000000
vn 0.128698 0.991684 0.000000
vn 0.256098 0.575195 0.776894
vn -0.380408 -0.924819 0.000000
vn 0.000000 0.427910 0.903821
vn -0.250108 0.719924 0.647422
vn -0.299014 0.532525 0.791838
vn -0.931625 0.201105 0.302708
vn -0.831912 0.554908 0.000000
vn 0.765114 0.324906 -0.555910
vn 0.681302 0.000000 -0.732002
vn -0.159499 -0.710197 -0.685697
vn 0.681304 -0.517603 -0.517603
vn 0.005600 -0.530602 -0.847603
vn -0.964658 -0.252189 -0.076397
vn 0.004700 -0.362404 -0.932009
vn -0.002400 -0.433078 0.901353
vn 0.961648 -0.104294 0.253686
vn -0.009300 -0.505415 0.862826
vn -0.023800 0.999717 0.000000
vn 0.290688 0.676572 -0.676572
vn -0.023800 0.706906 -0.706906
vn 0.032901 -0.032901 -0.998917
vn 0.965846 -0.250386 -0.066696
vn 0.969788 -0.172998 0.171998
vn -0.950990 -0.011800 -0.308997
vn -0.808995 -0.011800 -0.587697
vn -0.006800 -0.999977 0.000000
vn 0.673012 0.554910 0.489009
vn 0.575788 0.201096 0.792483
vn -0.329880 0.815249 -0.475971
vn -0.605031 0.662234 -0.442023
vn -0.428016 0.659525 -0.617923
vn 0.992542 -0.121905 0.000000
vn 0.181202 0.744807 0.642206
vn 0.308997 -0.011800 0.950990
vn 0.000000 -0.557605 0.830107
vn 0.000000 -0.011800 0.999930
vn 0.659312 0.389507 -0.643112
vn 0.456395 -0.770392 -0.445196
vn 0.000000 0.350784 0.936457
vn -0.393600 0.830900 0.393300
vn 0.000000 0.830787 0.556591
vn -0.296795 0.885984 0.356294
vn -0.405299 0.883597 0.234499
vn 0.000000 0.201094 0.979572
vn 0.000000 0.554908 0.831912
vn -0.779364 0.626571 0.000000
vn 0.765114 0.324906 0.555910
vn 0.347803 0.806208 0.478604
vn 0.555910 0.324906 0.765114
vn -0.582520 0.133805 -0.801727
vn -0.074002 0.991533 -0.106704
vn -0.468687 0.813678 -0.343891
vn -0.256698 0.619795 0.741594
vn -0.382690 0.923877 0.000000
vn -0.339205 0.940713 0.000000
vn -0.179801 0.983703 0.000000
vn 0.899455 0.324884 -0.292285
vn -0.104604 0.991536 -0.076903
vn -0.624003 0.633203 -0.457902
vn 0.489009 0.554910 -0.673012
vn 0.257098 0.554897 -0.791195
vn 0.619795 0.256698 -0.741594
vn 0.686288 0.068599 -0.724088
vn 0.102900 0.915600 -0.388700
vn 0.145700 0.918500 -0.367600
vn -0.779668 0.573077 -0.252390
vn -0.765114 0.324906 -0.555910
vn -0.661283 0.573285 -0.483787
vn 0.970873 0.239593 0.000000
vn 0.984833 -0.173506 0.000000
vn 0.560709 0.828013 -0.000100
vn 0.938307 0.345803 0.000000
vn -0.474381 0.474381 0.741570
vn 0.043001 -0.017800 0.998916
vn -0.296795 0.885984 -0.356294
vn -0.581427 0.569926 -0.580627
vn -0.338387 -0.021399 0.940764
vn -0.339193 0.665187 0.665187
vn 0.921612 -0.122102 -0.368405
vn 0.523295 0.682393 -0.510395
vn 0.022701 -0.004600 0.999732
vn -0.695971 0.000000 0.718070
vn 0.000000 -0.192499 0.981297
vn -0.121498 -0.134898 0.983382
vn 0.445600 -0.879499 -0.167100
vn 0.700515 -0.602213 -0.382908
vn 0.560208 -0.791011 -0.245903
vn 0.700177 0.016599 0.713776
vn 0.999861 0.016699 0.000000
vn -0.043001 -0.017800 -0.998916
vn 0.380584 0.805866 0.453581
vn 0.233497 0.923088 0.305596
vn 0.000000 -0.265105 0.964219
vn -0.704696 -0.082500 0.704696
vn 0.000000 -0.082499 0.996591
vn 0.074002 0.991533 -0.106704
vn 0.104604 0.991536 -0.076903
vn -0.992542 -0.121905 0.000000
vn -0.678785 0.682385 0.271294
vn -0.921612 -0.122102 0.368405
vn 0.482575 0.875855 0.000000
vn -0.969788 -0.172998 0.171998
vn -0.005500 -0.165094 -0.986263
vn -0.996241 -0.026101 -0.082603
vn 0.705163 0.076896 0.704863
vn 0.000000 0.893887 0.448293
vn 0.000000 0.076903 0.997039
vn 0.855212 0.389505 0.341905
vn 0.922083 0.386993 0.000000
vn 0.999969 -0.007900 0.000000
vn 0.686288 0.068599 0.724088
vn 0.993595 0.112999 0.000000
vn 0.999921 -0.012600 0.000000
vn 0.624003 0.633203 -0.457902
vn 0.694802 0.000000 0.719202
vn -0.001200 0.000000 0.999999
vn 0.681304 0.517603 -0.517603
vn -0.179801 0.000000 -0.983703
vn 0.672606 0.228602 0.703806
vn -0.001100 0.226196 0.974081
vn -0.550796 0.627796 0.549996
vn -0.480183 0.877168 0.000000
vn -0.339800 0.877200 0.339200
vn -0.635887 0.739285 -0.221596
vn -0.942515 0.133802 -0.306205
vn 0.250108 0.719924 -0.647422
vn -0.157699 0.813897 -0.559198
vn 0.146797 -0.926682 0.345993
vn -0.661283 0.573285 0.483787
vn -0.705924 0.663223 0.248609
vn 0.000000 0.806221 -0.591615
vn 0.182799 0.806198 -0.562698
vn -0.942515 0.133802 0.306205
vn -0.979572 0.201094 0.000000
vn 0.000000 0.806303 -0.591502
vn -0.202003 0.662609 -0.721210
vn 0.000000 0.665288 -0.746587
vn 0.000000 0.665288 0.746587
vn -0.702713 0.113802 -0.702313
vn 0.000000 0.113800 -0.993504
vn 0.378410 0.747519 -0.545914
vn 0.159499 -0.710197 -0.685697
vn -0.696427 0.000000 -0.717628
vn -0.696441 -0.507430 -0.507430
vn -0.965846 -0.250386 -0.066696
vn 0.004600 0.501401 0.865203
vn -0.865202 0.501401 0.004600
vn 0.997039 0.076903 0.000000
vn 0.317393 0.893779 0.316893
vn -0.223613 0.923353 -0.312118
vn -0.235103 0.921912 -0.307904
vn 0.605031 0.662234 0.442023
vn 0.484670 0.572565 0.661260
vn 0.428016 0.659525 0.617923
vn -0.532493 -0.423294 0.732990
vn -0.770110 -0.306404 0.559507
vn -0.559507 -0.306404 0.770110
vn -0.246205 0.000000 0.969218
vn 0.152403 0.000000 0.988319
vn 0.005500 -0.165094 -0.986263
vn 0.996241 -0.026101 -0.082603
vn -0.121004 0.960235 0.251609
vn 0.000000 0.904624 0.426211
vn 0.939191 0.343397 0.000000
vn 0.339800 0.877200 0.339200
vn -0.705527 0.066803 0.705527
vn -0.996226 0.086802 0.000000
vn -0.257098 0.554897 -0.791195
vn 0.000000 0.733833 0.679330
vn -0.560211 -0.797515 0.223904
vn -0.431892 -0.797485 0.421292
vn 0.000000 0.875573 -0.483085
vn -0.358785 0.390384 -0.847864
vn 0.000000 0.390090 -0.920777
vn -0.523295 0.682393 -0.510395
vn 0.000000 0.133801 -0.991008
vn 0.000000 0.201094 -0.979572
vn 0.000000 0.000000 -1.000000
vn 0.217504 0.199203 -0.955516
vn 0.043001 -0.017800 -0.998916
vn 0.993887 -0.110399 0.000000
vn -0.553995 0.809793 -0.193198
vn -0.704438 0.086805 0.704438
vn -0.996591 -0.082499 0.000000
vn -0.999993 -0.003800 0.000000
vn -0.709024 -0.009300 -0.705123
vn 0.584384 0.811477 0.000000
vn 0.074002 0.991533 0.106704
vn 0.468687 0.813678 0.343891
vn -0.295294 0.630886 -0.717485
vn 0.000000 0.707107 -0.707107
vn 0.705899 -0.428499 -0.563999
vn 0.481405 0.827308 -0.289503
vn -0.005600 0.707096 0.707096
vn -0.246214 0.685339 0.685339
vn 0.315819 0.587635 -0.744945
vn 0.188407 0.875733 -0.444517
vn 0.092298 0.704088 0.704088
vn 0.525308 0.850912 0.000000
vn 0.092303 0.995731 0.000000
vn -0.585129 0.810940 0.000000
vn -0.663082 0.348291 -0.662582
vn 0.005400 -0.999976 0.004400
vn -0.349982 -0.926252 0.139893
vn 0.000000 -0.046601 0.998914
vn -0.861627 -0.423313 0.280009
vn -0.905299 -0.306400 0.294200
vn 0.000000 0.104305 0.994545
vn -0.662297 0.350699 0.662097
vn -0.484670 0.572565 0.661260
vn -0.428016 0.659525 0.617923
vn -0.074002 0.991533 0.106704
vn 0.002400 -0.999902 -0.013800
vn -0.332811 -0.879330 -0.340612
vn -0.153505 -0.909929 -0.385312
vn -0.562698 0.806198 -0.182799
vn -0.808995 -0.011800 0.587697
vn -0.801727 0.133805 0.582520
vn 0.963781 -0.266695 0.000000
vn 0.698965 0.016599 0.714964
vn 0.669139 -0.254115 0.698340
vn -0.548288 0.804582 0.228095
vn 0.023800 0.999717 0.000000
vn -0.290688 0.676572 0.676572
vn 0.023800 0.706906 0.706906
vn -0.232791 0.364185 -0.901764
vn -0.089099 -0.392594 -0.915386
vn -0.225394 -0.388689 -0.893375
vn -0.922083 0.386993 0.000000
vn -0.789492 -0.557594 0.256497
vn -0.338387 -0.021399 -0.940764
vn -0.025300 -0.011600 -0.999613
vn -0.798228 0.524718 0.295810
vn -0.649778 0.718876 0.246992
vn 0.857449 0.000000 0.514569
vn -0.733399 0.679799 0.000000
vn -0.471300 0.878500 0.078200
vn -0.471300 0.878500 -0.078200
vn 0.004600 0.501401 -0.865203
vn 0.338387 -0.021399 0.940764
vn 0.002500 -0.236106 0.971724
vn 0.551389 -0.347593 0.758386
vn 0.000000 -0.262999 0.964796
vn 0.000000 -0.079701 0.996819
vn -0.007700 0.999970 0.000000
vn 0.107403 0.987530 -0.115104
vn -0.306009 0.952029 0.000000
vn -0.716890 0.630291 0.297996
vn -0.296203 -0.630206 0.717707
vn -0.295294 0.630886 0.717485
vn -0.558194 0.586694 0.586694
vn -0.696427 0.000000 0.717628
vn -0.558203 0.000000 0.829705
vn 0.556591 0.830787 0.000000
vn 0.393517 0.830836 -0.393517
vn -0.696427 0.717628 0.000000
vn -0.696441 0.507430 0.507430
vn -0.704608 -0.084001 -0.704608
vn 0.000000 -0.083997 -0.996466
vn 0.000100 -1.000000 -0.000200
vn 0.923877 0.382690 0.000000
vn 0.707107 0.707107 0.000000
vn -0.993887 -0.110399 0.000000
vn -0.662394 -0.274398 0.697094
vn -0.704182 -0.087698 0.704582
vn 0.583020 0.805928 -0.102804
vn 0.512786 0.805878 -0.295992
vn -0.385398 0.151699 0.910195
vn 0.000000 -0.123395 0.992358
vn 0.000000 0.149397 0.988777
vn 0.857449 -0.514569 0.000000
vn -0.209998 0.633393 -0.744792
vn -0.181202 0.744807 -0.642206
vn 0.246205 0.000000 -0.969218
vn -0.152410 0.698846 -0.698846
vn -0.152403 0.000000 -0.988319
vn -0.668792 -0.494895 -0.554794
vn -0.680290 0.304296 0.666790
vn -0.641611 0.693312 0.328106
vn -0.937463 0.348086 0.000000
vn -0.338899 0.877896 -0.338299
vn -0.512786 0.805878 0.295992
vn -0.583020 0.805928 0.102804
vn 0.704696 -0.082500 -0.704696
vn -0.487930 -0.557634 0.671542
vn -0.671596 -0.557597 0.487897
vn -0.001700 -0.816023 0.578017
vn -0.004400 -0.999983 0.003800
vn -0.005500 -0.999975 0.004500
vn -0.714320 -0.699819 0.000000
vn -0.156899 0.879496 0.449298
vn -0.581995 -0.813193 -0.000200
vn -0.253814 0.967253 0.000000
vn -0.253819 0.683950 0.683950
vn 0.409481 -0.815863 0.408281
vn 0.014500 -0.999895 0.000000
vn 0.009400 -0.999921 0.008300
vn -0.005600 -0.707096 0.707096
vn 0.706106 0.000000 0.708106
vn -0.005600 0.000000 0.999984
vn 0.681814 0.067401 0.728414
vn -0.043001 -0.017800 0.998916
vn 0.619795 0.256698 0.741594
vn 0.669139 -0.254115 -0.698340
vn 1.000000 0.000000 0.000000
vn 0.694802 0.000000 -0.719202
vn 0.581427 0.569926 -0.580627
vn 0.695971 0.000000 0.718070
vn -0.022701 -0.004600 0.999732
vn -0.002400 -0.999899 0.014000
vn 0.186903 -0.906114 0.379506
vn 0.136803 -0.906817 0.398708
vn 0.338899 0.877896 -0.338299
vn -0.253814 -0.967253 0.000000
vn -0.558194 -0.586694 -0.586694
vn -0.253819 -0.683950 -0.683950
vn 0.532493 -0.423294 -0.732990
vn 0.280009 -0.423313 -0.861627
vn -0.970943 -0.176408 0.161707
vn -0.006200 0.071203 0.997443
vn -0.339800 0.877200 -0.339200
vn 0.000000 0.627508 -0.778610
vn 0.000000 0.877318 -0.479910
vn -0.703200 0.104300 -0.703300
vn 0.000000 0.670874 0.741571
vn 0.017800 -0.043001 0.998916
vn -0.094403 -0.995534 0.000000
vn 0.681304 -0.517603 0.517603
vn 0.681302 -0.732002 0.000000
vn 0.005600 0.707096 -0.707096
vn 0.246205 0.969218 0.000000
vn 0.246214 0.685339 -0.685339
vn -0.635887 0.739285 0.221596
vn 0.779668 0.573077 -0.252390
vn 0.661283 0.573285 -0.483787
vn 0.725056 -0.289983 0.624663
vn 0.940530 0.339711 0.000000
vn -0.705163 0.076896 -0.704863
vn -0.999969 -0.007900 0.000000
vn -0.681873 -0.265789 -0.681473
vn -0.964194 -0.265198 0.000100
vn -0.000100 -1.000000 0.000100
vn -0.005500 -0.999975 -0.004500
vn 0.529997 -0.386898 -0.754595
vn 0.701783 -0.012400 -0.712283
vn 0.560211 -0.797515 0.223904
vn 0.349982 -0.926252 0.139893
vn 0.000000 0.575909 -0.817514
vn 0.704696 -0.082500 0.704696
vn 0.000000 0.086802 0.996226
vn -0.792483 0.201096 0.575788
vn 0.942515 0.133802 -0.306205
vn 0.339800 0.877200 -0.339200
vn 0.480183 0.877168 0.000000
vn -0.280009 -0.423313 -0.861627
vn 0.537808 0.744911 -0.394806
vn -0.865202 0.501401 -0.004600
vn 0.770110 -0.306404 0.559507
vn 0.532493 -0.423294 0.732990
vn 0.559507 -0.306404 0.770110
vn -0.654614 -0.187604 -0.732315
vn -0.568410 -0.079301 -0.818915
vn -0.705809 -0.428505 -0.564107
vn -0.007000 0.210610 0.977545
vn 0.898710 -0.346504 -0.268803
vn 0.716890 0.630291 0.297996
vn 0.717066 -0.629670 0.298886
vn 0.002400 -0.433078 -0.901353
vn 0.673810 0.227503 -0.703010
vn 0.001100 0.226196 -0.974081
vn 0.005600 -0.707096 -0.707096
vn -0.664122 0.000000 -0.747624
vn 0.005600 0.000000 -0.999984
vn 0.152403 0.988319 0.000000
vn -0.246214 0.685339 -0.685339
vn 0.152410 0.698846 -0.698846
vn 0.000000 -0.770699 -0.637199
vn 0.000000 0.572388 0.819983
vn 0.025300 -0.011600 0.999613
vn 0.396277 0.828352 0.395977
vn 0.000000 0.346099 0.938198
vn 0.000000 0.828293 0.560295
vn -0.478929 0.877854 0.000000
vn 0.299288 0.954163 0.000000
vn -0.308997 -0.011800 -0.950990
vn 0.000000 -0.557605 -0.830107
vn 0.000000 -0.011800 -0.999930
vn -0.970943 -0.176408 -0.161707
vn 0.005500 -0.165094 0.986263
vn 0.005600 -0.530602 0.847603
vn -0.068497 -0.997651 0.000000
vn 0.358785 0.390384 -0.847864
vn 0.248591 -0.770873 -0.586479
vn 0.662540 -0.192212 -0.723944
vn 0.713206 -0.319303 -0.624005
vn -0.256497 -0.557594 -0.789492
vn -0.559507 -0.306404 -0.770110
vn -0.294108 -0.306409 -0.905325
vn -0.579005 0.588005 -0.564805
vn -0.899455 0.324884 -0.292285
vn 0.092298 -0.704088 0.704088
vn 0.857435 -0.363872 0.363872
vn 0.994545 0.104305 0.000000
vn -0.582520 0.133805 0.801727
vn -0.575788 0.201096 0.792483
vn -0.196902 -0.218302 0.955810
vn -0.580107 0.572607 -0.579307
vn 0.865202 0.501401 -0.004600
vn -0.004600 0.501401 -0.865203
vn -0.256698 0.619795 -0.741594
vn 0.000000 0.670874 -0.741571
vn -0.908307 0.000000 -0.418303
vn -0.253819 0.683950 -0.683950
vn -0.303599 0.952797 0.002300
vn -0.202510 0.805840 -0.556428
vn -0.156899 0.879496 -0.449298
vn -0.908298 -0.295799 -0.295799
vn -0.908307 -0.418303 0.000000
vn -0.523295 0.682393 0.510395
vn -0.710462 -0.122094 0.693063
vn 0.258895 0.818985 -0.512091
vn 0.004600 0.688716 0.725017
vn 0.857435 0.363872 -0.363872
vn 0.092298 0.704088 -0.704088
vn 0.002500 -0.236106 -0.971724
vn 0.550796 0.627796 0.549996
vn 0.000000 0.641836 0.766842
vn -0.005500 -0.165094 0.986263
vn -0.732943 -0.423325 0.532531
vn 0.299014 0.532525 -0.791838
vn 0.659312 0.389507 0.643112
vn 0.591998 -0.770397 0.236699
vn 0.456395 -0.770392 0.445196
vn 0.182799 0.806198 0.562698
vn -0.704438 0.086805 -0.704438
vn -0.926092 0.377297 0.000000
vn -0.976992 -0.047600 0.207898
vn -0.651905 -0.678605 -0.338402
vn -0.706894 -0.559995 -0.432096
vn 0.246205 -0.969218 0.000000
vn -0.664305 0.343602 -0.663805
vn -0.413102 0.811803 -0.412702
vn 0.409015 -0.816230 -0.408015
vn 0.578899 -0.815399 -0.000200
vn -0.908307 0.000000 0.418303
vn -0.908298 -0.295799 0.295799
vn 0.000000 -0.938417 0.345506
vn -0.014400 -0.999896 0.000000
vn -0.578899 -0.815399 -0.000200
vn 0.019201 -0.019401 0.999627
vn -0.306205 0.133802 0.942515
vn -0.004600 0.501401 0.865203
vn 0.000000 0.828293 -0.560295
vn 0.396294 0.828288 -0.396094
vn -0.707107 0.000000 -0.707107
vn -0.484670 0.572565 -0.661260
vn -0.705924 0.663223 -0.248609
vn -0.280009 -0.423313 0.861627
vn -0.004700 -0.362404 -0.932009
vn -0.664122 -0.747624 0.000000
vn 0.005600 -0.999984 0.000000
vn -0.964771 -0.263092 0.000100
vn 0.000000 0.904624 -0.426211
vn -0.217504 0.199203 0.955516
vn -0.701783 -0.012400 -0.712283
vn -0.686288 0.068599 -0.724088
vn -0.256098 0.575195 -0.776894
vn 0.704182 -0.087698 0.704582
vn 0.999993 -0.003800 0.000000
vn 0.709024 -0.009300 0.705123
vn 0.000000 0.324884 -0.945754
vn 0.317393 0.893779 -0.316893
vn 0.306912 -0.944837 -0.114404
vn 0.153203 -0.984720 -0.082802
vn 0.000000 0.875573 0.483085
vn 0.000000 0.390090 0.920777
vn -0.253814 0.000000 0.967253
vn 0.256698 0.619795 -0.741594
vn 0.382690 0.923877 0.000000
vn -0.487930 -0.557634 -0.671542
vn -0.694802 0.000000 0.719202
vn -0.995420 -0.095602 0.000000
vn -0.703986 -0.069699 0.706786
vn -0.283304 0.684110 0.672110
vn 0.385398 0.151699 -0.910195
vn 0.269701 -0.926304 -0.263101
vn -0.512786 0.805878 -0.295992
vn -0.405299 0.883597 -0.234499
vn -0.080597 0.982161 -0.169893
vn -0.995102 -0.029000 0.094500
vn 0.009300 -0.505415 0.862826
vn 0.009300 -0.505415 -0.862826
vn 0.159499 -0.710197 0.685697
vn 0.753944 -0.656938 0.000000
vn 0.094403 -0.995534 0.000000
vn 0.000000 0.877983 -0.478691
vn -0.704858 -0.079695 -0.704858
vn 0.000000 -0.079701 -0.996819
vn -0.235606 -0.797220 0.555814
vn -0.696441 0.507430 -0.507430
vn -0.558203 0.829705 0.000000
vn -0.558194 0.586694 -0.586694
vn -0.290704 0.956813 0.000000
vn -0.290688 0.676572 -0.676572
vn -0.813793 0.348997 0.464696
vn -0.922245 -0.329016 0.203010
vn -0.822261 -0.331384 0.462678
vn 0.681814 0.067401 -0.728414
vn 0.994927 0.100603 0.000000
vn -0.294108 -0.306409 0.905325
vn 0.179796 0.695584 -0.695584
vn -0.167098 -0.982287 -0.084799
vn -0.319885 -0.940055 -0.118194
vn -0.701783 -0.012400 0.712283
vn 0.007100 -0.014600 0.999868
vn 0.007000 0.230109 0.973140
vn -0.915368 -0.279090 -0.290190
vn 0.258895 0.818985 0.512091
vn 0.000000 0.427910 -0.903821
vn -0.558203 0.000000 -0.829705
vn -0.253814 0.000000 -0.967253
vn 0.256497 -0.557594 -0.789492
vn 0.308997 -0.011800 -0.950990
vn 0.001100 0.016399 -0.999865
vn 0.001200 -0.250785 -0.968042
vn -0.295803 0.630507 -0.717608
vn 0.942515 0.133802 0.306205
vn 0.808995 -0.011800 0.587697
vn 0.801727 0.133805 0.582520
vn 0.000000 0.554908 -0.831912
vn -0.551389 -0.347593 -0.758386
vn 0.382690 -0.923877 0.000000
vn 0.000000 -0.716987 -0.697087
vn 0.411326 -0.813452 0.411226
vn 0.682213 -0.263005 0.682213
vn -0.293784 -0.015299 0.955749
vn -0.583020 0.805928 -0.102804
vn -0.976992 -0.047600 -0.207898
vn -0.995102 -0.029000 -0.094500
vn -0.376794 -0.374794 -0.847087
vn -0.568229 0.367919 -0.736038
vn -0.374411 0.389211 -0.841624
vn -0.380584 0.805866 -0.453581
vn 0.005600 0.707096 0.707096
vn 0.246214 0.685339 0.685339
vn 0.000000 -0.423296 -0.905991
vn 0.246214 -0.685339 -0.685339
vn 0.005600 -0.707096 0.707096
vn 0.179801 0.000000 0.983703
vn -0.682298 -0.263599 -0.681898
vn -0.408915 -0.816330 -0.407915
vn -0.664122 0.000000 0.747624
vn 0.005600 0.000000 0.999984
vn 0.338387 -0.021399 -0.940764
vn 0.179801 0.000000 -0.983703
vn -0.991008 0.133801 0.000000
vn -0.007000 0.210610 -0.977545
vn -0.188494 0.692078 -0.696777
vn 0.732943 -0.423325 -0.532531
vn 0.861627 -0.423313 -0.280009
vn 0.001200 0.000000 -0.999999
vn 0.670421 -0.253808 -0.697221
vn 0.695971 0.000000 -0.718070
vn 0.993504 0.113800 0.000000
vn 0.458696 0.888593 0.000000
vn 0.663484 0.345992 0.663384
vn -0.861627 -0.423313 -0.280009
vn -0.905991 -0.423296 0.000000
vn -0.988351 0.152192 0.000000
vn -0.808663 0.588273 0.000000
vn 0.898710 -0.346504 0.268803
vn 0.002400 -0.433078 0.901353
vn -0.004800 0.042000 0.999106
vn -0.696441 -0.507430 0.507430
vn -0.696427 -0.717628 0.000000
vn -0.664145 0.528636 -0.528636
vn -0.664122 0.747624 0.000000
vn -0.381112 -0.000100 -0.924529
vn -0.664145 0.528636 0.528636
vn 0.001100 0.016399 0.999865
vn 0.001200 -0.250785 0.968042
vn -0.951903 -0.306401 0.000000
vn -0.905299 -0.306400 -0.294200
vn -0.637801 0.770201 0.000000
vn 0.673864 0.227488 0.702963
vn -0.152403 0.000000 0.988319
vn 0.246214 -0.685339 0.685339
vn -0.994545 0.104305 0.000000
vn -0.699572 -0.145594 0.699572
vn -0.152410 0.698846 0.698846
vn -0.729004 -0.283802 0.622904
vn 0.963891 -0.266297 0.000000
vn 0.670421 -0.253808 0.697221
vn -0.004600 0.688716 -0.725017
vn -0.385398 0.151699 -0.910195
vn -0.226700 0.803602 0.550301
vn -0.152403 0.988319 0.000000
vn 0.700177 0.016599 -0.713776
vn 0.000000 0.991435 0.130605
vn -0.577384 -0.577384 -0.577284
vn 0.506988 -0.506988 0.697084
vn 0.662394 -0.274398 0.697094
vn 0.004300 -0.999984 0.003700
vn 0.002300 -0.999902 0.013800
vn 0.001700 -0.816601 -0.577200
vn -0.558203 -0.829705 0.000000
vn 0.000000 0.733833 -0.679330
vn -0.577384 -0.577384 0.577284
vn -0.558194 -0.586694 0.586694
vn 0.000000 -0.306401 -0.951903
vn -0.672606 0.228602 0.703806
vn 0.474381 0.474381 -0.741570
vn -0.664145 -0.528636 0.528636
vn 0.246205 0.000000 0.969218
vn -0.698965 0.016599 -0.714964
vn 0.000000 -0.291492 -0.956573
vn 0.000000 0.133801 0.991008
vn 0.000000 -0.716987 0.697087
vn 0.274398 -0.662394 0.697094
vn 0.000000 -1.000000 0.000000
vn 0.000000 0.678085 0.734984
vn -0.317393 0.893779 -0.316893
vn -0.917707 0.152301 0.366903
vn 0.969788 -0.172998 -0.171998
vn 0.996241 -0.026101 0.082603
vn -0.385708 -0.122003 0.914519
vn -0.377211 0.892525 0.247207
vn 0.703250 0.104307 0.703250
vn -0.396194 0.828288 0.396194
vn -0.938198 0.346099 0.000000
vn -0.253819 -0.683950 0.683950
vn -0.705163 0.076896 0.704863
vn -0.317393 0.893779 0.316893
vn -0.274398 -0.662394 -0.697094
vn -0.293784 -0.015299 -0.955749
vn 0.965846 -0.250386 0.066696
vn -0.382690 -0.923877 0.000000
vn -0.528487 -0.384490 0.756881
vn -0.439875 0.370979 0.817854
vn -0.528879 0.388085 0.754770
vn -0.964658 -0.252189 0.076397
vn 0.004700 -0.362404 0.932009
vn 0.857449 0.514569 0.000000
vn -0.123297 0.905477 -0.406090
vn -0.177099 0.903797 -0.389599
vn 0.798228 0.524718 0.295810
vn 0.250108 0.719924 0.647422
vn 0.299014 0.532525 0.791838
vn -0.002500 -0.236106 0.971724
vn 0.701783 -0.012400 0.712283
vn 0.529997 -0.386898 0.754595
vn 0.000000 0.678085 -0.734984
vn 0.991008 0.133801 0.000000
vn -0.001200 -0.250785 -0.968042
vn 0.923207 -0.000100 0.384303
vn -0.179801 0.000000 0.983703
vn 0.905299 -0.306400 0.294200
vn 0.296203 -0.630206 0.717707
vn 0.000000 -0.887503 0.460802
vn 0.325887 -0.887466 0.325887
vn -0.007100 -0.014600 0.999868
vn -0.019201 -0.019401 0.999627
vn -0.551389 -0.347593 0.758386
vn 0.000000 0.830787 -0.556591
vn 0.292006 -0.023900 -0.956118
vn 0.152403 0.000000 -0.988319
vn 0.751094 0.587996 -0.300198
vn 0.714320 -0.699819 0.000000
vn 0.128702 -0.713811 -0.688411
vn 0.068497 -0.997651 0.000000
vn 0.706106 0.708106 0.000000
vn -0.005600 0.999984 0.000000
vn -0.001200 -0.250785 0.968042
vn -0.681814 0.067401 -0.728414
vn 0.128702 -0.713811 0.688411
vn 0.664305 0.343602 -0.663805
vn -0.550796 0.627796 -0.549996
vn -0.993504 0.113800 0.000000
vn 0.732943 -0.423325 0.532531
vn 0.092303 0.000000 -0.995731
vn 0.525293 0.601692 -0.601692
vn 0.525308 0.000000 -0.850912
vn 0.487930 -0.557634 -0.671542
vn 0.587697 -0.011800 -0.808995
vn 0.681873 -0.265789 -0.681473
vn -0.965846 -0.250386 0.066696
vn -0.146703 0.918417 -0.367407
vn -0.103597 0.915570 -0.388587
vn 0.000000 0.872966 -0.487781
vn 0.202510 0.805840 -0.556428
vn 0.668704 -0.495003 -0.554803
vn 0.645499 -0.688599 -0.330399
vn -0.936567 0.350488 0.000000
vn -0.670421 -0.253808 -0.697221
vn -0.001200 0.000000 -0.999999
vn -0.695971 0.000000 -0.718070
vn 0.226700 0.803602 0.550301
vn 0.295294 0.630886 0.717485
vn 0.951903 -0.306401 0.000000
vn 0.905299 -0.306400 -0.294200
vn 0.280009 -0.423313 0.861627
vn -0.246214 -0.685339 0.685339
vn 0.006200 0.071203 0.997443
vn 0.678785 0.682385 -0.271294
vn 0.734071 0.679073 0.000000
vn 0.923207 -0.000100 -0.384303
vn 0.717013 0.629911 -0.298505
vn 0.294108 -0.306409 -0.905325
vn 0.107403 0.987530 0.115104
vn 0.000000 -0.423296 0.905991
vn 0.431892 -0.797485 0.421292
vn -0.009300 -0.999923 -0.008200
vn 0.656726 0.754130 0.000000
vn 0.635887 0.739285 0.221596
vn -0.246205 -0.969218 0.000000
vn 0.306205 0.133802 0.942515
vn 0.123096 0.991467 0.042899
vn -0.021300 0.905315 -0.424207
vn 0.131298 0.902588 0.409995
vn 0.185097 0.901285 0.391694
vn 0.964194 -0.265198 0.000100
vn -0.963891 -0.266297 0.000000
vn -0.999861 0.016699 0.000000
vn 0.995420 -0.095602 0.000000
vn 0.680290 0.304296 0.666790
vn 0.000000 0.772328 0.635223
vn 0.875226 0.386611 0.290709
vn -0.002500 -0.236106 -0.971724
vn 0.577384 -0.577384 0.577284
vn 0.525308 0.000000 0.850912
vn 0.525293 -0.601692 0.601692
vn 0.007000 0.230109 -0.973140
vn -0.915368 -0.279090 0.290190
vn -0.996241 -0.026101 0.082603
vn 0.487930 -0.557634 0.671542
vn 0.587697 -0.011800 0.808995
vn 0.681302 0.000000 0.732002
vn 0.550796 0.627796 -0.549996
vn 0.703986 -0.069699 0.706786
vn 0.779364 0.626571 0.000000
vn 0.577384 -0.577384 -0.577284
vn 0.857435 -0.363872 -0.363872
vn -0.005600 0.707096 -0.707096
vn 0.706106 0.000000 -0.708106
vn -0.005600 0.000000 -0.999984
vn 0.385398 0.151699 0.910195
vn -0.005600 -0.707096 -0.707096
vn -0.005600 -0.999984 0.000000
vn 0.792483 0.201096 0.575788
vn -0.778610 0.627508 0.000000
vn 0.727509 0.637508 -0.253603
vn 0.582520 0.133805 0.801727
vn 0.000000 0.627508 0.778610
vn -0.159499 -0.710197 0.685697
vn 0.032901 -0.032901 0.998917
vn 0.358785 0.390384 0.847864
vn 0.022701 -0.004600 -0.999732
vn 0.092303 0.000000 0.995731
vn 0.548288 0.804582 -0.228095
vn -0.246205 0.000000 -0.969218
vn 0.681807 -0.265103 0.681807
vn 0.256098 0.575195 -0.776894
vn 0.641611 0.693312 0.328106
vn 0.691489 -0.420493 -0.587391
vn 0.295294 0.630886 -0.717485
vn 0.296203 -0.630206 -0.717707
vn -0.246214 -0.685339 -0.685339
vn -0.410993 -0.813687 -0.411093
vn 0.707107 0.000000 -0.707107
vn 0.235606 -0.797220 -0.555814
vn 0.000000 -0.796688 -0.604391
vn 0.463278 0.009900 -0.886158
vn 0.580003 -0.088400 -0.809804
vn 0.706108 -0.500705 -0.500705
vn 0.695488 -0.457592 -0.553991
vn 0.731420 -0.440912 -0.520214
vn 0.707895 -0.566396 -0.421997
vn 0.857449 0.000000 -0.514569
vn 0.525293 0.601692 0.601692
vn 0.484670 0.572565 -0.661260
vn 0.702713 0.113802 0.702313
vn 0.405299 0.883597 0.234499
vn 0.235606 -0.797220 0.555814
vn -0.682213 -0.263005 0.682213
vn 0.290704 0.956813 0.000000
vn 0.995102 -0.029000 -0.094500
vn 0.004800 0.042000 0.999106
vn -0.969788 -0.172998 -0.171998
vn 0.000000 -0.796688 0.604391
vn 0.716890 0.630291 -0.297996
vn -0.704608 -0.084001 0.704608
vn 0.478605 0.806208 0.347803
vn 0.553995 0.809793 -0.193198
vn -0.589697 -0.287299 -0.754796
vn -0.448613 0.893726 0.000000
vn -0.380584 0.805866 0.453581
vn -0.452095 0.012000 -0.891889
vn -0.311987 0.080597 -0.946662
vn -0.301895 -0.349195 -0.887086
vn 0.996591 -0.082499 0.000000
vn 0.324608 0.888622 0.324008
vn -0.703250 0.104307 0.703250
vn -0.009300 -0.505415 -0.862826
vn 0.705924 0.663223 -0.248609
vn 0.256497 -0.557594 0.789492
vn 0.000000 0.587398 0.809298
vn 0.248591 -0.770873 0.586479
vn 0.339082 0.877754 0.338482
vn 0.292285 0.324884 0.899455
vn 0.525293 -0.601692 -0.601692
vn -0.923207 -0.000100 0.384303
vn -0.295803 0.630507 0.717608
vn -0.717013 0.629911 0.298505
vn 0.010100 -0.999909 -0.009000
vn 0.393517 0.830836 0.393517
vn 0.217504 0.199203 0.955516
vn 0.548288 0.804582 0.228095
vn 0.000000 -0.046601 -0.998914
vn 0.381112 -0.000100 0.924529
vn -0.022701 -0.004600 -0.999732
vn -0.587697 -0.011800 -0.808995
vn 0.428016 0.659525 -0.617923
vn 0.970943 -0.176408 0.161707
vn 0.717066 -0.629670 -0.298886
vn -0.339482 0.878254 -0.336782
vn -0.434086 0.900871 0.000000
vn -0.254112 0.959346 0.122806
vn 0.703200 0.104300 0.703300
vn -0.411492 -0.813284 0.411392
vn -0.681807 -0.265103 0.681807
vn 0.662174 0.350786 0.662174
vn -0.753944 -0.656938 0.000000
vn -0.709024 -0.009300 0.705123
vn -0.431892 -0.797485 -0.421292
vn 0.635887 0.739285 -0.221596
vn 0.589697 -0.287299 -0.754796
vn 0.146797 -0.926682 -0.345993
vn 0.431892 -0.797485 -0.421292
vn -0.004800 0.042000 -0.999106
vn 0.671596 -0.557597 0.487897
vn 0.179801 0.983703 0.000000
vn 0.580107 0.572607 -0.579307
vn -0.987019 -0.160603 0.000000
vn 0.381112 -0.000100 -0.924529
vn -0.591998 -0.770397 0.236699
vn -0.456395 -0.770392 0.445196
vn 0.999930 -0.011800 0.000000
vn 0.706106 -0.708106 0.000000
vn 0.778610 0.627508 0.000000
vn 0.001200 0.000000 0.999999
vn -0.413102 0.811803 0.412702
vn -0.994866 -0.101197 0.000000
vn 0.559507 -0.306404 -0.770110
vn -0.703250 0.104307 -0.703250
vn 0.551389 -0.347593 -0.758386
vn -0.996819 -0.079701 0.000000
vn 0.979572 0.201094 0.000000
vn 0.964658 -0.252189 -0.076397
vn -0.005600 -0.530602 -0.847603
vn 0.661283 0.573285 0.483787
vn -0.248591 -0.770873 0.586479
vn 0.649778 0.718876 0.246992
vn -0.325887 -0.887466 0.325887
vn 0.865202 0.501401 0.004600
vn -0.704858 -0.079695 0.704858
vn -0.179796 0.695584 -0.695584
vn -0.345399 0.875898 0.336899
vn 0.294108 -0.306409 0.905325
vn 0.000000 -0.306401 0.951903
vn 0.995102 -0.029000 0.094500
vn 0.000000 0.805794 -0.592196
vn 0.318787 0.889564 -0.327187
vn 0.000000 -0.291492 0.956573
vn 0.004800 0.042000 -0.999106
vn 0.637801 0.770201 0.000000
vn -0.495504 -0.414903 0.763106
vn -0.570085 0.385590 0.725481
vn -0.489705 0.417905 0.765209
vn -0.324608 0.888622 0.324008
vn 0.706108 0.500705 -0.500705
vn -0.246205 0.969218 0.000000
vn 0.306205 0.133802 -0.942515
vn -0.315819 0.587635 0.744945
vn -0.707504 0.152301 0.690104
vn 0.234493 0.922671 -0.306090
vn 0.222588 0.923949 -0.311083
vn 0.448084 0.875869 0.179094
vn -0.324608 0.888622 -0.324008
vn 0.325887 -0.887466 -0.325887
vn 0.000000 -0.887503 -0.460802
vn 0.293784 -0.015299 0.955749
vn 0.579005 0.588005 0.564805
vn 0.339193 0.665187 -0.665187
vn 0.008900 0.135799 -0.990696
vn 0.169601 0.122201 -0.977907
vn -0.339193 0.665187 -0.665187
vn 0.000000 -0.770699 0.637199
vn -0.635521 -0.182006 -0.750325
vn -0.717013 0.629911 -0.298505
vn -0.734071 0.679073 0.000000
vn -0.631882 0.371590 -0.680181
vn 0.000000 -0.260307 -0.965526
vn -0.751094 0.587996 0.300198
vn -0.690409 -0.419305 -0.589507
vn 0.155098 0.947890 0.278297
vn -0.548288 0.804582 -0.228095
vn 0.000000 0.572388 -0.819983
vn -0.716890 0.630291 -0.297996
vn 0.004300 -0.999984 -0.003700
vn -0.717066 -0.629670 0.298886
vn 0.709024 -0.009300 -0.705123
vn -0.157801 0.122801 -0.979806
vn -0.717066 -0.629670 -0.298886
vn -0.663405 0.346103 0.663405
vn 0.005600 0.999984 0.000000
vn -0.695585 -0.457690 -0.553788
vn -0.875226 0.386611 0.290709
vn -0.006200 0.071203 -0.997443
vn -0.226700 0.803602 -0.550301
vn -0.579005 0.588005 0.564805
vn -0.234493 0.922671 0.306090
vn -0.222696 0.923885 0.311195
vn -0.664145 -0.528636 -0.528636
vn -0.653940 -0.756546 0.000000
vn -0.462419 -0.756530 0.462419
vn -0.726390 -0.433294 -0.533493
vn -0.708211 -0.307305 -0.635610
vn -0.388482 0.883160 -0.262888
vn -0.296203 -0.630206 -0.717707
vn -0.923207 -0.000100 -0.384303
vn -0.381112 -0.000100 0.924529
vn 0.097202 0.947119 0.305806
vn 0.103403 0.915028 0.389912
vn 0.706108 -0.500705 0.500705
vn 0.226700 0.803602 -0.550301
vn -0.725296 0.392198 0.565797
vn -0.494193 0.846388 0.198497
vn -0.408400 -0.035800 0.912101
vn -0.222192 0.969664 0.101896
vn -0.675731 0.640430 0.365017
vn 0.719682 0.386491 0.576786
vn -0.007100 -0.997307 -0.073000
vn -0.102697 -0.127796 0.986469
vn -0.630598 0.150400 0.761398
vn 0.518012 0.829219 0.209905
vn 0.739398 0.257699 -0.621998
vn 0.653029 0.000000 -0.757333
vn 0.653009 0.289804 -0.699709
vn -0.204298 -0.692193 0.692193
vn 0.739398 -0.621998 0.257699
vn -0.204300 -0.904399 0.374599
vn 0.739380 -0.476087 -0.476087
vn 0.653009 -0.699709 -0.289804
vn 0.653023 -0.535519 -0.535519
vn 0.739398 -0.257699 0.621998
vn 0.653029 0.000000 0.757333
vn 0.653009 -0.289804 0.699709
vn 0.062398 -0.131395 0.989364
vn 0.609589 0.123198 0.783086
vn 0.653009 -0.289804 -0.699709
vn 0.739380 0.476087 -0.476087
vn 0.653023 0.535519 -0.535519
vn -0.742333 0.619028 -0.256411
vn 0.205703 0.978615 0.000000
vn -0.742284 0.670085 0.000000
vn -0.655630 0.533924 0.533924
vn -0.742333 0.256411 0.619028
vn -0.655607 0.289003 0.697608
vn -0.655607 -0.289003 -0.697608
vn -0.742307 -0.473804 -0.473804
vn -0.742333 -0.256411 -0.619028
vn -0.655604 0.000000 0.755105
vn -0.742284 0.000000 0.670085
vn -0.655604 0.000000 -0.755105
vn -0.742333 0.256411 -0.619028
vn -0.655607 0.289003 -0.697608
vn -0.742284 0.000000 -0.670085
vn -0.742333 -0.256411 0.619028
vn -0.655607 -0.289003 0.697608
vn -0.655630 0.533924 -0.533924
vn -0.742307 0.473804 -0.473804
vn -0.742307 -0.473804 0.473804
vn -0.655630 -0.533924 0.533924
vn -0.655607 0.697608 -0.289003
vn -0.742333 -0.619028 0.256411
vn -0.655607 -0.697608 0.289003
vn -0.655604 0.755105 0.000000
vn -0.742284 -0.670085 0.000000
vn -0.655604 -0.755105 0.000000
vn -0.655607 0.697608 0.289003
vn -0.742333 0.619028 0.256411
vn -0.655607 -0.697608 -0.289003
vn -0.742333 -0.619028 -0.256411
vn -0.742307 0.473804 0.473804
vn 0.653023 0.535519 0.535519
vn 0.739398 0.621998 0.257699
vn 0.653009 0.699709 0.289804
vn 0.205703 -0.978615 0.000000
vn 0.205704 0.904118 0.374508
vn 0.205704 -0.904118 -0.374508
vn 0.205696 0.691986 0.691986
vn 0.205696 -0.691986 -0.691986
vn 0.205704 0.374508 0.904118
vn 0.205704 -0.374508 -0.904118
vn 0.205703 0.000000 0.978615
vn 0.205704 0.374508 -0.904118
vn 0.205703 0.000000 -0.978615
vn 0.205704 -0.374508 0.904118
vn 0.205696 0.691986 -0.691986
vn 0.205696 -0.691986 0.691986
vn 0.205704 0.904118 -0.374508
vn 0.205704 -0.904118 0.374508
vn -0.051801 0.382209 0.922623
vn -0.271795 0.680488 0.680488
vn -0.271797 0.368296 0.889092
vn -0.271797 -0.889092 -0.368296
vn -0.673285 -0.739383 0.000000
vn -0.673303 -0.683103 -0.282901
vn -0.051797 -0.706158 -0.706158
vn -0.271797 -0.368296 -0.889092
vn -0.051801 -0.382209 -0.922623
vn -0.051798 0.000000 0.998658
vn -0.271814 0.000000 0.962350
vn -0.051798 0.000000 -0.998658
vn -0.271797 0.368296 -0.889092
vn -0.051801 0.382209 -0.922623
vn -0.271814 0.000000 -0.962350
vn -0.271797 -0.368296 0.889092
vn -0.051801 -0.382209 0.922623
vn -0.271795 0.680488 -0.680488
vn -0.051797 0.706158 -0.706158
vn -0.051797 -0.706158 0.706158
vn -0.271795 -0.680488 0.680488
vn -0.271797 0.889092 -0.368296
vn -0.051801 0.922623 -0.382209
vn -0.271797 -0.889092 0.368296
vn -0.051801 -0.922623 0.382209
vn -0.271814 0.962350 0.000000
vn -0.051798 0.998658 0.000000
vn -0.051798 -0.998658 0.000000
vn -0.271814 -0.962350 0.000000
vn -0.051801 0.922623 0.382209
vn -0.271797 0.889092 0.368296
vn -0.051801 -0.922623 -0.382209
vn -0.051797 0.706158 0.706158
vn -0.271795 -0.680488 -0.680488
vn -0.673303 0.683103 0.282901
vn -0.673309 0.522807 0.522807
vn -0.673309 -0.522807 -0.522807
vn -0.673303 0.282901 0.683103
vn -0.673303 -0.282901 -0.683103
vn -0.673285 0.000000 0.739383
vn -0.673303 0.282901 -0.683103
vn -0.673285 0.000000 -0.739383
vn -0.673303 -0.282901 0.683103
vn -0.673309 0.522807 -0.522807
vn -0.673309 -0.522807 0.522807
vn -0.673303 0.683103 -0.282901
vn -0.673303 -0.683103 0.282901
vn -0.673285 0.739383 0.000000
vn -0.753010 0.658009 0.000000
vn -0.753017 -0.607914 -0.251806
vn -0.753010 -0.658009 0.000000
vn -0.753017 0.607914 0.251806
vn -0.752994 -0.465296 -0.465296
vn -0.753017 0.251806 0.607914
vn -0.752994 0.465296 0.465296
vn -0.753017 -0.251806 -0.607914
vn -0.753010 0.000000 -0.658009
vn -0.753010 0.000000 0.658009
vn -0.753017 0.251806 -0.607914
vn -0.753017 -0.251806 0.607914
vn -0.753017 0.607914 -0.251806
vn -0.752994 0.465296 -0.465296
vn -0.752994 -0.465296 0.465296
vn -0.753017 -0.607914 0.251806
vn 0.739398 0.257699 0.621998
vn 0.653009 0.289804 0.699709
vn 0.739398 0.621998 -0.257699
vn 0.653009 0.699709 -0.289804
vn 0.374211 -0.053002 0.925828
vn 0.739398 -0.257699 -0.621998
vn 0.688302 0.617501 0.380701
vn 0.249996 0.962785 0.102698
vn 0.328196 0.075499 -0.941588
vn 0.739380 -0.476087 0.476087
vn 0.653023 -0.535519 0.535519
vn 0.653029 -0.757333 0.000000
vn 0.653009 -0.699709 0.289804
vn 0.000000 0.923877 -0.382690
vn 0.739398 -0.621998 -0.257699
vn 0.000000 0.382690 0.923877
vn 0.739383 0.673285 0.000000
vn 0.653029 0.757333 0.000000
vn 0.000000 -0.382690 0.923877
vn 0.739380 0.476087 0.476087
vn 0.000000 0.923877 0.382690
vn 0.000000 -0.923877 0.382690
vn -0.204300 0.374599 -0.904399
vn 0.739383 0.000000 -0.673285
vn -0.204302 -0.978908 0.000000
vn 0.739383 -0.673285 0.000000
vn -0.204302 0.000000 -0.978908
vn -0.204298 -0.692193 -0.692193
vn 0.034600 0.382503 0.923306
vn -0.204298 0.692193 0.692193
vn -0.204300 0.374599 0.904399
vn -0.204298 0.692193 -0.692193
vn -0.204302 0.000000 0.978908
vn -0.204300 -0.374599 0.904399
vn -0.204300 0.904399 -0.374599
vn -0.204300 -0.904399 -0.374599
vn 0.739383 0.000000 0.673285
vn -0.204300 -0.374599 -0.904399
vn -0.204300 0.904399 0.374599
vn -0.204302 0.978908 0.000000
vn 0.034599 -0.706683 0.706683
vn 0.034599 0.706683 -0.706683
vn 0.034599 0.706683 0.706683
vn 0.034600 0.923306 0.382503
vn 0.034600 -0.999401 0.000000
vn 0.034600 -0.382503 -0.923306
vn 0.034599 -0.706683 -0.706683
vn 0.034600 -0.923306 -0.382503
vn 0.034600 -0.382503 0.923306
vn 0.034600 -0.923306 0.382503
vn 0.034600 0.000000 0.999401
vn 0.034600 0.000000 -0.999401
vn 0.241808 0.686123 -0.686123
vn 0.034600 0.382503 -0.923306
vn 0.034600 0.999401 0.000000
vn 0.660074 -0.531179 -0.531179
vn 0.241795 -0.896481 -0.371292
vn 0.241808 -0.686123 -0.686123
vn 0.660092 -0.287497 -0.693992
vn 0.241795 -0.371292 -0.896481
vn 0.660092 -0.287497 0.693992
vn 0.241806 0.000000 0.970325
vn 0.241795 -0.371292 0.896481
vn 0.660074 0.531179 -0.531179
vn 0.241795 0.371292 -0.896481
vn 0.660074 -0.531179 0.531179
vn 0.241808 -0.686123 0.686123
vn 0.660092 -0.693992 0.287497
vn 0.241795 -0.896481 0.371292
vn 0.660089 -0.751188 0.000000
vn 0.241806 -0.970325 0.000000
vn 0.660092 -0.693992 -0.287497
vn 0.241808 0.686123 0.686123
vn 0.241795 0.896481 0.371292
vn 0.241806 0.970325 0.000000
vn 0.034600 0.923306 -0.382503
vn 0.660092 0.693992 0.287497
vn 0.660089 0.751188 0.000000
vn 0.241795 0.896481 -0.371292
vn 0.660092 0.693992 -0.287497
vn 0.660092 0.287497 -0.693992
vn 0.241806 0.000000 -0.970325
vn 0.660089 0.000000 -0.751188
vn 0.660089 0.000000 0.751188
vn 0.241795 0.371292 0.896481
vn 0.660092 0.287497 0.693992
vn 0.660074 0.531179 0.531179
vn 0.746887 0.470192 0.470192
vn 0.746902 -0.254501 -0.614302
vn 0.746918 0.664916 0.000000
vn 0.746902 0.254501 0.614302
vn 0.746918 -0.664916 0.000000
vn 0.746918 0.000000 -0.664916
vn 0.746902 0.254501 -0.614302
vn 0.746887 -0.470192 -0.470192
vn 0.746902 -0.254501 0.614302
vn -0.508701 -0.798702 -0.321401
vn -0.470505 -0.590707 -0.655508
vn 0.746887 0.470192 -0.470192
vn -0.408018 0.339915 0.847337
vn 0.746887 -0.470192 0.470192
vn -0.408018 -0.339915 -0.847337
vn -0.508701 0.798702 -0.321401
vn -0.590583 0.806977 0.000000
vn 0.746918 0.000000 0.664916
vn -0.386908 0.000000 0.922118
vn -0.508701 -0.798702 0.321401
vn -0.590631 -0.806942 0.000000
vn -0.408018 -0.339915 0.847337
vn 0.746902 0.614302 0.254501
vn -0.508701 0.798702 0.321401
vn -0.386908 0.000000 -0.922118
vn 0.746902 -0.614302 -0.254501
vn -0.470505 0.590707 0.655508
vn -0.408018 0.339915 -0.847337
vn -0.470505 0.590707 -0.655508
vn -0.470505 -0.590707 0.655508
vn 0.746902 0.614302 -0.254501
vn 0.746902 -0.614302 0.254501
vn 0.000000 -0.382690 -0.923877
vn 0.000000 0.382690 -0.923877
vn 0.000000 -0.923877 -0.382690
vn -0.655630 -0.533924 -0.533924
vn 0.270598 0.707094 -0.653295
vn 0.548978 -0.630275 -0.548978
vn 0.270598 -0.707094 -0.653295
vn 0.653295 0.707094 0.270598
vn 0.548978 -0.630275 0.548978
vn 0.653295 -0.707094 0.270598
vn -0.270598 0.707094 0.653295
vn -0.548978 -0.630275 0.548978
vn -0.270598 -0.707094 0.653295
vn 0.000000 0.630276 -0.776371
vn -0.270598 0.707094 -0.653295
vn 0.000000 -0.630276 -0.776371
vn -0.270598 -0.707094 -0.653295
vn 0.653295 0.707094 -0.270598
vn 0.776371 -0.630276 0.000000
vn 0.653295 -0.707094 -0.270598
vn 0.270598 0.707094 0.653295
vn 0.000000 -0.630276 0.776371
vn 0.270598 -0.707094 0.653295
vn -0.653295 0.707094 0.270598
vn -0.776371 -0.630276 0.000000
vn -0.653238 -0.707141 0.270616
vn 0.548978 0.630275 -0.548978
vn -0.548978 0.630275 0.548978
vn -0.776371 0.630276 0.000000
vn -0.653295 0.707094 -0.270598
vn -0.548978 0.630275 -0.548978
vn -0.653295 -0.707094 -0.270598
vn 0.632916 0.000000 0.774220
vn 0.407983 -0.339886 0.847365
vn 0.386787 0.000000 0.922169
vn 0.652691 -0.184998 0.734690
vn 0.470400 -0.590800 0.655500
vn 0.470400 0.590800 0.655500
vn 0.652691 0.184998 0.734690
vn 0.407983 0.339886 0.847365
vn 0.632916 0.000000 -0.774220
vn 0.407983 0.339886 -0.847365
vn 0.386787 0.000000 -0.922169
vn 0.407983 -0.339886 -0.847365
vn 0.470478 -0.590772 -0.655469
vn 0.652691 -0.184998 -0.734690
vn 0.652691 0.184998 -0.734690
vn 0.470400 0.590800 -0.655500
vn 0.889412 0.457106 0.000000
vn 0.507897 0.799295 0.321198
vn 0.589307 0.807909 0.000000
vn 0.507897 0.799295 -0.321198
vn 0.507897 -0.799295 0.321198
vn 0.902207 -0.431303 0.000000
vn 0.589307 -0.807909 0.000000
vn 0.507897 -0.799295 -0.321198
vn 0.829222 -0.417311 0.371810
vn 0.829222 -0.417311 -0.371810
vn 0.817700 0.443400 0.367100
vn 0.817700 0.443400 -0.367100
vn -0.583092 -0.565692 0.583092
vn -0.356792 0.361792 0.861281
vn -0.315606 -0.565712 0.761816
vn -0.798006 -0.473503 0.372803
vn -0.569923 0.591924 0.569923
vn -0.647005 -0.350203 0.677305
vn -0.360600 -0.334700 0.870600
vn -0.761816 -0.565712 0.315606
vn -0.788074 0.615580 0.000000
vn -0.785007 0.498704 0.367503
vn -0.806007 0.591905 0.000000
vn -0.805498 -0.592599 0.000000
vn -0.761816 -0.565712 -0.315606
vn -0.824608 -0.565705 0.000000
vn -0.798006 -0.473503 -0.372803
vn -0.583092 -0.565692 -0.583092
vn -0.785007 0.498704 -0.367503
vn -0.569923 0.591924 -0.569923
vn -0.647005 -0.350203 -0.677305
vn -0.356792 0.361792 -0.861281
vn -0.639522 0.377113 -0.669923
vn -0.360600 -0.334700 -0.870600
vn 0.000000 -0.565705 -0.824608
vn -0.315606 -0.565712 -0.761816
vn 0.000000 0.591905 -0.806007
vn 0.000000 -0.334708 -0.942322
vn 0.655806 -0.343203 -0.672406
vn 0.308418 0.591934 -0.744643
vn 0.360600 -0.334700 -0.870600
vn 0.315606 -0.565712 -0.761816
vn 0.000000 0.361785 -0.932262
vn 0.569923 0.591924 -0.569923
vn 0.648514 0.370208 -0.665114
vn 0.356792 0.361792 -0.861281
vn 0.744643 0.591934 -0.308418
vn 0.583092 -0.565692 -0.583092
vn 0.806007 0.591905 0.000000
vn 0.824608 -0.565705 0.000000
vn 0.761816 -0.565712 -0.315606
vn 0.655806 -0.343203 0.672406
vn 0.744643 0.591934 0.308418
vn 0.761816 -0.565712 0.315606
vn 0.308418 0.591934 0.744643
vn 0.360600 -0.334700 0.870600
vn 0.583092 -0.565692 0.583092
vn -0.639522 0.377113 0.669923
vn 0.000000 0.591905 0.806007
vn 0.000000 -0.334708 0.942322
vn 0.315606 -0.565712 0.761816
vn 0.648514 0.370208 0.665114
vn 0.000000 -0.565705 0.824608
vn 0.356792 0.361792 0.861281
vn 0.000000 -0.165599 0.986193
vn -0.382690 0.000000 0.923877
vn -0.377408 -0.165604 0.911119
vn 0.000000 0.165599 0.986193
vn 0.000000 0.361785 0.932262
vn -0.377408 0.165604 0.911119
vn -0.633214 -0.185504 0.751417
vn -0.633214 0.185504 0.751417
vn -0.611806 0.000000 0.791008
vn -0.425697 0.617096 0.661796
vn -0.425697 -0.617096 0.661796
vn -0.611806 0.000000 -0.791008
vn -0.371411 0.345411 -0.861827
vn -0.633214 0.185504 -0.751417
vn -0.425697 0.617096 -0.661796
vn -0.413387 0.853374 -0.317590
vn -0.413387 -0.853374 0.317590
vn -0.371411 0.345411 0.861827
vn -0.413305 0.853409 0.317603
vn -0.371411 -0.345411 -0.861827
vn -0.633214 -0.185504 -0.751417
vn -0.425697 -0.617096 -0.661796
vn -0.413387 -0.853374 -0.317590
vn -0.382690 0.000000 -0.923877
vn -0.377408 -0.165604 -0.911119
vn -0.377408 0.165604 -0.911119
vn 0.000000 -0.165599 -0.986193
vn 0.000000 0.165599 -0.986193
vn 0.377408 -0.165604 -0.911119
vn 0.377408 0.165604 -0.911119
vn 0.382690 0.000000 -0.923877
vn 0.377408 -0.165604 0.911119
vn 0.382690 0.000000 0.923877
vn 0.377408 0.165604 0.911119
vn 0.000000 0.686412 0.727213
vn -0.243410 0.771731 0.587523
vn 0.000000 0.771743 0.635935
vn -0.689224 0.665923 -0.285510
vn -0.744643 0.591934 -0.308418
vn 0.569923 0.591924 0.569923
vn 0.689224 0.665923 0.285510
vn -0.285510 0.665923 -0.689224
vn -0.527517 0.665922 -0.527517
vn 0.527517 0.665922 0.527517
vn -0.308418 0.591934 -0.744643
vn -0.285510 0.665923 0.689224
vn 0.000000 0.665920 0.746023
vn 0.285510 0.665923 0.689224
vn 0.000000 0.665920 -0.746023
vn -0.308418 0.591934 0.744643
vn 0.527517 0.665922 -0.527517
vn 0.285510 0.665923 -0.689224
vn -0.689224 0.665923 0.285510
vn -0.527517 0.665922 0.527517
vn -0.744643 0.591934 0.308418
vn 0.689224 0.665923 -0.285510
vn -0.746023 0.665920 0.000000
vn 0.746023 0.665920 0.000000
vn 0.000000 0.803502 0.595302
vn 0.420916 0.803530 -0.420916
vn -0.549999 0.803498 0.227799
vn -0.595302 0.803502 0.000000
vn 0.595302 0.803502 0.000000
vn 0.549999 0.803498 0.227799
vn -0.420916 0.803530 -0.420916
vn 0.420916 0.803530 0.420916
vn 0.000000 0.803502 -0.595302
vn 0.227799 0.803498 0.549999
vn 0.227799 0.803498 -0.549999
vn -0.420916 0.803530 0.420916
vn 0.328697 0.885391 0.328697
vn 0.245511 0.964044 0.101705
vn 0.429489 0.885377 0.177895
vn -0.328697 0.885391 -0.328697
vn -0.101705 0.964044 -0.245511
vn -0.187909 0.964044 -0.187909
vn 0.177895 0.885377 0.429489
vn 0.187909 0.964044 0.187909
vn -0.177895 0.885377 -0.429489
vn 0.000000 0.964052 -0.265714
vn -0.177895 0.885377 0.429489
vn 0.000000 0.964052 0.265714
vn 0.000000 0.885371 0.464885
vn 0.101705 0.964044 0.245511
vn 0.000000 0.885371 -0.464885
vn 0.101705 0.964044 -0.245511
vn -0.187909 0.964044 0.187909
vn -0.101705 0.964044 0.245511
vn 0.177895 0.885377 -0.429489
vn 0.187909 0.964044 -0.187909
vn -0.429489 0.885377 0.177895
vn -0.328697 0.885391 0.328697
vn 0.429489 0.885377 -0.177895
vn 0.328697 0.885391 -0.328697
vn -0.265714 0.964052 0.000000
vn -0.245511 0.964044 0.101705
vn 0.265714 0.964052 0.000000
vn 0.245511 0.964044 -0.101705
vn -0.429489 0.885377 -0.177895
vn -0.464885 0.885371 0.000000
vn 0.464885 0.885371 0.000000
vn -0.245511 0.964044 -0.101705
vn -0.549999 0.803498 -0.227799
vn 0.549999 0.803498 -0.227799
vn -0.227799 0.803498 0.549999
vn -0.227799 0.803498 -0.549999
vn -0.375495 0.913687 0.155498
vn -0.500011 0.866019 0.000000
vn -0.461922 0.866042 0.191309
vn 0.406398 0.913696 0.000000
vn 0.461922 0.866042 -0.191309
vn 0.375495 0.913687 -0.155498
vn -0.375495 0.913687 -0.155498
vn -0.406398 0.913696 0.000000
vn 0.461922 0.866042 0.191309
vn 0.499968 0.866044 0.000000
vn -0.353521 0.866052 -0.353521
vn -0.461922 0.866042 -0.191309
vn 0.287394 0.913679 0.287394
vn 0.375495 0.913687 0.155498
vn -0.287394 0.913679 -0.287394
vn -0.191309 0.866042 -0.461922
vn 0.155498 0.913687 0.375495
vn 0.353521 0.866052 0.353521
vn -0.155498 0.913687 -0.375495
vn 0.000000 0.866019 -0.500011
vn -0.155498 0.913687 0.375495
vn 0.000000 0.866019 0.500011
vn 0.000000 0.913696 0.406398
vn 0.191309 0.866042 0.461922
vn 0.155498 0.913687 -0.375495
vn 0.000000 0.913696 -0.406398
vn -0.353521 0.866052 0.353521
vn -0.191309 0.866042 0.461922
vn 0.353521 0.866052 -0.353521
vn 0.191309 0.866042 -0.461922
vn -0.287394 0.913679 0.287394
vn 0.287394 0.913679 -0.287394
vn 0.123896 0.990968 0.051298
vn 0.554798 0.619998 0.554798
vn 0.724853 0.620045 0.300222
vn -0.051298 0.990968 -0.123896
vn -0.554798 0.619998 -0.554798
vn -0.094797 0.990973 -0.094797
vn 0.051298 0.990968 0.123896
vn 0.094797 0.990973 0.094797
vn 0.000000 0.990968 -0.134096
vn -0.300222 0.620045 -0.724853
vn 0.000000 0.990968 0.134096
vn -0.300222 0.620045 0.724853
vn 0.000000 0.620001 0.784601
vn 0.300222 0.620045 0.724853
vn 0.300222 0.620045 -0.724853
vn 0.000000 0.620001 -0.784601
vn -0.051298 0.990968 0.123896
vn -0.554798 0.619998 0.554798
vn 0.051298 0.990968 -0.123896
vn 0.554798 0.619998 -0.554798
vn -0.094797 0.990973 0.094797
vn -0.724853 0.620045 0.300222
vn 0.094797 0.990973 -0.094797
vn 0.724853 0.620045 -0.300222
vn -0.123896 0.990968 0.051298
vn -0.784601 0.620001 0.000000
vn 0.134096 0.990968 0.000000
vn 0.123896 0.990968 -0.051298
vn -0.123896 0.990968 -0.051298
vn -0.134096 0.990968 0.000000
vn 0.784601 0.620001 0.000000
vn -0.724853 0.620045 -0.300222
vn 0.527632 -0.665740 -0.527632
vn -0.689401 -0.665701 0.285601
vn -0.746211 -0.665710 0.000000
vn 0.746211 -0.665710 0.000000
vn -0.689401 -0.665701 -0.285601
vn 0.689401 -0.665701 0.285601
vn -0.527632 -0.665740 -0.527632
vn 0.527632 -0.665740 0.527632
vn -0.285601 -0.665701 -0.689401
vn 0.285601 -0.665701 0.689401
vn 0.000000 -0.665710 -0.746211
vn 0.000000 -0.665710 0.746211
vn -0.527632 -0.665740 0.527632
vn 0.834838 -0.428319 0.345816
vn 0.903630 -0.428314 0.000000
vn 0.689401 -0.665701 -0.285601
vn 0.316798 -0.948493 0.000000
vn 0.292698 -0.948493 -0.121199
vn -0.292698 -0.948493 -0.121199
vn -0.316798 -0.948493 0.000000
vn 0.224000 -0.948498 0.224000
vn 0.292698 -0.948493 0.121199
vn -0.121199 -0.948493 -0.292698
vn -0.224000 -0.948498 -0.224000
vn 0.121199 -0.948493 0.292698
vn -0.121199 -0.948493 0.292698
vn 0.000000 -0.948493 0.316798
vn 0.285601 -0.665701 -0.689401
vn 0.000000 -0.948493 -0.316798
vn -0.285601 -0.665701 0.689401
vn 0.121199 -0.948493 -0.292698
vn -0.292698 -0.948493 0.121199
vn -0.224000 -0.948498 0.224000
vn 0.224000 -0.948498 -0.224000
vn 0.000000 -0.428314 0.903630
vn 0.345816 -0.428319 0.834838
vn 0.000000 -0.428314 -0.903630
vn -0.345816 -0.428319 0.834838
vn 0.345816 -0.428319 -0.834838
vn -0.638974 -0.428282 0.638974
vn 0.638974 -0.428282 -0.638974
vn -0.834838 -0.428319 0.345816
vn 0.834838 -0.428319 -0.345816
vn -0.834838 -0.428319 -0.345816
vn -0.903630 -0.428314 0.000000
vn -0.345816 -0.428319 -0.834838
vn -0.638914 -0.428310 -0.639014
vn 0.638974 -0.428282 0.638974
vn -0.287815 -0.691336 0.662735
vn -0.550796 -0.627095 0.550796
vn -0.504194 -0.709392 0.492495
vn 0.464675 -0.753760 -0.464675
vn -0.607089 -0.753786 0.251495
vn 0.607089 -0.753786 -0.251495
vn -0.607089 -0.753786 -0.251495
vn -0.657102 -0.753802 0.000000
vn 0.657102 -0.753802 0.000000
vn 0.464675 -0.753760 0.464675
vn 0.607089 -0.753786 0.251495
vn -0.251495 -0.753786 -0.607089
vn -0.464675 -0.753760 -0.464675
vn 0.251495 -0.753786 0.607089
vn 0.000000 -0.753802 -0.657102
vn 0.000000 -0.753802 0.657102
vn -0.251495 -0.753786 0.607089
vn 0.251495 -0.753786 -0.607089
vn -0.464675 -0.753760 0.464675
vn 0.000000 -0.627119 0.778924
vn 0.298109 -0.627118 0.719621
vn 0.000000 -0.627119 -0.778924
vn -0.298109 -0.627118 0.719621
vn 0.298109 -0.627118 -0.719621
vn -0.719621 -0.627118 0.298109
vn 0.550796 -0.627095 -0.550796
vn 0.719621 -0.627118 -0.298109
vn -0.778924 -0.627119 0.000000
vn 0.778924 -0.627119 0.000000
vn -0.719621 -0.627118 -0.298109
vn 0.719621 -0.627118 0.298109
vn -0.550796 -0.627095 -0.550796
vn 0.550796 -0.627095 0.550796
vn -0.298109 -0.627118 -0.719621
vn 0.752595 -0.574496 0.321798
vn -0.642510 -0.720311 -0.261404
vn -0.504194 -0.709392 -0.492495
vn 0.552888 -0.600686 0.577487
vn -0.287815 -0.691336 -0.662735
vn 0.278404 -0.634309 0.721210
vn -0.016200 -0.665988 -0.745787
vn -0.016200 -0.665988 0.745787
vn 0.278401 -0.634203 -0.721304
vn -0.097905 0.086304 0.991447
vn -0.438395 -0.035300 0.898089
vn 0.553023 -0.600525 -0.577524
vn -0.642510 -0.720311 0.261404
vn -0.786495 0.617596 0.000000
vn -0.753786 0.607089 0.251495
vn -0.786543 0.570531 0.236313
vn 0.752620 -0.574515 -0.321708
vn -0.689698 -0.724098 0.000000
vn 0.825015 -0.565111 -0.000100
vn 0.757722 -0.572117 0.313909
vn -0.313909 -0.572117 0.757722
vn -0.579939 -0.572138 0.579939
vn -0.757722 -0.572117 -0.313909
vn -0.580005 -0.572105 -0.579905
vn 0.579939 -0.572138 -0.579939
vn 0.579939 -0.572138 0.579939
vn -0.757722 -0.572117 0.313909
vn -0.313909 -0.572117 -0.757722
vn 0.757722 -0.572117 -0.313909
vn 0.313909 -0.572117 0.757722
vn -0.820189 -0.572092 0.000000
vn 0.000000 -0.572092 -0.820189
vn 0.820189 -0.572092 0.000000
vn 0.000000 -0.572092 0.820189
vn 0.313909 -0.572117 -0.757722
vn 0.340991 0.453987 -0.823177
vn -0.630026 0.454019 0.630026
vn 0.630026 0.454019 -0.630026
vn -0.823177 0.453987 0.340991
vn 0.823140 0.454067 -0.340975
vn -0.891001 0.454001 0.000000
vn 0.891001 0.454001 0.000000
vn -0.823177 0.453987 -0.340991
vn 0.823177 0.453987 0.340991
vn -0.630026 0.454019 -0.630026
vn 0.629998 0.454098 0.629998
vn -0.340991 0.453987 -0.823177
vn 0.340991 0.453987 0.823177
vn 0.000000 0.454001 -0.891001
vn 0.000000 0.454001 0.891001
vn -0.340991 0.453987 0.823177
vn 0.172692 0.892359 0.416981
vn -0.172692 0.892359 -0.416981
vn 0.000000 0.892378 -0.451289
vn -0.319096 0.892388 0.319096
vn 0.172692 0.892359 -0.416981
vn 0.319096 0.892388 -0.319096
vn -0.451289 0.892378 0.000000
vn 0.451289 0.892378 0.000000
vn -0.416981 0.892359 -0.172692
vn 0.416981 0.892359 0.172692
vn -0.319096 0.892388 -0.319096
vn 0.243410 0.771731 -0.587523
vn -0.449704 0.771707 0.449704
vn 0.449704 0.771707 -0.449704
vn -0.416981 0.892359 0.172692
vn -0.587523 0.771731 0.243410
vn 0.587523 0.771731 -0.243410
vn 0.416981 0.892359 -0.172692
vn -0.635935 0.771743 0.000000
vn 0.635935 0.771743 0.000000
vn -0.587523 0.771731 -0.243410
vn 0.587523 0.771731 0.243410
vn -0.449704 0.771707 -0.449704
vn 0.449704 0.771707 0.449704
vn 0.319096 0.892388 0.319096
vn -0.243410 0.771731 -0.587523
vn 0.243410 0.771731 0.587523
vn 0.000000 0.771743 -0.635935
vn -0.172692 0.892359 0.416981
vn 0.000000 0.892378 0.451289
vn 0.514213 0.686418 0.514213
vn -0.278294 0.686384 -0.671885
vn 0.000000 0.686412 -0.727213
vn -0.278294 0.686384 0.671885
vn 0.278294 0.686384 -0.671885
vn -0.514213 0.686418 0.514213
vn 0.671885 0.686384 -0.278294
vn -0.671885 0.686384 0.278294
vn -0.727213 0.686412 0.000000
vn 0.671885 0.686384 0.278294
vn -0.671885 0.686384 -0.278294
vn -0.514213 0.686418 -0.514213
vn -0.007400 0.999812 0.017900
vn -0.015000 0.999775 0.015000
vn 0.514213 0.686418 -0.514213
vn 0.007400 0.999812 -0.017900
vn 0.015000 0.999775 -0.015000
vn -0.017900 0.999812 0.007400
vn 0.017800 0.999814 -0.007400
vn -0.021199 0.999775 0.000000
vn 0.021199 0.999775 0.000000
vn 0.727213 0.686412 0.000000
vn -0.017800 0.999814 -0.007400
vn 0.017900 0.999812 0.007400
vn -0.015000 0.999775 -0.015000
vn 0.015000 0.999775 0.015000
vn -0.007400 0.999812 -0.017900
vn 0.007400 0.999812 0.017900
vn 0.278294 0.686384 0.671885
vn 0.000000 0.999777 -0.021100
vn 0.000000 0.999777 0.021100
vn -0.349479 0.000000 -0.936944
vn 0.478005 -0.336103 -0.811508
vn 0.477983 0.000000 -0.878369
vn 0.477997 -0.621096 0.621096
vn 0.478005 -0.811508 0.336103
vn 0.478005 0.336103 -0.811508
vn 0.477997 -0.621096 -0.621096
vn 0.478005 0.336103 0.811508
vn 0.477997 0.621096 0.621096
vn 0.478005 -0.336103 0.811508
vn 0.477997 0.621096 -0.621096
vn 0.478005 0.811508 -0.336103
vn -0.349479 0.000000 0.936944
vn -0.371411 -0.345411 0.861827
vn 0.477983 0.000000 0.878369
vn 0.999602 -0.028200 0.000000
vn 0.477983 -0.878369 0.000000
vn -0.379291 -0.925278 0.000000
vn -0.379205 0.925313 0.000000
vn 0.477983 0.878369 0.000000
vn 0.478005 -0.811508 -0.336103
vn 0.265807 0.964026 0.000000
vn 0.265789 0.681673 -0.681673
vn 0.265789 -0.681673 -0.681673
vn 0.478005 0.811508 0.336103
vn 0.265789 0.681673 0.681673
vn 0.265789 0.890663 -0.368885
vn 0.265789 -0.368885 -0.890663
vn 0.265807 0.000000 0.964026
vn 0.265807 0.000000 -0.964026
vn 0.265789 -0.890663 0.368885
vn 0.265789 -0.681673 0.681673
vn 0.265789 -0.890663 -0.368885
vn 0.265789 -0.368885 0.890663
vn 0.265789 0.890663 0.368885
vn -0.786502 0.436701 0.436701
vn -0.786543 -0.236313 0.570531
vn -0.786502 -0.436701 0.436701
vn -0.786502 0.436701 -0.436701
vn -0.786543 0.570531 -0.236313
vn -0.786543 0.236313 0.570531
vn -0.786495 0.000000 0.617596
vn -0.786543 0.236313 -0.570531
vn -0.786495 -0.617596 0.000000
vn 0.265807 -0.964026 0.000000
vn -0.786543 -0.236313 -0.570531
vn -0.786543 -0.570531 -0.236313
vn -0.786495 0.000000 -0.617596
vn -0.786543 -0.570531 0.236313
vn 0.265789 0.368885 -0.890663
vn -0.786502 -0.436701 -0.436701
vn 0.265789 0.368885 0.890663
vn -0.753786 -0.607089 -0.251495
vn -0.753760 0.464675 0.464675
vn -0.753760 -0.464675 0.464675
vn -0.753786 0.607089 -0.251495
vn -0.753786 -0.251495 0.607089
vn -0.753786 0.251495 0.607089
vn -0.753760 0.464675 -0.464675
vn -0.753786 -0.607089 0.251495
vn -0.753760 -0.464675 -0.464675
vn -0.753786 -0.251495 -0.607089
vn -0.753786 0.251495 -0.607089
vn -0.753802 0.000000 0.657102
vn -0.656797 -0.288499 0.696697
vn -0.753802 -0.657102 0.000000
vn -0.656440 -0.696942 -0.288718
vn -0.656492 -0.533294 0.533494
vn -0.657206 0.533005 -0.532905
vn -0.657262 0.532969 0.532869
vn -0.656497 -0.696897 0.288699
vn -0.657507 0.696108 -0.288303
vn -0.656832 0.000100 -0.754037
vn -0.753802 0.000000 -0.657102
vn -0.656797 -0.288499 -0.696697
vn -0.656400 -0.533400 -0.533500
vn -0.657421 0.753524 0.000000
vn -0.753802 0.657102 0.000000
vn -0.657207 0.288503 -0.696308
vn -0.657507 0.696108 0.288303
vn -0.657207 0.288503 0.696308
vn -0.656194 -0.754593 0.000000
vn -0.656889 0.000100 0.753987
vn 0.000000 -0.028200 -0.999602
vn 0.000000 -0.028200 0.999602
vn 0.380712 -0.022101 0.924429
vn 0.706676 -0.028199 -0.706976
vn 0.382205 -0.022100 -0.923813
vn -0.382205 -0.022100 -0.923813
vn 0.923557 -0.022101 -0.382824
vn 0.707176 -0.028199 0.706476
vn 0.923607 -0.022100 0.382703
vn -0.999602 -0.028200 0.000000
vn -0.923278 -0.022199 0.383491
vn -0.706676 -0.028199 -0.706976
vn -0.923557 -0.022101 -0.382824
vn -0.707176 -0.028199 0.706476
vn -0.380712 -0.022101 0.924429
vn 0.000000 0.630276 0.776371
vn 0.776371 0.630276 0.000000
vn 0.548978 0.630275 0.548978
vn -0.548978 -0.630275 -0.548978
vn 0.425300 0.798899 -0.425300
vn 0.272400 0.702301 -0.657701
vn -0.633303 0.000000 0.773904
vn -0.653007 -0.185002 0.734408
vn -0.653007 0.185002 0.734408
vn -0.665711 0.302805 0.682011
vn -0.633303 0.000000 -0.773904
vn -0.653007 -0.185002 -0.734408
vn -0.655907 -0.343204 -0.672307
vn -0.653007 0.185002 -0.734408
vn -0.920341 0.391117 0.000000
vn -0.845208 0.377604 -0.378204
vn -0.902920 -0.429809 0.000000
vn -0.829523 -0.416712 0.371810
vn -0.655907 -0.343204 0.672307
vn -0.829523 -0.416712 -0.371810
vn -0.845208 0.377604 0.378204
vn -0.665711 0.302805 -0.682011
vn 0.365704 0.294203 0.883009
vn 0.549814 -0.628816 0.549814
vn 0.297592 -0.628783 0.718381
vn 0.870600 -0.334700 0.360600
vn 0.666322 -0.334711 0.666322
vn 0.882977 0.294192 0.365790
vn 0.777580 -0.628784 0.000000
vn 0.718381 -0.628783 0.297592
vn 0.942322 -0.334708 0.000000
vn 0.883009 0.294203 -0.365704
vn 0.718381 -0.628783 -0.297592
vn 0.870600 -0.334700 -0.360600
vn 0.675812 0.294205 -0.675812
vn 0.549814 -0.628816 -0.549814
vn 0.666322 -0.334711 -0.666322
vn 0.365704 0.294203 -0.883009
vn 0.297592 -0.628783 -0.718381
vn 0.000000 0.294184 -0.955749
vn 0.000000 -0.628784 -0.777580
vn -0.297592 -0.628783 -0.718381
vn -0.549814 -0.628816 -0.549814
vn -0.718381 -0.628783 -0.297592
vn -0.777580 -0.628784 0.000000
vn -0.718381 -0.628783 0.297592
vn -0.549814 -0.628816 0.549814
vn -0.297592 -0.628783 0.718381
vn -0.365790 0.294192 0.882977
vn 0.000000 -0.628784 0.777580
vn 0.000000 0.294184 0.955749
vn 0.697294 -0.165599 0.697394
vn 0.697343 0.165610 0.697343
vn 0.675812 0.294205 0.675812
vn 0.986193 -0.165599 0.000000
vn 0.923877 0.000000 0.382690
vn 0.911119 -0.165604 0.377408
vn 0.911119 0.165604 -0.377408
vn 0.923877 0.000000 -0.382690
vn 0.697343 0.165610 -0.697343
vn 0.911119 -0.165604 -0.377408
vn 0.955749 0.294184 0.000000
vn 0.986193 0.165599 0.000000
vn 0.911119 0.165604 0.377408
vn 0.697294 -0.165599 -0.697394
vn -0.365790 0.294192 -0.882977
vn 0.287189 0.660875 0.693374
vn 0.000000 0.507981 0.861368
vn 0.329600 0.508001 0.795801
vn 0.743737 0.593229 -0.308115
vn -0.569239 0.593241 0.569239
vn 0.308115 0.593229 -0.743737
vn 0.308115 0.593229 0.743737
vn -0.308115 0.593229 0.743737
vn 0.000000 0.593226 -0.805036
vn -0.569239 0.593241 -0.569239
vn 0.743737 0.593229 0.308115
vn -0.805036 0.593226 0.000000
vn -0.743737 0.593229 0.308115
vn 0.716789 -0.697290 0.000000
vn 0.662208 -0.697308 0.274303
vn 0.506820 -0.697328 0.506820
vn -0.716789 -0.697290 0.000000
vn -0.662208 -0.697308 -0.274303
vn -0.662208 -0.697308 0.274303
vn 0.662208 -0.697308 -0.274303
vn 0.506820 -0.697328 -0.506820
vn -0.506820 -0.697328 0.506820
vn 0.274303 -0.697308 -0.662208
vn -0.274303 -0.697308 0.662208
vn 0.000000 -0.697290 -0.716789
vn 0.000000 -0.697290 0.716789
vn -0.274303 -0.697308 -0.662208
vn 0.274303 -0.697308 0.662208
vn -0.506820 -0.697328 -0.506820
vn -0.441604 -0.781007 0.441604
vn -0.239012 -0.781041 0.576930
vn 0.441604 -0.781007 0.441604
vn 0.576930 -0.781041 0.239012
vn 0.000000 -0.781015 0.624512
vn 0.239012 -0.781041 0.576930
vn -0.239012 -0.781041 -0.576930
vn -0.441604 -0.781007 -0.441604
vn -0.576930 -0.781041 -0.239012
vn 0.624512 -0.781015 0.000000
vn -0.576930 -0.781041 0.239012
vn 0.441604 -0.781007 -0.441604
vn 0.576930 -0.781041 -0.239012
vn 0.000000 -0.781015 -0.624512
vn 0.239012 -0.781041 -0.576930
vn -0.624512 -0.781015 0.000000
vn 0.444092 -0.876885 0.183997
vn -0.480694 -0.876889 0.000000
vn -0.444092 -0.876885 0.183997
vn 0.000000 -0.876889 -0.480694
vn -0.183997 -0.876885 -0.444092
vn 0.183997 -0.876885 -0.444092
vn -0.339897 -0.876892 -0.339897
vn -0.444092 -0.876885 -0.183997
vn 0.444092 -0.876885 -0.183997
vn 0.339897 -0.876892 -0.339897
vn 0.183997 -0.876885 0.444092
vn 0.339897 -0.876892 0.339897
vn 0.480694 -0.876889 0.000000
vn -0.339897 -0.876892 0.339897
vn -0.183997 -0.876885 0.444092
vn 0.000000 -0.876889 0.480694
vn 0.897466 0.441083 -0.000600
vn 0.881578 -0.299093 0.365191
vn 0.954220 -0.299106 0.000000
vn -0.619861 0.477170 0.622961
vn -0.343797 0.442796 0.828092
vn -0.334505 0.476908 0.812813
vn -0.341904 0.450505 -0.824710
vn -0.674733 -0.299115 -0.674733
vn -0.631096 0.450897 -0.631196
vn -0.335483 0.477676 -0.811959
vn -0.000600 0.449292 -0.893385
vn 0.812813 0.476908 -0.334505
vn 0.827987 0.442993 -0.343795
vn -0.633800 0.445100 0.632600
vn -0.365191 -0.299093 0.881578
vn 0.632584 0.445289 -0.633684
vn 0.881578 -0.299093 -0.365191
vn 0.674733 -0.299115 -0.674733
vn 0.622961 0.477170 -0.619861
vn -0.824719 0.450410 -0.342008
vn -0.881578 -0.299093 -0.365191
vn -0.811023 0.477414 0.338110
vn -0.954220 -0.299106 0.000000
vn -0.893445 0.449172 -0.000600
vn 0.001500 0.476608 0.879115
vn 0.343416 0.439621 0.829939
vn 0.337199 0.476399 0.811998
vn 0.341503 0.447504 -0.826508
vn 0.000000 -0.299106 -0.954220
vn 0.635306 0.439204 0.635206
vn 0.621668 0.476375 0.621768
vn 0.000000 -0.299106 0.954220
vn -0.000600 0.440883 0.897565
vn 0.811937 0.476421 0.337315
vn 0.829903 0.439701 0.343401
vn -0.621207 0.477706 -0.621207
vn -0.811986 0.477692 -0.335394
vn -0.826585 0.447292 0.341594
vn -0.674733 -0.299115 0.674733
vn 0.338110 0.477414 -0.811023
vn -0.365191 -0.299093 -0.881578
vn -0.878581 0.477590 0.001600
vn 0.365191 -0.299093 -0.881578
vn 0.879115 0.476608 0.001600
vn 0.674733 -0.299115 0.674733
vn 0.365191 -0.299093 0.881578
vn 0.001500 0.477590 -0.878582
vn -0.881578 -0.299093 0.365191
vn 0.283391 0.670678 0.685478
vn 0.685524 0.670623 0.283410
vn 0.742901 0.669401 -0.001000
vn -0.285981 0.667857 0.687155
vn 0.524287 0.671083 0.524187
vn 0.687300 0.667700 -0.286000
vn -0.693216 0.660815 -0.287707
vn 0.526783 0.665578 -0.528683
vn -0.000900 0.661896 -0.749595
vn -0.287706 0.660713 -0.693314
vn -0.528524 0.665830 0.526624
vn -0.691471 0.663772 0.285088
vn -0.530987 0.660383 -0.530987
vn 0.285198 0.663595 -0.691595
vn -0.749502 0.662002 -0.001000
vn -0.000900 0.669561 0.742757
vn 0.150997 0.918882 -0.364493
vn -0.364493 0.918882 0.150997
vn -0.278992 0.918873 0.278992
vn 0.394583 0.918860 0.000000
vn 0.364493 0.918882 -0.150997
vn 0.278992 0.918873 -0.278992
vn -0.150997 0.918882 -0.364493
vn -0.278992 0.918873 -0.278992
vn -0.364493 0.918882 -0.150997
vn 0.278992 0.918873 0.278992
vn 0.364493 0.918882 0.150997
vn 0.000000 0.918860 0.394583
vn 0.150997 0.918882 0.364493
vn -0.150997 0.918882 0.364493
vn -0.394583 0.918860 0.000000
vn 0.000000 0.918860 -0.394583
vn -0.372398 -0.230099 -0.899096
vn -0.688131 -0.230110 -0.688131
vn -0.899096 -0.230099 0.372398
vn -0.688131 -0.230110 0.688131
vn 0.688131 -0.230110 0.688131
vn 0.899096 -0.230099 0.372398
vn 0.372398 -0.230099 -0.899096
vn -0.899096 -0.230099 -0.372398
vn -0.372398 -0.230099 0.899096
vn 0.973169 -0.230093 0.000000
vn 0.000000 -0.230093 0.973169
vn -0.973169 -0.230093 0.000000
vn 0.000000 -0.230093 -0.973169
vn 0.899096 -0.230099 -0.372398
vn 0.372398 -0.230099 0.899096
vn 0.688131 -0.230110 -0.688131
vn -0.314997 -0.567694 -0.760592
vn -0.582110 -0.567710 -0.582110
vn 0.582110 -0.567710 -0.582110
vn 0.569239 0.593241 -0.569239
vn 0.569239 0.593241 0.569239
vn 0.314997 -0.567694 0.760592
vn 0.582110 -0.567710 0.582110
vn -0.760592 -0.567694 0.314997
vn -0.308115 0.593229 -0.743737
vn 0.000000 -0.567670 -0.823256
vn 0.000000 -0.567670 0.823256
vn 0.000000 0.593226 0.805036
vn 0.805036 0.593226 0.000000
vn 0.760592 -0.567694 -0.314997
vn -0.743737 0.593229 -0.308115
vn -0.823256 -0.567670 0.000000
vn 0.760592 -0.567694 0.314997
vn 0.823256 -0.567670 0.000000
vn -0.314997 -0.567694 0.760592
vn -0.760592 -0.567694 -0.314997
vn 0.314997 -0.567694 -0.760592
vn -0.582110 -0.567710 0.582110
vn -0.749139 -0.585230 0.310316
vn 0.310293 -0.585187 0.749183
vn 0.749139 -0.585230 -0.310316
vn -0.573390 -0.585190 -0.573390
vn -0.573390 -0.585190 0.573390
vn 0.749139 -0.585230 0.310316
vn 0.310293 -0.585187 -0.749183
vn 0.810893 -0.585195 0.000000
vn 0.000000 -0.585195 -0.810893
vn -0.749139 -0.585230 -0.310316
vn 0.000000 -0.585195 0.810893
vn -0.319813 0.549122 -0.772130
vn -0.310316 -0.585230 -0.749139
vn 0.590979 0.549080 0.590979
vn 0.573390 -0.585190 0.573390
vn -0.590979 0.549080 -0.590979
vn -0.772130 0.549122 -0.319813
vn 0.835740 0.549126 0.000000
vn -0.835740 0.549126 0.000000
vn -0.810893 -0.585195 0.000000
vn 0.772130 0.549122 -0.319813
vn -0.772130 0.549122 0.319813
vn 0.590979 0.549080 -0.590979
vn 0.573390 -0.585190 -0.573390
vn -0.590979 0.549080 0.590979
vn -0.310316 -0.585230 0.749139
vn 0.000000 0.549126 -0.835740
vn 0.000000 0.549126 0.835740
vn -0.329600 0.508001 0.795801
vn -0.319813 0.549122 0.772130
vn -0.329600 0.508001 -0.795801
vn 0.772130 0.549122 0.319813
vn 0.609079 0.507982 0.609079
vn -0.609079 0.507982 -0.609079
vn 0.861368 0.507981 0.000000
vn -0.795801 0.508001 -0.329600
vn -0.861368 0.507981 0.000000
vn 0.609079 0.507982 -0.609079
vn -0.609079 0.507982 0.609079
vn 0.329600 0.508001 -0.795801
vn 0.319813 0.549122 -0.772130
vn 0.000000 0.507981 -0.861368
vn 0.319813 0.549122 0.772130
vn -0.287189 0.660875 0.693374
vn 0.000000 0.660725 -0.750628
vn 0.000000 0.660725 0.750628
vn -0.287189 0.660875 -0.693374
vn 0.530794 0.660693 0.530794
vn -0.530794 0.660693 -0.530794
vn 0.693374 0.660875 0.287189
vn 0.795801 0.508001 0.329600
vn -0.693374 0.660875 -0.287189
vn 0.750628 0.660725 0.000000
vn -0.750628 0.660725 0.000000
vn 0.693374 0.660875 -0.287189
vn 0.795801 0.508001 -0.329600
vn -0.693374 0.660875 0.287189
vn -0.795801 0.508001 0.329600
vn 0.530794 0.660693 -0.530794
vn -0.530794 0.660693 0.530794
vn 0.287189 0.660875 -0.693374
vn 0.000000 0.798931 -0.601423
vn -0.425300 0.798899 -0.425300
vn -0.272400 0.702301 -0.657701
vn -0.601423 0.798931 0.000000
vn -0.657701 0.702301 -0.272400
vn -0.425300 0.798899 0.425300
vn -0.657701 0.702301 0.272400
vn 0.000000 0.798931 0.601423
vn -0.272400 0.702301 0.657701
vn 0.425300 0.798899 0.425300
vn 0.272400 0.702301 0.657701
vn 0.601423 0.798931 0.000000
vn 0.657701 0.702301 0.272400
vn 0.657701 0.702301 -0.272400
vn 0.673394 0.394396 0.625294
vn 0.685889 0.245096 0.685189
vn 0.634412 0.281505 0.719914
vn -0.847042 0.052503 0.528926
vn -0.110399 0.343096 0.932790
vn -0.168104 0.009300 0.985725
vn -0.894015 0.244404 0.375506
vn -0.099995 0.660469 0.744165
vn -0.936818 0.287905 0.198704
vn -0.138605 0.897431 0.418815
vn -0.975201 0.216400 0.046400
vn -0.166101 0.986109 0.000100
vn -0.975165 0.216692 -0.045798
vn -0.984621 0.174704 0.000100
vn -0.935915 0.290004 -0.199903
vn -0.139003 0.897419 -0.418709
vn -0.894281 0.243295 -0.375592
vn -0.100201 0.660505 -0.744106
vn -0.846997 0.052500 -0.528998
vn -0.110403 0.343008 -0.932822
vn -0.798901 -0.164600 -0.578501
vn -0.168104 0.009300 -0.985725
vn -0.355279 -0.600865 -0.716058
vn -0.258613 -0.314516 -0.913345
vn -0.781817 -0.384408 -0.490911
vn -0.430390 -0.809081 -0.400191
vn -0.787300 -0.548200 -0.282200
vn -0.459690 -0.888080 0.000000
vn -0.787320 -0.548114 0.282307
vn -0.792267 -0.610175 0.000000
vn -0.781886 -0.384293 0.490891
vn -0.430390 -0.809081 0.400191
vn -0.798997 -0.164499 0.578398
vn -0.355192 -0.600886 0.716083
vn -0.258613 -0.314516 0.913345
vn -0.466416 -0.526618 0.710724
vn -0.292508 -0.276807 0.915324
vn -0.628903 -0.347301 0.695603
vn -0.388105 -0.162302 0.907211
vn -0.723298 -0.128900 0.678398
vn -0.911390 -0.187798 0.366196
vn -0.592691 -0.702990 0.393094
vn -0.796308 -0.470305 0.380404
vn -0.978042 -0.208409 0.000000
vn -0.640204 -0.768205 0.000000
vn -0.857422 -0.514613 0.000000
vn -0.911373 -0.187894 -0.366189
vn -0.592691 -0.702990 -0.393094
vn -0.796308 -0.470305 -0.380404
vn -0.723308 -0.128801 -0.678407
vn -0.466416 -0.526618 -0.710724
vn -0.628903 -0.347301 -0.695603
vn -0.438475 -0.035298 -0.898050
vn -0.292508 -0.276807 -0.915324
vn -0.388099 -0.162399 -0.907197
vn -0.098103 0.086302 -0.991427
vn -0.101901 0.019100 -0.994611
vn -0.112104 0.065502 -0.991535
vn 0.248708 0.231407 -0.940529
vn 0.066696 0.328782 -0.942048
vn 0.151703 0.314907 -0.936920
vn 0.547291 0.387394 -0.741888
vn 0.189101 0.633705 -0.750106
vn 0.360584 0.569775 -0.738468
vn 0.745591 0.523394 -0.412495
vn 0.243897 0.872788 -0.422794
vn 0.480517 0.774228 -0.411915
vn 0.813355 0.581768 0.000500
vn 0.253789 0.967260 0.000000
vn 0.516113 0.856521 0.000000
vn 0.745396 0.523197 0.413098
vn 0.243897 0.872788 0.422794
vn 0.480304 0.774207 0.412204
vn 0.547291 0.387394 0.741888
vn 0.188993 0.633777 0.750072
vn 0.360524 0.569838 0.738449
vn 0.248890 0.231490 0.940461
vn 0.066700 0.328902 0.942006
vn 0.151791 0.315082 0.936847
vn -0.101901 0.019100 0.994611
vn -0.112103 0.065602 0.991529
vn -0.999391 -0.030400 -0.017100
vn -0.949366 -0.282390 -0.137695
vn -0.999391 -0.030400 0.017100
vn -0.949366 -0.282390 0.137695
vn -0.999867 0.002800 0.016099
vn -0.956831 -0.184706 0.224407
vn -0.998084 0.043299 -0.044199
vn -0.970604 -0.069600 0.230401
vn -0.987406 0.014900 0.157501
vn -0.987406 0.014900 -0.157501
vn -0.998097 0.043500 0.043700
vn -0.970574 -0.069698 -0.230494
vn -0.999853 0.001500 -0.017099
vn -0.956813 -0.184803 -0.224403
vn 0.286103 -0.685007 0.670007
vn -0.251392 -0.731176 0.634179
vn -0.251106 -0.731417 -0.634015
vn 0.749483 -0.007100 -0.661985
vn 0.073302 -0.334811 -0.939430
vn 0.757113 -0.220604 -0.614910
vn 0.051601 -0.656210 -0.752812
vn 0.781192 -0.407796 -0.472695
vn 0.073497 -0.901267 -0.426984
vn 0.809190 -0.528893 -0.255897
vn 0.093601 -0.995610 0.000000
vn 0.821710 -0.569907 0.000000
vn 0.809190 -0.528893 0.255897
vn 0.073500 -0.901306 0.426903
vn 0.781192 -0.407796 0.472695
vn 0.051401 -0.656217 0.752819
vn 0.757066 -0.220590 0.614972
vn 0.073302 -0.334811 0.939430
vn 0.749439 -0.007100 0.662035
vn 0.137094 0.000300 0.990558
vn 0.744663 0.201590 0.636269
vn 0.278703 0.570305 0.772707
vn 0.748306 0.426103 0.508404
vn 0.360094 0.841385 0.402993
vn 0.767627 0.575320 0.282410
vn 0.390090 0.920777 -0.000300
vn 0.776193 0.630495 0.000000
vn 0.767627 0.575320 -0.282410
vn 0.360125 0.841259 -0.403228
vn 0.748306 0.426103 -0.508404
vn 0.278703 0.570305 -0.772707
vn 0.744663 0.201590 -0.636269
vn 0.137094 0.000300 -0.990558
vn 0.429211 0.465812 -0.773820
vn 0.195192 0.229391 -0.953562
vn 0.575620 0.284510 -0.766626
vn 0.229398 0.184998 -0.955590
vn 0.687887 0.102898 -0.718487
vn 0.295008 0.098303 -0.950425
vn 0.527684 -0.670680 -0.521285
vn 0.387702 0.040300 -0.920904
vn 0.596690 0.701388 -0.389893
vn 0.804676 0.458586 -0.377089
vn 0.908372 0.161095 -0.385888
vn 0.693618 -0.661217 -0.285807
vn 0.643199 0.765699 0.000300
vn 0.864178 0.503187 -0.000300
vn 0.982416 0.186703 0.000000
vn 0.753895 -0.656995 0.000000
vn 0.596708 0.701310 0.390005
vn 0.804730 0.458717 0.376814
vn 0.908372 0.161095 0.385888
vn 0.429211 0.465812 0.773820
vn 0.575620 0.284510 0.766626
vn 0.687887 0.102898 0.718487
vn 0.694074 -0.660876 0.285489
vn 0.195211 0.229413 0.953553
vn 0.229398 0.184998 0.955590
vn 0.295008 0.098303 0.950425
vn 0.387702 0.040300 0.920904
vn 0.528585 -0.669581 0.521785
vn 0.106898 -0.019500 0.994079
vn 0.049598 -0.083696 0.995256
vn 0.104501 -0.051101 0.993211
vn -0.061400 -0.328502 0.942505
vn -0.157395 -0.302791 0.939971
vn -0.280890 -0.237591 0.929866
vn -0.183995 -0.633582 0.751478
vn -0.367608 -0.559412 0.742915
vn -0.560703 -0.400702 0.724604
vn -0.451492 -0.760986 0.465892
vn -0.240604 -0.873114 0.424007
vn -0.491488 -0.765381 0.415490
vn -0.741503 -0.538602 0.400102
vn -0.565895 -0.787793 0.243198
vn -0.251608 -0.967829 -0.000100
vn -0.529388 -0.848380 -0.000100
vn -0.802990 -0.595993 0.000000
vn -0.602222 -0.798329 0.000000
vn -0.240489 -0.873159 -0.423980
vn -0.491409 -0.765314 -0.415707
vn -0.741588 -0.538491 -0.400093
vn -0.183900 -0.633701 -0.751401
vn -0.367694 -0.559391 -0.742888
vn -0.560794 -0.400596 -0.724592
vn -0.566385 -0.787380 -0.243394
vn -0.061398 -0.328591 -0.942474
vn -0.157600 -0.302900 -0.939901
vn -0.280989 -0.237490 -0.929862
vn -0.451099 -0.761398 -0.465599
vn 0.106799 -0.019600 -0.994088
vn 0.104402 -0.051201 -0.993216
vn 0.049598 -0.083696 -0.995256
vn 0.285800 -0.686701 -0.668401
vn 0.860984 0.320694 0.394793
vn 0.880777 -0.299492 -0.366791
vn 0.862510 0.451105 0.229303
vn 0.885507 -0.414003 -0.210902
vn 0.862510 0.451105 -0.229303
vn 0.885507 -0.414003 0.210902
vn 0.860984 0.320694 -0.394793
vn 0.880777 -0.299492 0.366791
vn 0.861917 0.160703 -0.480909
vn 0.873530 -0.157705 0.460516
vn 0.866706 -0.003900 -0.498804
vn 0.866706 -0.003900 0.498804
vn 0.861917 0.160703 0.480909
vn 0.873530 -0.157705 -0.460516
vn -0.355109 0.000000 0.934825
vn -0.355109 0.000000 -0.934825
vn -0.346105 0.311105 0.885113
vn -0.346105 -0.311105 -0.885113
vn -0.322214 0.613427 0.721031
vn -0.322214 -0.613427 -0.721031
vn 0.863746 0.503927 0.000000
vn -0.294897 0.859593 0.417296
vn 0.887400 -0.461000 0.000000
vn -0.294897 -0.859593 -0.417296
vn -0.294897 0.859593 -0.417296
vn -0.294897 -0.859593 0.417296
vn -0.322214 0.613427 -0.721031
vn -0.322214 -0.613427 0.721031
vn -0.346105 0.311105 -0.885113
vn -0.346105 -0.311105 0.885113
vn -0.999513 -0.031200 0.000000
vn -0.282399 0.959297 0.000000
vn -0.946848 -0.321682 0.000000
vn -0.282399 -0.959297 0.000000
vn -0.119397 0.706584 0.697484
vn -0.794608 0.016200 0.606906
vn -0.817413 0.415007 0.399506
vn 0.118505 -0.694028 -0.710128
vn -0.759320 -0.650717 -0.000600
vn 0.172405 -0.985026 0.000400
vn -0.002600 0.013100 0.999911
vn -0.769694 -0.442897 0.459797
vn -0.796596 0.016100 -0.604297
vn -0.006200 0.013100 -0.999895
vn -0.771275 -0.440986 -0.458985
vn -0.122001 0.706807 -0.696807
vn -0.166004 0.986125 0.000500
vn -0.826595 0.562797 -0.000500
vn -0.818681 0.413191 -0.398791
vn 0.120796 -0.693378 0.710377
vn -0.323089 0.945668 0.036399
vn 0.322990 0.870274 -0.371889
vn -0.318111 -0.948034 0.006100
vn 0.276207 -0.930623 0.240106
vn 0.698418 -0.470712 0.539114
vn -0.063101 -0.679011 0.731411
vn 0.820991 0.224398 -0.524994
vn 0.850631 -0.469817 -0.236008
vn -0.403185 0.439684 -0.802571
vn 0.335597 0.809593 -0.481596
vn -0.869349 -0.490628 -0.059303
vn 0.234399 -0.779497 -0.580898
vn -0.313686 -0.943659 0.105395
vn 0.920406 -0.390803 -0.011200
vn 0.730905 -0.528103 0.432303
vn 0.979125 0.141204 0.146204
vn 0.567076 0.589575 0.575175
vn 0.101203 -0.609216 0.786520
vn 0.743695 -0.115899 0.658396
vn 0.757201 0.415001 -0.504401
vn 0.993336 -0.096704 -0.062702
vn 0.571408 0.422406 0.703610
vn -0.552606 0.141701 0.821309
vn 0.061401 -0.085901 0.994410
vn -0.513267 0.082595 0.854245
vn 0.302297 0.634794 0.711093
vn -0.266809 0.879929 0.393113
vn -0.757765 -0.186291 -0.625371
vn 0.488112 -0.767419 -0.415710
vn 0.384701 0.059800 -0.921102
vn -0.285206 -0.631614 0.720917
vn -0.084696 -0.992151 -0.091995
vn -0.645779 0.633779 0.425786
vn -0.958522 0.255606 -0.126103
vn -0.457196 0.888092 -0.047600
vn -0.541771 0.837056 -0.076296
vn -0.422890 0.035699 0.905478
vn 0.108300 0.970900 0.213600
vn -0.505614 0.683320 -0.526715
vn -0.709123 0.412514 -0.571819
vn -0.283801 0.950302 -0.128000
vn 0.599436 -0.154109 -0.785447
vn 0.508604 0.848907 -0.143801
vn 0.205503 0.899915 0.384606
vn -0.907736 0.322113 0.268811
vn 0.377703 -0.741005 -0.555204
vn -0.797346 -0.590834 -0.123107
vn -0.085205 -0.442825 -0.892550
vn -0.145602 0.454407 -0.878814
vn 0.639037 0.430325 -0.637537
vn 0.544378 -0.017099 -0.838666
vn 0.885373 0.462786 -0.044099
vn 0.296795 0.851084 -0.433092
vn 0.211097 -0.701691 -0.680491
vn -0.699606 -0.005600 -0.714507
vn -0.739477 -0.484485 -0.467385
vn -0.942751 0.276886 -0.185890
vn -0.232792 0.964768 -0.122596
vn 0.000800 0.820554 -0.571568
vn -0.311190 0.908872 -0.277691
vn -0.587312 0.643713 -0.490610
vn -0.179491 -0.249287 -0.951651
vn 0.224788 0.974150 0.022399
vn -0.077097 0.613179 0.786173
vn -0.303705 0.801515 0.515109
vn 0.716518 0.695317 0.056001
vn 0.648003 -0.722503 -0.241001
vn 0.905889 -0.414795 0.085499
vn 0.161600 0.209799 -0.964298
vn -0.109701 0.772710 -0.625208
vn -0.884568 -0.283990 0.369986
vn -0.032400 -0.915109 -0.401904
vn -0.727190 -0.150698 -0.669691
vn -0.699657 -0.038198 -0.713457
vn -0.796867 0.431282 -0.423082
vn 0.711836 -0.328417 -0.620832
vn 0.971151 -0.109594 -0.211789
vn 0.296290 -0.824972 -0.481284
vn 0.795112 -0.598009 0.100902
vn -0.559406 -0.823409 -0.095201
vn 0.431824 -0.900951 -0.042602
vn 0.242300 -0.969499 0.036900
vn 0.979008 0.155301 -0.132001
vn -0.794607 0.603805 0.063401
vn 0.573593 -0.796490 0.191298
vn 0.353582 -0.851056 0.388180
vn 0.610388 -0.681986 0.402892
vn -0.958730 0.213107 -0.188206
vn 0.643789 -0.335794 0.687588
vn -0.287690 -0.858069 -0.425385
vn -0.217296 0.223895 -0.950081
vn -0.663670 0.275688 -0.695369
vn -0.313391 0.819975 -0.478985
vn -0.717337 0.672234 0.183109
vn -0.767320 0.629917 0.120103
vn 0.497707 -0.588108 0.637509
vn 0.484498 -0.869196 0.098799
vn 0.132002 -0.932312 0.336704
vn 0.850220 -0.522412 0.064902
vn 0.415700 -0.862599 0.288300
vn 0.259895 0.900984 0.347394
vn -0.492575 0.828658 -0.265887
vn 0.290311 -0.945635 0.146605
vn -0.328899 0.888497 -0.319999
vn -0.854101 0.390800 -0.343200
vn -0.864130 0.212907 -0.456016
vn -0.761581 0.187395 -0.620385
vn 0.373411 -0.708422 0.598918
vn 0.119700 0.014800 0.992700
vn 0.883966 -0.180793 0.431183
vn 0.778394 -0.118999 0.616395
vn 0.251112 -0.964546 0.081204
vn 0.023100 -0.789814 0.612911
vn 0.145998 -0.987583 0.057999
vn -0.231999 0.968497 -0.090500
vn -0.963128 -0.058502 -0.262608
vn -0.765912 0.380306 -0.518408
vn -0.371303 -0.534404 -0.759306
vn -0.919889 0.093399 -0.380895
vn -0.839891 0.100899 -0.533294
vn -0.380615 -0.050802 0.923337
vn -0.482582 0.626577 0.611977
vn 0.507403 -0.861705 -0.002400
vn -0.967582 -0.106298 0.229096
vn -0.816285 0.346494 -0.462192
vn -0.260307 0.091003 -0.961228
vn -0.921879 0.091198 0.376592
vn 0.711989 0.275496 0.645890
vn -0.903390 0.255497 0.344396
vn 0.586491 -0.096498 0.804187
vn -0.498587 -0.839678 0.215294
vn -0.918802 -0.367201 -0.144800
vn -0.422191 -0.771484 -0.475990
vn -0.739297 0.669897 -0.068400
vn 0.116399 0.711193 -0.693293
vn 0.347191 -0.005800 -0.937776
vn 0.136703 0.065802 -0.988424
vn -0.835687 -0.311395 -0.452393
vn 0.757215 0.042001 0.651813
vn 0.283693 0.693182 -0.662583
vn 0.478419 -0.049502 0.876735
vn 0.275597 0.720892 0.635893
vn -0.065200 -0.997703 0.018400
vn -0.803171 -0.594678 0.035699
vn -0.336992 -0.015700 0.941377
vn -0.830550 -0.370678 0.415675
vn -0.834686 -0.006300 0.550691
vn -0.227310 0.657628 0.718231
vn -0.780420 0.624516 0.030401
vn 0.037400 0.998309 0.044500
vn -0.108896 0.692577 0.713077
vn -0.197302 -0.056600 0.978708
vn 0.035501 0.999319 -0.010100
vn -0.098099 0.994786 0.027900
vn -0.407811 0.711519 -0.572215
vn 0.019300 -0.989185 -0.145398
vn 0.116796 -0.609580 -0.784074
vn -0.332802 -0.626605 -0.704705
vn -0.502710 0.053201 -0.862817
vn 0.011600 -0.984889 -0.172798
vn 0.363498 -0.789395 0.494697
vn -0.288100 -0.666900 0.687200
vn -0.128801 -0.770004 0.624903
vn -0.823105 0.374502 0.426903
vn 0.446681 -0.876463 -0.179692
vn 0.126092 -0.879145 0.459571
vn 0.973614 -0.228203 -0.000100
vn 0.723894 -0.535496 0.434996
vn 0.724479 -0.233393 0.648581
vn 0.890395 -0.405398 0.206999
vn -0.229915 -0.848955 -0.475831
vn -0.878509 0.431504 -0.205002
vn 0.834704 0.309201 0.455702
vn 0.260797 0.836691 0.481595
vn 0.827179 0.111397 0.550786
vn 0.613968 -0.049797 -0.787759
vn 0.949953 -0.308685 -0.047998
vn 0.571393 -0.541593 -0.616593
vn -0.148801 0.164401 -0.975106
vn -0.699189 0.276296 -0.659390
vn 0.163606 0.745926 -0.645622
vn -0.691670 -0.159993 -0.704269
vn -0.085397 -0.476584 -0.874971
vn -0.955857 0.246389 -0.160093
vn -0.656571 0.519777 0.546576
vn -0.957755 0.286016 -0.030002
vn 0.131799 -0.099299 0.986291
vn -0.666088 0.153597 0.729887
vn 0.174803 0.476509 0.861616
vn -0.451902 0.863304 0.224701
vn 0.059902 -0.720727 0.690626
vn 0.732823 -0.355411 0.580218
vn -0.384310 -0.718819 0.579315
vn 0.340888 -0.877168 0.338188
vn 0.782799 -0.115300 -0.611499
vn 0.411478 -0.700262 -0.583369
vn -0.271002 0.289202 -0.918107
vn -0.373300 -0.394400 -0.839700
vn -0.187299 -0.165899 0.968193
vn 0.771982 0.333892 0.540888
vn 0.145499 0.458897 0.876495
vn 0.767990 0.523693 -0.368695
vn -0.051103 0.833844 -0.549629
vn -0.733409 0.352904 -0.581007
vn -0.260696 -0.528692 -0.807788
vn 0.112305 0.171608 -0.978743
vn -0.746794 0.082699 0.659894
vn -0.745082 -0.519988 -0.417690
vn 0.319488 -0.278090 0.905866
vn -0.622905 -0.727906 0.286602
vn 0.016300 -0.087701 0.996013
vn -0.131498 0.949586 -0.284596
vn 0.413878 0.776659 -0.474875
vn -0.249804 0.845015 0.472808
vn 0.340494 0.562290 0.753587
vn -0.421819 -0.897441 -0.129106
vn -0.248208 -0.968233 -0.030301
vn -0.134305 -0.960732 -0.242808
vn -0.318099 -0.854097 -0.411499
vn 0.471919 0.858934 0.198808
vn 0.421399 0.844898 0.329499
vn 0.375103 0.926807 0.018100
vn 0.163393 0.979860 0.114795
vn -0.642176 -0.429584 0.634876
vn -0.321003 0.659306 -0.679906
vn 0.298800 -0.608199 0.735399
vn 0.443490 -0.896279 0.000000
vn -0.027301 0.048702 -0.998440
vn 0.298800 -0.608199 -0.735399
vn -0.321003 0.659306 0.679906
vn -0.027301 0.048702 0.998440
vn -0.695361 0.718660 0.000000
vn -0.011600 0.016600 0.999795
vn 0.484010 -0.507711 0.712715
vn -0.498900 0.519900 0.693400
vn -0.498900 0.519900 -0.693400
vn 0.687800 -0.725900 0.000000
vn -0.011600 0.016600 -0.999795
vn 0.484010 -0.507711 -0.712715
vn -0.031299 -0.016600 -0.999372
vn -0.579392 0.413294 -0.702490
vn 0.798597 -0.601798 -0.009100
vn 0.013300 0.056800 0.998297
vn -0.554172 0.470076 0.686965
vn 0.582026 -0.396718 0.709832
vn -0.791930 0.610523 -0.010400
vn 0.540811 -0.438809 -0.717614
vn -0.116894 -0.589371 -0.799361
vn -0.689106 -0.631805 -0.354903
vn 0.567401 -0.478001 -0.670501
vn 0.844760 -0.534175 0.032198
vn 0.638196 -0.267798 0.721796
vn 0.050599 0.170396 0.984076
vn -0.563299 0.514899 0.646199
vn -0.830053 0.552469 -0.076096
vn -0.902055 -0.347883 0.255487
vn -0.662197 0.120999 0.739496
vn -0.872550 0.476527 -0.107606
vn -0.771482 -0.169396 -0.613286
vn -0.983757 0.177892 -0.023999
vn -0.058497 0.549474 0.833461
vn -0.674469 0.448879 0.586173
vn -0.579173 0.564874 0.587773
vn 0.605512 0.672214 0.426009
vn 0.034500 0.477404 0.878007
vn 0.068500 0.324202 0.943505
vn 0.890306 0.345603 -0.296502
vn 0.743479 0.201494 0.637682
vn 0.682016 -0.111303 0.722818
vn 0.544429 -0.204711 -0.813444
vn 0.981287 -0.191197 -0.022800
vn 0.882727 -0.466514 0.056202
vn 0.562995 -0.527295 -0.636394
vn 0.593000 -0.446000 -0.670400
vn -0.028300 -0.140399 -0.989691
vn -0.604483 0.280292 -0.745679
vn -0.082302 -0.274608 -0.958028
vn -0.138793 -0.427177 -0.893452
vn -0.668526 0.136105 -0.731128
vn -0.793657 -0.321183 -0.516672
vn -0.613368 -0.558271 0.558671
vn -0.611917 0.558616 -0.559916
vn -0.613213 -0.000600 -0.789917
vn -0.613402 -0.558602 -0.558302
vn -0.613324 -0.789831 0.000200
vn -0.612992 -0.000100 0.790089
vn -0.611593 0.559093 0.559793
vn -0.721825 0.491417 -0.487317
vn -0.610793 0.791791 -0.000400
vn -0.804180 -0.594385 0.000200
vn -0.804217 -0.420109 0.420409
vn -0.804180 0.000200 0.594385
vn -0.804180 0.594385 -0.000200
vn -0.804217 0.420109 -0.420409
vn -0.804217 0.420409 0.420109
vn -0.804217 -0.420409 -0.420109
vn -0.804180 -0.000200 -0.594385
vn -0.381112 -0.000200 0.924529
vn -0.381112 -0.000200 -0.924529
vn 0.381112 -0.000200 0.924529
vn -0.923172 -0.000200 0.384388
vn 0.381112 -0.000200 -0.924529
vn 0.923172 -0.000200 -0.384388
vn 0.923172 -0.000200 0.384388
vn -0.923172 -0.000200 -0.384388
vn -0.624189 0.147697 0.767186
vn 0.508812 0.036101 0.860120
vn 0.398388 0.907872 0.130596
vn -0.341492 0.921679 0.184096
vn -0.230302 0.969907 0.079001
vn -0.202103 0.968615 0.144702
vn 0.563609 0.178103 0.806613
vn 0.464603 0.089301 0.881005
vn -0.497379 0.115095 0.859864
vn -0.588120 0.208907 0.781327
vn 0.649683 0.625883 0.431489
vn 0.727265 0.492277 0.478277
vn 0.678519 0.511214 0.527515
vn -0.562807 0.763510 0.316704
vn -0.508211 0.840618 0.187304
vn -0.463813 0.852124 0.242407
vn 0.497490 0.826483 0.263495
vn 0.624693 0.728791 0.280397
vn 0.588303 0.732804 0.341902
vn -0.649412 0.315906 0.691713
vn -0.726832 0.384317 0.569225
vn -0.678068 0.430580 0.595672
vn 0.246907 0.956627 0.154604
vn 0.381704 0.902409 0.199902
vn -0.246693 -0.015300 0.968973
vn -0.397814 -0.031301 0.916932
vn -0.381600 0.039100 0.923500
vn -0.052501 0.990614 0.126202
vn 0.093300 0.993900 0.058800
vn 0.099605 0.986550 0.129607
vn -0.672711 0.547309 0.497908
vn -0.685416 0.631615 0.362309
vn -0.633611 0.660212 0.403307
vn 0.342207 0.019600 0.939420
vn 0.230899 -0.093299 0.968494
vn 0.202692 -0.027399 0.978859
vn 0.052999 -0.049399 0.997372
vn -0.092597 -0.117297 0.988771
vn -0.099402 -0.045301 0.994016
vn 0.000000 -0.756546 -0.653940
vn 0.653940 -0.756546 0.000000
vn 0.460802 -0.887503 0.000000
vn 0.000000 -0.756546 0.653940
vn -0.460802 -0.887503 0.000000
vn -0.462419 -0.756530 -0.462419
vn 0.462419 -0.756530 -0.462419
vn 0.462419 -0.756530 0.462419
vn -0.325887 -0.887466 -0.325887
vn -0.602908 -0.797811 0.000000
vn 0.602908 -0.797811 0.000000
vn -0.674689 0.351394 -0.649089
vn 0.243796 0.653391 -0.716690
vn 0.012300 0.247902 -0.968707
vn 0.696985 0.001000 -0.717085
vn 0.734085 0.475191 -0.485090
vn 0.674688 -0.339694 0.655289
vn 0.937912 0.345404 0.031900
vn 0.725222 0.359811 0.587018
vn -0.965666 0.254891 0.050198
vn -0.293709 0.797424 -0.527116
vn 0.969342 -0.241410 -0.045802
vn -0.017500 -0.230598 0.972892
vn 0.185598 0.524094 0.831191
vn -0.696314 0.017900 0.717514
vn -0.558569 0.828454 0.040798
vn -0.988140 0.144906 0.050802
vn -0.703908 -0.026200 0.709808
vn -0.980652 0.191691 0.039698
vn 0.022201 -0.224008 0.974334
vn 0.690550 -0.297978 0.659052
vn -0.012300 -0.232292 0.972568
vn 0.687284 0.064899 -0.723484
vn 0.981553 -0.185891 -0.044698
vn 0.989575 -0.135497 -0.048799
vn -0.712938 0.262514 -0.650235
vn -0.696495 0.296598 -0.653395
vn -0.685420 -0.056902 0.725921
vn 0.713225 -0.255209 0.652823
vn -0.020600 0.229899 -0.972996
vn 0.691978 0.032699 -0.721177
vn -0.006400 0.231503 -0.972813
vn -0.704231 0.251511 -0.663929
vn -0.006400 0.228293 -0.973571
vn 0.698763 0.076396 -0.711262
vn 0.992983 -0.114798 -0.028400
vn 0.703283 -0.229394 0.672883
vn -0.701402 -0.055500 0.710602
vn 0.000100 -0.204110 0.978948
vn -0.990543 0.133606 0.031201
vn -0.008700 0.092200 -0.995703
vn -0.434694 -0.768089 -0.470193
vn -0.705601 -0.012400 -0.708501
vn 0.703242 0.156809 -0.693442
vn 0.134594 -0.665272 -0.734369
vn -0.029300 -0.059301 0.997810
vn -0.367026 -0.705951 0.605744
vn 0.186899 -0.580397 0.792596
vn -0.994062 -0.102896 -0.035399
vn -0.577067 -0.813553 0.071596
vn 0.696163 0.064697 0.714962
vn 0.675067 -0.511475 0.531674
vn -0.736395 -0.128199 0.664295
vn -0.711102 -0.081900 0.698302
vn -0.999958 0.009100 0.001300
vn -0.722079 -0.106397 0.683580
vn -0.000100 -0.194097 0.980982
vn 0.713975 -0.112496 0.691075
vn 0.713501 -0.194900 0.673001
vn 0.996162 -0.083797 -0.025299
vn 0.708907 0.112901 -0.696207
vn 0.701969 0.078497 -0.707869
vn -0.997015 0.075401 0.016600
vn -0.722198 0.123900 -0.680499
vn -0.009700 -0.157706 0.987438
vn 0.999985 -0.003000 -0.004500
vn -0.013801 0.169408 -0.985449
vn -0.010399 0.196490 -0.980451
vn -0.713802 0.192400 -0.673401
vn 0.988538 0.150606 0.010500
vn -0.343990 0.727878 0.593182
vn 0.378395 0.925187 0.029100
vn 0.152699 0.956391 0.248998
vn -0.127605 0.990639 -0.048502
vn -0.538990 0.832484 0.128298
vn -0.308493 0.758683 -0.573787
vn 0.049100 0.957299 -0.284900
vn 0.829836 0.556424 -0.042002
vn 0.808608 0.451604 -0.377104
vn -0.560605 0.805707 0.191202
vn -0.162796 0.074098 0.983873
vn 0.075403 0.618921 0.781826
vn -0.721606 -0.446704 0.528905
vn 0.135904 -0.968726 0.207606
vn -0.114495 -0.550775 0.826763
vn 0.974613 -0.009300 -0.223703
vn 0.352912 -0.165905 -0.920830
vn 0.466803 0.805206 0.365703
vn -0.579600 0.175400 0.795800
vn 0.139801 -0.891504 -0.430902
vn -0.176491 -0.984050 -0.022299
vn 0.066403 -0.838834 -0.540322
vn -0.105794 -0.753257 0.649163
vn 0.119398 -0.978684 0.167097
vn 0.783412 0.494707 0.376206
vn 0.152295 0.939970 0.305390
vn 0.373710 -0.927524 -0.006400
vn -0.035099 -0.559976 -0.827765
vn 0.655717 -0.597916 -0.461012
vn 0.855916 -0.517110 -0.002400
vn 0.841975 0.427987 0.328490
vn 0.878422 0.448311 0.165504
vn 0.559397 0.828895 -0.003000
vn 0.175697 0.870684 -0.459391
vn 0.951926 0.211906 -0.221206
vn 0.375896 0.797092 0.472595
vn -0.211702 -0.355703 0.910307
vn -0.209691 -0.398083 0.893062
vn -0.254306 -0.879520 0.402209
vn 0.796000 0.359600 0.486900
vn 0.646777 0.631478 0.427685
vn -0.407004 0.350004 0.843709
vn 0.580932 0.813945 0.003300
vn 0.649880 0.608581 0.455286
vn 0.803232 0.577923 -0.144306
vn 0.369894 -0.908186 0.195897
vn 0.548789 -0.833883 -0.058899
vn 0.463715 0.858028 -0.220807
vn -0.099996 -0.983061 0.153594
vn -0.633025 -0.774130 -0.001300
vn 0.974145 0.145192 -0.173090
vn 0.830681 -0.513688 0.214695
vn -0.898924 -0.323709 0.295208
vn -0.411383 -0.867264 0.280388
vn -0.844844 -0.231312 0.482425
vn 0.027399 0.997072 -0.071398
vn -0.922398 0.278999 0.267099
vn -0.679217 0.263207 0.685118
vn -0.657008 0.203103 -0.726009
vn -0.921681 0.209696 0.326393
vn -0.264904 0.775112 -0.573609
vn -0.027599 0.580089 -0.814085
vn 0.629610 -0.662811 -0.405306
vn -0.319602 0.889706 0.326002
vn -0.146907 0.918341 0.367516
vn -0.695624 0.267309 0.666823
vn -0.533222 0.047602 0.844635
vn -0.262292 -0.095297 0.960271
vn 0.224097 -0.105998 0.968785
vn 0.504984 0.024799 0.862772
vn 0.688338 0.243113 0.683438
vn 0.714613 0.505709 0.483309
vn 0.607117 0.737821 0.295008
vn 0.383515 0.910536 0.154406
vn 0.089197 0.992268 0.086297
vn -0.063697 0.994956 0.077497
vn -0.364699 0.920797 0.138300
vn -0.599598 0.751497 0.275199
vn -0.718407 0.518705 0.463505
vn -0.378699 0.917297 0.123100
vn -0.070299 0.995890 0.057099
vn 0.252187 0.964052 0.083696
vn 0.524703 0.828105 0.197301
vn 0.693312 0.615011 0.375607
vn -0.612180 0.743776 0.268391
vn -0.724271 0.509779 0.464281
vn -0.692902 0.261601 0.671902
vn -0.524091 0.048399 0.850286
vn -0.251499 -0.087499 0.963894
vn 0.070902 -0.119303 0.990323
vn 0.379380 -0.040598 0.924350
vn 0.612681 0.132896 0.779076
vn 0.724726 0.366913 0.583221
vn -0.394706 0.176403 0.901714
vn 0.444278 0.213989 0.869957
vn 0.035098 0.062197 0.997447
vn -0.162800 0.078900 0.983499
vn 0.571672 0.391481 0.721065
vn 0.288892 0.118697 0.949975
vn 0.549795 0.343297 0.761494
vn 0.229009 0.096404 0.968639
vn -0.225794 0.095597 0.969473
vn -0.548309 0.341406 0.763413
vn -0.031599 0.061999 0.997576
vn -0.441922 0.212410 0.871543
vn -0.593400 0.541200 0.595800
vn -0.285904 0.117602 0.951015
vn -0.570504 0.389602 0.723005
vn -0.520699 0.736199 0.432300
vn -0.483615 0.252308 0.838127
vn -0.586098 0.591998 0.553198
vn -0.344792 0.887680 0.305193
vn 0.000400 0.642493 0.766292
vn -0.443909 0.819516 0.362407
vn -0.034301 0.971436 0.234809
vn 0.395509 0.856819 0.330807
vn -0.228401 0.937202 0.263601
vn 0.226602 0.937807 0.263002
vn 0.548905 0.691706 0.469304
vn 0.032400 0.971503 0.234801
vn 0.442680 0.820763 0.361084
vn 0.593721 0.492017 0.636722
vn 0.286800 0.915699 0.281500
vn 0.570984 0.643582 0.509686
vn 0.521003 0.297302 0.800105
vn 0.484304 0.780907 0.394504
vn 0.098598 0.965878 0.239495
vn 0.586317 0.441313 0.679320
vn 0.345294 0.145898 0.927085
vn 0.585989 0.593789 0.551390
vn 0.485704 0.254002 0.836406
vn 0.101204 0.068003 0.992539
vn 0.519900 0.737700 0.430700
vn 0.163699 0.954595 0.248899
vn -0.342414 0.144706 0.928339
vn -0.585485 0.439389 0.681282
vn -0.519217 0.295510 0.801927
vn 0.593589 0.543090 0.593889
vn -0.593194 0.490095 0.638693
vn -0.549492 0.690090 0.470993
vn -0.396905 0.855710 0.332004
vn 0.345289 0.145995 0.927071
vn -0.165493 0.954158 0.249389
vn 0.397293 0.177897 0.900284
vn 0.166197 0.079499 0.982883
vn -0.100602 0.965619 0.239705
vn -0.097801 0.067601 0.992907
vn -0.571419 0.641821 0.511417
vn -0.288505 0.914915 0.282305
vn -0.485407 0.779512 0.395906
vn 0.745505 0.571104 0.343602
vn -0.765720 0.503413 0.400310
vn -0.450697 0.889393 0.076499
vn -0.216611 0.976251 0.003600
vn 0.216609 -0.166007 0.962041
vn -0.374011 -0.116104 0.920128
vn -0.128301 -0.181401 0.975004
vn -0.632193 0.059899 0.772492
vn -0.745502 0.239201 0.622101
vn -0.680396 0.691596 0.242399
vn 0.765705 0.306802 0.565304
vn 0.450686 -0.079097 0.889172
vn 0.632180 0.750376 0.193094
vn -0.041801 -0.188805 0.981125
vn 0.518673 -0.037398 0.854155
vn -0.518680 0.847667 0.111496
vn 0.717993 0.178798 0.672694
vn 0.295502 0.955105 0.021300
vn -0.717962 0.631466 0.292884
vn 0.580094 0.009800 0.814491
vn 0.775082 0.439790 0.453689
vn -0.775093 0.370397 0.511895
vn 0.128299 0.991691 -0.009400
vn 0.374004 0.926310 0.045500
vn 0.041800 0.999006 -0.015500
vn -0.295497 -0.144899 0.944291
vn -0.580104 0.800405 0.151101
vn -0.746514 0.568510 0.345706
vn -0.678675 0.116296 0.725173
vn 0.678679 0.693979 0.240393
vn -0.765111 0.304204 0.567508
vn -0.447794 -0.080699 0.890488
vn 0.447790 0.890980 0.075098
vn 0.680390 0.118598 0.723190
vn -0.577706 0.007800 0.816208
vn 0.577728 0.802439 0.149407
vn -0.775268 0.437082 0.455981
vn 0.775266 0.373084 0.509678
vn -0.298697 0.954090 0.022200
vn 0.298714 -0.143807 0.943445
vn -0.716617 0.176304 0.674816
vn 0.716587 0.633988 0.290795
vn 0.045300 -0.188602 0.981008
vn -0.045298 0.998855 -0.015399
vn -0.515996 -0.039200 0.855694
vn 0.516004 0.849507 0.109901
vn -0.213196 -0.166697 0.962683
vn 0.746498 0.241799 0.619898
vn -0.377100 0.925000 0.046600
vn 0.377110 -0.114803 0.919026
vn 0.213201 0.977004 0.003000
vn 0.131802 -0.181002 0.974611
vn 0.343300 0.888599 0.304200
vn 0.765100 0.506100 0.398100
vn -0.634188 0.748186 0.194996
vn 0.634186 0.062099 0.770683
vn -0.131805 0.991235 -0.009000
vn 0.706108 0.500705 0.500705
vn -0.374408 0.389009 0.841719
vn -0.207291 -0.365685 0.907362
vn -0.205807 0.381113 0.901330
vn -0.090000 0.366398 0.926095
vn -0.231097 -0.410294 0.882187
vn 0.205000 0.380200 0.901900
vn 0.373821 -0.375821 0.847948
vn 0.371817 0.388418 0.843139
vn 0.481804 0.422303 0.767806
vn 0.223986 -0.409374 0.884445
vn 0.229909 0.421217 0.877336
vn -0.089801 0.366405 -0.926112
vn 0.089102 -0.392509 -0.915422
vn -0.207302 -0.365804 -0.907311
vn -0.205706 0.381411 -0.901227
vn -0.495916 -0.415113 -0.762724
vn -0.239805 0.423009 -0.873818
vn -0.489099 0.417899 -0.765599
vn -0.572496 -0.376997 0.728095
vn -0.528729 -0.385021 -0.756442
vn -0.570521 0.385614 -0.725126
vn -0.527896 0.388597 -0.755194
vn 0.374096 -0.374996 -0.848192
vn 0.205099 0.381099 -0.901498
vn 0.371621 0.389022 -0.842947
vn 0.495521 -0.415018 -0.763033
vn 0.238998 0.422897 -0.874093
vn 0.231107 -0.410413 -0.882128
vn -0.922697 -0.327999 -0.202599
vn -0.917670 0.342289 0.201793
vn -0.917221 0.343308 -0.202105
vn -0.434284 -0.370686 0.820969
vn -0.230597 0.362795 0.902887
vn 0.534427 0.387919 0.750937
vn 0.571712 -0.379108 0.727615
vn 0.570007 0.387904 0.724308
vn 0.528506 -0.384605 -0.756809
vn 0.570085 0.385590 -0.725481
vn 0.572474 -0.377083 -0.728067
vn -0.438176 0.372980 -0.817856
vn -0.436898 -0.369098 -0.820297
vn 0.917226 0.343410 0.201906
vn 0.921967 -0.329988 -0.202693
vn 0.917597 0.342599 -0.201599
vn 0.450701 -0.368201 0.813202
vn 0.241709 0.361413 0.900532
vn 0.439895 0.371096 -0.817790
vn 0.226897 -0.389394 -0.892687
vn 0.230498 0.363096 -0.902791
vn -0.571105 0.370503 0.732507
vn -0.571203 -0.354302 0.740404
vn -0.573888 -0.357493 -0.736785
vn -0.817640 0.346317 -0.459923
vn 0.566093 0.366896 0.738191
vn 0.817710 -0.335004 0.468106
vn 0.817405 0.346102 0.460503
vn 0.568692 -0.354395 -0.742289
vn 0.813474 0.349089 -0.465185
vn 0.821783 -0.331993 -0.463091
vn -0.497674 -0.865355 -0.058997
vn -0.394591 -0.882679 -0.255294
vn 0.496909 -0.865815 0.058701
vn 0.393904 -0.882810 0.255903
vn -0.352484 -0.867262 0.351585
vn 0.101299 -0.948893 0.298898
vn -0.154003 -0.948621 0.276406
vn 0.019500 -0.917307 0.397703
vn -0.127095 -0.910763 0.392884
vn 0.150897 -0.949182 0.276195
vn 0.238799 -0.920494 0.309298
vn 0.127093 -0.910851 -0.392679
vn -0.000100 -1.000000 0.000200
vn -0.103899 -0.949894 -0.294798
vn -0.153105 -0.949028 -0.275508
vn -0.239596 -0.920086 -0.309895
vn 0.103995 -0.949452 -0.296185
vn 0.106700 -0.908203 -0.404701
vn 0.351397 -0.867292 -0.352597
vn -0.230397 -0.920086 -0.316795
vn -0.179802 -0.905910 -0.383404
vn 0.404820 -0.873343 -0.270913
vn 0.153993 -0.948658 -0.276288
vn 0.230604 -0.920717 0.314806
vn 0.232398 -0.918994 -0.318498
vn -0.131795 -0.906864 -0.400284
vn 0.179499 -0.909193 -0.375697
vn 0.388612 0.882828 0.263808
vn 0.159707 0.946441 -0.280612
vn 0.568712 0.370208 -0.734515
vn 0.089998 0.366692 -0.925979
vn -0.405292 -0.873284 0.270395
vn -0.496770 -0.865847 0.059396
vn -0.818319 -0.334208 -0.467611
vn 0.222704 0.924618 0.309006
vn 0.478299 0.876498 0.054600
vn -0.230708 -0.410415 -0.882232
vn -0.571725 -0.377516 -0.728431
vn -0.159692 0.946451 0.280586
vn 0.487693 -0.418094 0.766389
vn 0.178109 0.899744 -0.398419
vn -0.089002 -0.392308 0.915518
vn -0.226903 -0.389105 0.892812
vn 0.534517 -0.384512 0.752624
vn 0.453213 0.371011 0.810524
vn 0.922417 -0.328906 0.202404
vn 0.206502 -0.367004 0.907009
vn -0.376908 -0.374608 0.847118
vn 0.571320 -0.358013 0.738526
vn 0.145993 0.918059 0.368584
vn 0.206510 -0.365918 -0.907445
vn 0.489705 0.417905 -0.765209
vn 0.434287 -0.370889 -0.820875
vn 0.528786 0.388190 -0.754780
vn -0.232500 -0.918899 0.318699
vn 0.496276 -0.866158 -0.058997
vn -0.179605 -0.909125 0.375810
vn -0.019500 -0.917485 -0.397293
vn 0.019400 -0.917398 -0.397499
vn -0.104002 -0.949414 0.296304
vn -0.107399 -0.907989 0.404995
vn 0.152192 -0.909952 -0.385779
vn 0.151894 -0.910465 0.384685
vn 0.240212 -0.919345 -0.311615
vn -0.240298 -0.919294 0.311698
vn 0.331399 -0.879597 0.341299
vn -0.019500 -0.917307 0.397703
vn -0.153495 -0.909771 0.385688
vn -0.239093 0.423088 0.873975
vn 0.106105 -0.908843 0.403419
vn -0.107304 -0.908036 -0.404916
vn 0.819983 0.572388 0.000000
vn -0.001100 0.226196 -0.974081
vn 0.448613 0.893726 0.000000
vn -0.194102 0.692407 0.694907
vn 0.001100 0.226196 0.974081
vn -0.458696 0.888593 0.000000
vn 0.006300 -0.708691 -0.705491
vn 0.006300 -0.708691 0.705491
vn 0.005600 -0.845979 0.533187
vn 0.989781 0.116098 0.082798

# Mesh
g LowPoly
usemtl DefaultMaterial
f 1/1/1 2/2/2 3/3/3
f 4/4/4 5/5/5 6/6/6
f 7/7/7 8/8/7 9/9/7
f 10/10/8 11/11/9 12/12/10
f 13/13/7 14/14/11 15/15/7
f 16/16/12 17/17/13 18/18/14
f 19/19/15 20/20/16 21/21/17
f 22/22/18 23/23/19 24/24/20
f 25/25/21 26/26/22 27/27/23
f 28/28/24 29/29/25 30/30/26
f 31/31/27 32/32/28 33/33/29
f 34/34/30 35/35/31 36/36/32
f 37/37/33 38/38/34 39/39/35
f 40/40/36 41/41/37 42/42/38
f 43/43/39 44/44/40 45/45/41
f 46/46/42 47/47/43 48/48/43
f 49/49/44 50/50/45 51/51/46
f 52/52/47 53/53/7 54/54/48
f 55/55/49 56/56/50 57/57/51
f 58/58/52 59/59/53 60/60/54
f 61/61/55 62/62/56 63/63/57
f 38/38/34 64/64/58 65/65/59
f 66/66/60 67/67/61 68/68/62
f 69/69/63 70/70/64 71/71/65
f 72/72/66 73/73/67 74/74/68
f 75/75/69 76/76/70 77/77/71
f 78/78/72 79/79/73 80/80/74
f 81/81/75 82/82/76 83/83/77
f 84/84/78 85/85/79 86/86/80
f 87/87/81 88/88/82 89/89/83
f 90/90/84 91/91/85 92/92/86
f 80/80/74 93/93/87 94/94/88
f 95/95/89 96/96/90 97/97/91
f 98/98/92 99/99/93 100/100/94
f 101/101/95 102/102/96 103/103/97
f 104/104/98 105/105/99 106/106/100
f 107/107/101 108/108/102 70/109/64
f 109/110/103 110/111/7 7/7/7
f 111/112/104 112/113/105 41/114/37
f 113/115/106 114/116/107 115/117/108
f 116/118/109 117/119/7 118/120/110
f 119/121/111 120/122/112 5/5/5
f 121/123/113 122/124/114 123/125/115
f 124/126/116 125/127/117 126/128/118
f 35/35/31 127/129/7 128/130/119
f 57/57/51 3/3/3 129/131/120
f 130/132/121 131/133/122 132/134/123
f 133/135/124 134/136/125 135/137/126
f 136/138/127 137/139/128 138/140/129
f 139/141/130 140/142/131 79/79/73
f 141/143/132 142/144/133 143/145/134
f 144/146/135 145/147/136 146/148/137
f 147/149/138 148/150/7 149/151/139
f 150/152/140 151/153/141 152/154/142
f 153/155/143 154/156/144 155/157/145
f 26/26/22 156/158/146 157/159/147
f 147/149/138 158/160/148 159/161/7
f 160/162/149 161/163/150 162/164/151
f 163/165/7 164/166/152 165/167/153
f 166/168/154 167/169/155 53/53/7
f 168/170/156 169/171/157 170/172/158
f 171/173/159 172/174/160 173/175/161
f 174/176/100 175/177/99 176/178/100
f 177/179/162 178/180/7 179/181/163
f 180/182/164 181/183/18 182/184/165
f 183/185/166 184/186/167 185/187/168
f 186/188/169 187/189/170 188/190/171
f 189/191/172 190/192/173 191/193/174
f 192/194/175 193/195/176 194/196/177
f 195/197/178 196/198/179 197/199/180
f 198/200/181 199/201/182 120/122/112
f 200/202/183 201/203/184 202/204/185
f 203/205/186 204/206/187 205/207/188
f 206/208/189 207/209/190 78/78/72
f 208/210/191 70/70/64 209/211/192
f 158/160/148 210/212/7 159/161/7
f 211/213/193 212/214/194 213/215/195
f 214/216/196 215/217/197 216/218/198
f 217/219/199 218/220/200 219/221/201
f 220/222/7 221/223/7 222/224/202
f 223/225/203 224/226/204 225/227/205
f 226/228/206 227/229/207 228/230/208
f 229/231/209 230/232/210 231/233/210
f 135/137/126 232/234/211 233/235/212
f 234/236/213 235/237/214 236/238/215
f 177/179/162 220/222/7 237/239/7
f 238/240/125 239/241/216 240/242/217
f 241/243/218 242/244/219 243/245/220
f 244/246/221 245/247/222 246/248/223
f 247/249/99 105/105/99 248/250/99
f 249/251/224 250/252/225 251/253/226
f 252/254/227 76/76/70 253/255/228
f 254/256/229 121/123/113 255/257/230
f 256/258/231 257/259/232 258/260/233
f 259/261/234 260/262/235 261/263/236
f 262/264/237 53/53/7 167/169/155
f 214/265/196 263/266/238 264/267/238
f 28/28/24 265/268/239 266/269/240
f 226/228/206 267/270/241 268/271/242
f 269/272/243 270/273/244 271/274/245
f 272/275/246 273/276/7 274/277/247
f 275/278/248 276/279/249 277/280/250
f 278/281/7 279/282/7 280/283/7
f 281/284/251 282/285/252 283/286/253
f 284/287/7 285/288/254 117/119/7
f 286/289/255 236/238/215 287/290/256
f 288/291/257 289/292/7 13/13/7
f 290/293/258 291/294/259 292/295/260
f 293/296/261 294/297/262 295/298/263
f 296/299/264 297/300/265 298/301/266
f 299/302/267 300/303/268 301/304/269
f 302/305/270 303/306/271 304/307/7
f 152/154/142 305/308/272 306/309/273
f 307/310/274 308/311/275 288/291/257
f 309/312/276 6/6/6 73/313/67
f 310/314/277 311/315/278 312/316/279
f 313/317/280 314/318/281 315/319/282
f 316/320/283 254/256/229 255/257/230
f 232/234/211 95/95/89 317/321/284
f 206/208/189 80/80/74 94/94/88
f 318/322/285 319/323/286 320/324/287
f 321/325/288 322/326/289 323/327/290
f 140/142/131 324/328/291 325/329/292
f 326/330/293 327/331/294 328/332/295
f 329/333/296 330/334/297 331/335/298
f 240/242/217 332/336/299 124/126/116
f 333/337/300 318/322/285 334/338/301
f 70/109/64 335/339/302 209/340/192
f 336/341/303 337/342/304 338/343/305
f 339/344/306 340/345/307 341/346/308
f 342/347/309 343/348/310 344/349/311
f 345/350/312 346/351/313 347/352/314
f 348/353/315 349/354/316 109/110/103
f 350/355/317 351/356/318 352/357/319
f 209/340/192 353/358/320 354/359/321
f 153/360/143 355/361/322 336/341/303
f 356/362/323 100/100/94 357/363/324
f 358/364/7 359/365/325 360/366/326
f 142/144/133 361/367/327 362/368/328
f 363/369/329 364/370/330 348/371/315
f 365/372/331 289/292/7 366/373/332
f 307/310/274 15/15/7 286/374/255
f 367/375/333 145/147/136 308/311/275
f 329/333/296 368/376/334 369/377/335
f 370/378/336 371/379/337 372/380/338
f 373/381/339 374/382/340 375/383/341
f 376/384/342 377/385/343 378/386/344
f 91/91/85 379/387/7 358/364/7
f 380/388/345 381/389/346 382/390/347
f 383/391/348 384/392/349 385/393/350
f 191/193/174 386/394/351 387/395/352
f 317/321/284 388/396/353 389/397/354
f 390/398/355 391/399/356 392/400/357
f 393/401/358 394/402/359 395/403/360
f 396/404/361 375/383/341 397/405/362
f 398/406/363 63/63/57 399/407/364
f 400/408/365 401/409/366 402/410/367
f 403/411/368 404/412/369 405/413/370
f 406/414/371 407/415/372 408/416/373
f 262/264/237 409/417/374 410/418/375
f 339/419/306 411/420/376 412/421/377
f 413/422/378 414/423/379 415/424/380
f 416/425/381 417/426/382 418/427/383
f 419/428/384 149/151/139 148/150/7
f 420/429/385 421/430/386 422/431/387
f 423/432/388 424/433/389 425/434/390
f 426/435/391 427/436/392 428/437/393
f 429/438/394 430/439/395 403/411/368
f 44/44/40 227/229/207 431/440/396
f 432/441/397 72/72/66 74/74/68
f 433/442/398 385/393/350 434/443/399
f 435/444/400 263/266/238 216/445/198
f 436/446/401 437/447/402 438/448/403
f 439/449/404 440/450/7 278/281/7
f 441/451/405 442/452/406 443/453/407
f 361/367/327 444/454/408 445/455/409
f 446/456/410 447/457/411 448/458/412
f 449/459/413 235/237/214 222/224/202
f 450/460/414 451/461/117 452/462/299
f 405/413/370 453/463/415 454/464/416
f 455/465/417 456/466/418 457/467/419
f 392/400/357 458/468/420 459/469/421
f 460/470/422 461/471/423 462/472/424
f 463/473/425 464/474/426 465/475/427
f 466/476/428 467/477/429 468/478/430
f 469/479/431 470/480/432 471/481/433
f 472/482/434 473/483/435 474/484/436
f 475/485/437 476/486/99 477/487/438
f 478/488/439 479/489/440 480/490/441
f 434/443/399 481/491/442 482/492/443
f 318/322/285 483/493/444 484/494/445
f 485/495/446 208/210/191 486/496/447
f 8/8/7 487/497/7 272/275/246
f 488/498/448 489/499/449 490/500/450
f 491/501/451 492/502/452 493/503/453
f 494/504/454 495/505/455 496/506/456
f 461/471/423 443/453/407 462/472/424
f 497/507/457 485/495/446 486/496/447
f 384/392/349 498/508/458 499/509/459
f 500/510/460 501/511/461 297/300/265
f 502/512/7 503/513/7 42/42/38
f 504/514/462 505/515/463 506/516/464
f 507/517/465 77/77/71 508/518/466
f 286/374/255 367/375/333 307/310/274
f 509/519/467 428/437/393 187/520/170
f 510/521/303 511/522/468 512/523/469
f 474/484/436 513/524/470 87/87/81
f 514/525/471 515/526/472 516/527/473
f 333/528/300 517/529/7 518/530/474
f 519/531/475 520/532/476 521/533/477
f 522/534/478 477/487/438 523/535/479
f 524/536/480 525/537/481 526/538/482
f 527/539/483 528/540/484 529/541/485
f 308/311/275 530/542/486 288/291/257
f 128/130/119 531/543/7 532/544/487
f 533/545/488 534/546/489 535/547/490
f 317/321/284 97/97/91 536/548/491
f 537/549/492 538/550/493 394/402/359
f 539/551/494 540/552/495 541/553/496
f 542/554/472 543/555/497 544/556/498
f 545/557/499 546/558/500 547/559/501
f 548/560/490 549/561/414 550/562/502
f 551/563/503 204/564/187 40/565/36
f 552/566/99 553/567/99 554/568/99
f 555/569/504 556/570/505 557/571/506
f 558/572/507 466/476/428 468/478/430
f 2/2/2 216/445/198 559/573/508
f 560/574/509 561/575/510 562/576/511
f 563/577/512 564/578/513 107/107/101
f 257/259/232 565/579/514 258/260/233
f 566/580/515 567/581/516 568/582/517
f 569/583/518 570/584/519 571/585/520
f 572/586/521 573/587/522 574/588/523
f 575/589/524 576/590/525 577/591/526
f 578/592/527 292/295/260 242/244/219
f 569/583/518 579/593/528 580/594/529
f 581/595/530 277/280/250 582/596/531
f 185/597/168 583/598/532 183/599/166
f 584/600/533 585/601/534 400/408/365
f 586/602/535 587/603/536 588/604/537
f 319/323/286 589/605/538 320/324/287
f 244/606/221 590/607/539 349/354/316
f 591/608/540 592/609/541 593/610/542
f 457/467/419 594/611/543 595/612/544
f 596/613/545 597/614/546 598/615/547
f 162/164/151 599/616/548 600/617/549
f 601/618/550 63/63/57 602/619/551
f 186/620/169 14/621/11 603/622/552
f 102/102/96 474/484/436 103/103/97
f 485/495/446 69/69/63 71/71/65
f 604/623/553 605/624/554 606/625/555
f 100/100/94 607/626/556 136/138/127
f 608/627/557 609/628/558 586/602/535
f 610/629/7 611/630/559 612/631/560
f 406/414/371 613/632/561 614/633/562
f 88/88/82 4/4/4 615/634/563
f 186/188/169 616/635/564 617/636/565
f 618/637/99 619/638/99 553/567/99
f 101/101/95 620/639/566 621/640/567
f 622/641/568 295/298/263 623/642/569
f 624/643/570 625/644/7 626/645/571
f 627/646/572 628/647/573 629/648/574
f 630/649/575 33/33/29 631/650/576
f 632/651/577 182/184/165 633/652/578
f 634/653/579 635/654/580 636/655/144
f 311/315/278 637/656/581 638/657/582
f 639/658/583 368/376/334 640/659/584
f 641/660/585 642/661/586 44/44/40
f 643/662/587 644/663/588 511/522/468
f 645/664/98 646/665/589 647/666/590
f 387/395/352 161/163/150 47/47/43
f 648/667/591 649/668/592 650/669/593
f 495/505/455 651/670/594 652/671/595
f 521/533/477 378/386/344 653/672/596
f 399/407/364 62/62/56 485/495/446
f 654/673/597 53/53/7 262/264/237
f 655/674/598 110/111/7 656/675/7
f 657/676/599 658/677/600 659/678/601
f 660/679/602 325/329/292 661/680/603
f 662/681/604 663/682/605 664/683/606
f 456/466/418 665/684/607 200/202/183
f 210/212/7 349/354/316 590/607/539
f 666/685/608 667/686/609 668/687/610
f 669/688/611 670/689/612 671/690/613
f 672/691/614 665/692/607 673/693/615
f 674/694/616 675/695/617 676/696/618
f 677/697/116 678/698/619 679/699/217
f 112/700/105 42/42/38 41/41/37
f 93/93/87 661/680/603 680/701/620
f 643/662/587 681/702/621 682/703/622
f 387/395/352 189/191/172 191/193/174
f 683/704/623 684/705/624 566/580/515
f 461/471/423 685/706/625 686/707/626
f 687/708/627 688/709/628 689/710/629
f 617/711/565 690/712/630 186/620/169
f 691/713/631 582/596/531 99/99/93
f 403/411/368 692/714/632 429/438/394
f 429/438/394 693/715/7 694/716/7
f 608/627/557 695/717/633 207/209/190
f 696/718/634 231/233/210 505/515/463
f 697/719/635 698/720/636 122/124/114
f 699/721/637 621/640/567 700/722/638
f 701/723/639 702/724/640 563/577/512
f 703/725/641 704/726/642 705/727/643
f 316/320/283 193/195/176 706/728/644
f 707/729/645 322/326/289 708/730/646
f 709/731/647 94/732/88 93/733/87
f 710/734/648 711/735/649 712/736/650
f 713/737/431 714/738/488 548/560/490
f 715/739/651 716/740/652 717/741/653
f 718/742/654 719/743/655 669/688/611
f 720/744/656 721/745/657 722/746/7
f 723/747/658 724/748/659 725/749/660
f 726/750/661 727/751/662 728/752/663
f 402/410/367 601/618/550 602/619/551
f 729/753/664 330/754/297 730/755/665
f 731/756/666 580/594/529 732/757/667
f 490/500/450 52/52/47 488/498/448
f 733/758/668 175/177/99 734/759/669
f 735/760/670 736/761/671 545/557/499
f 593/610/542 524/536/480 526/538/482
f 737/762/672 738/763/673 739/764/489
f 447/457/411 138/140/129 740/765/674
f 246/766/223 741/767/675 590/607/539
f 261/768/236 742/769/676 743/770/677
f 744/771/678 745/772/679 746/773/680
f 747/774/681 748/775/7 531/543/7
f 749/776/682 101/101/95 750/777/683
f 751/778/684 752/779/685 493/503/453
f 753/780/686 290/293/258 292/295/260
f 754/781/687 755/782/260 212/214/194
f 188/190/171 428/783/393 756/784/688
f 274/277/247 547/559/501 272/275/246
f 757/785/689 758/786/690 759/787/673
f 293/296/261 760/788/691 761/789/692
f 133/135/124 22/22/18 346/351/313
f 196/790/179 616/635/564 608/627/557
f 240/242/217 762/791/485 763/792/619
f 274/277/247 379/387/7 764/793/693
f 765/794/694 766/795/695 192/194/175
f 767/796/472 768/797/696 769/798/697
f 306/799/273 770/800/698 771/801/699
f 729/753/664 772/802/700 773/803/701
f 202/204/185 774/804/702 775/805/703
f 776/806/704 777/807/705 778/808/706
f 779/809/707 780/810/708 449/459/413
f 781/811/235 782/812/709 783/813/710
f 76/76/70 784/814/711 77/77/71
f 727/751/662 785/815/712 786/816/713
f 787/817/714 788/818/715 596/613/545
f 789/819/716 122/124/114 790/820/717
f 791/821/100 382/822/347 174/176/100
f 676/823/618 622/641/568 623/642/569
f 192/194/175 723/747/658 725/749/660
f 792/824/718 123/125/115 111/112/104
f 793/825/719 794/826/720 795/827/721
f 386/394/351 599/616/548 161/163/150
f 764/793/693 545/557/499 274/277/247
f 628/647/573 796/828/722 446/456/410
f 54/54/48 53/53/7 654/673/597
f 797/829/723 701/830/639 798/831/724
f 799/832/725 800/833/726 801/834/727
f 802/835/305 803/836/728 804/837/305
f 805/838/729 806/839/730 807/840/731
f 511/522/468 808/841/378 512/523/469
f 809/842/732 810/843/733 811/844/734
f 703/725/641 139/141/130 79/79/73
f 113/115/106 464/474/426 812/845/735
f 786/846/713 417/426/382 813/847/736
f 741/767/675 205/848/188 551/563/503
f 814/849/737 577/591/526 815/850/738
f 816/851/739 561/575/510 817/852/740
f 818/853/741 776/806/704 296/854/264
f 819/855/742 820/856/743 821/857/744
f 822/858/745 579/593/528 571/585/520
f 823/859/746 824/860/747 825/861/748
f 255/257/230 792/824/718 203/205/186
f 425/434/390 826/862/749 827/863/750
f 828/864/751 829/865/752 830/866/753
f 831/867/754 832/868/755 833/869/756
f 834/870/757 835/871/758 836/872/759
f 24/24/20 837/873/760 838/874/761
f 839/875/762 313/317/280 840/876/763
f 841/877/764 842/878/216 843/879/765
f 504/514/462 844/880/766 259/261/234
f 845/881/767 507/517/465 846/882/768
f 847/883/769 848/884/770 849/885/771
f 850/886/772 851/887/773 53/53/7
f 852/888/774 853/889/775 854/890/776
f 855/891/777 856/892/60 66/893/60
f 197/199/180 857/894/778 858/895/779
f 859/896/780 860/897/781 861/898/782
f 862/899/783 863/900/784 864/901/785
f 865/902/786 866/903/787 780/810/708
f 820/856/743 867/904/788 868/905/789
f 11/11/9 869/906/790 12/12/10
f 870/907/791 727/751/662 871/908/792
f 872/909/793 873/910/794 874/911/795
f 875/912/796 25/25/21 27/27/23
f 409/417/374 166/168/154 876/913/797
f 877/914/798 874/911/795 583/915/532
f 160/162/149 878/916/799 879/917/800
f 880/918/801 881/919/802 882/920/803
f 883/921/804 884/922/805 885/923/806
f 886/924/807 887/925/808 888/926/809
f 124/126/116 889/927/483 762/791/485
f 890/928/810 891/929/811 892/930/812
f 481/491/442 394/402/359 893/931/813
f 894/932/814 895/933/815 886/924/807
f 872/909/793 882/920/803 896/934/816
f 897/935/817 898/936/818 505/515/463
f 899/937/305 636/655/144 510/521/303
f 628/647/573 448/458/412 16/16/12
f 900/938/819 287/290/256 236/238/215
f 467/939/429 790/820/717 254/256/229
f 901/940/820 902/941/821 903/942/822
f 904/943/823 905/944/824 542/554/472
f 906/945/825 907/946/826 570/584/519
f 908/947/827 909/948/828 910/949/829
f 180/182/164 911/950/830 912/951/313
f 913/952/831 914/953/832 611/630/559
f 915/954/833 916/955/834 917/956/835
f 918/957/836 919/958/837 920/959/838
f 603/960/552 921/961/839 112/700/105
f 565/579/514 922/962/840 923/963/841
f 534/964/489 924/965/502 535/966/490
f 925/967/842 926/968/843 573/587/522
f 927/969/844 342/347/309 344/349/311
f 155/157/145 928/970/845 153/155/143
f 877/971/798 929/972/846 930/973/847
f 931/974/848 932/975/849 185/597/168
f 933/976/266 84/84/78 86/86/80
f 934/977/850 674/978/616 935/979/851
f 229/980/209 936/981/852 937/982/853
f 704/726/642 938/983/854 705/727/643
f 939/984/855 940/985/856 941/986/388
f 942/987/857 107/988/101 69/69/63
f 459/469/421 943/989/858 472/482/434
f 432/441/397 723/747/658 766/795/695
f 735/760/670 944/990/859 945/991/860
f 946/992/7 947/993/466 948/994/831
f 516/527/473 515/526/472 949/995/861
f 950/996/862 93/733/87 680/997/620
f 907/946/826 951/998/863 570/584/519
f 952/999/89 762/1000/485 953/1001/484
f 954/1002/864 955/1003/865 956/1004/866
f 957/1005/867 958/1006/868 959/1007/869
f 565/579/514 88/88/82 615/634/563
f 960/1008/870 961/1009/871 732/757/667
f 765/794/694 194/196/177 245/247/222
f 962/1010/60 963/1011/872 964/1012/873
f 714/738/488 965/1013/90 737/762/672
f 966/1014/874 967/1015/875 968/1016/876
f 969/1017/877 970/1018/878 971/1019/879
f 972/1020/880 973/1021/881 974/1022/882
f 112/113/105 187/520/170 603/1023/552
f 975/1024/883 745/772/679 281/284/251
f 146/148/137 976/1025/884 58/58/52
f 823/859/746 807/840/731 977/1026/885
f 195/197/178 178/180/7 237/239/7
f 978/1027/886 979/1028/887 980/1029/888
f 981/1030/889 58/58/52 60/60/54
f 828/864/751 982/1031/890 829/865/752
f 936/981/852 183/1032/166 937/982/853
f 983/1033/891 984/1034/892 985/1035/893
f 473/483/435 198/200/181 513/524/470
f 986/1036/596 293/296/261 295/298/263
f 987/1037/894 988/1038/895 989/1039/896
f 875/912/796 131/1040/122 990/1041/897
f 595/612/544 991/1042/898 992/1043/899
f 257/259/232 87/87/81 89/89/83
f 725/749/660 558/1044/507 193/195/176
f 770/1045/698 993/1046/900 994/1047/901
f 564/578/513 98/98/92 356/362/323
f 642/661/586 995/1048/7 227/229/207
f 996/1049/902 997/1050/903 998/1051/904
f 30/30/26 444/454/408 999/1052/905
f 353/358/320 1000/1053/906 627/646/572
f 855/1054/777 1001/1055/907 1002/1056/908
f 182/184/165 1003/1057/909 633/652/578
f 1004/1058/910 942/987/857 1005/1059/911
f 646/665/589 1006/1060/912 647/666/590
f 981/1030/889 1007/1061/913 866/903/787
f 1008/1062/914 1009/1063/915 1010/1064/7
f 610/1065/7 1011/1066/916 1012/1067/917
f 1013/1068/918 1014/1069/919 312/316/279
f 478/488/439 480/490/441 1015/1070/920
f 637/656/581 1016/1071/921 1017/1072/922
f 901/940/820 1018/1073/923 1019/1074/924
f 664/683/606 1020/1075/925 1021/1076/926
f 982/1077/890 1022/1078/927 926/968/843
f 1023/1079/928 191/193/174 190/192/173
f 1024/1080/929 893/931/813 393/401/358
f 1024/1080/929 778/1081/706 1025/1082/930
f 1026/1083/931 26/26/22 157/159/147
f 945/991/860 1027/1084/932 736/761/671
f 1028/1085/933 203/205/186 205/207/188
f 1029/1086/934 373/381/339 396/404/361
f 1030/1087/935 1031/1088/227 785/1089/712
f 405/413/370 1032/1090/936 403/411/368
f 1033/1091/937 1034/1092/938 1035/1093/939
f 1036/1094/940 400/408/365 402/410/367
f 357/363/324 136/138/127 447/457/411
f 739/764/489 1037/1095/941 549/561/414
f 1015/1070/920 1038/1096/942 1039/1097/943
f 1040/1098/944 1041/1099/945 862/1100/783
f 138/140/129 749/776/682 750/777/683
f 123/125/115 509/519/467 111/112/104
f 131/1040/122 1042/1101/946 990/1041/897
f 168/1102/156 1043/1103/947 1044/1104/948
f 1045/1105/770 1046/1106/227 1047/1107/228
f 1048/1108/949 881/919/802 1049/1109/950
f 1050/1110/43 1051/1111/951 1052/1112/952
f 1053/1113/7 1054/1114/7 1055/1115/7
f 791/1116/100 649/1117/592 1056/1118/953
f 83/83/77 1057/1119/954 1058/1120/955
f 154/156/144 1059/1121/956 155/157/145
f 526/538/482 1004/1058/910 1060/1122/957
f 579/593/528 1061/1123/958 907/946/826
f 1062/1124/959 182/184/165 1063/1125/960
f 1013/1068/918 1064/1126/961 1018/1073/923
f 1065/1127/100 476/486/99 649/1117/592
f 629/648/574 16/16/12 1066/1128/962
f 427/1129/392 627/1130/572 1067/1131/963
f 1068/1132/964 1069/1133/98 645/664/98
f 715/739/651 1009/1063/915 1070/1134/965
f 1071/1135/966 969/1017/877 1072/1136/967
f 1073/1137/968 83/83/77 1058/1120/955
f 454/464/416 1074/1138/697 1075/1139/969
f 46/46/42 1076/1140/970 387/395/352
f 1077/1141/971 213/215/195 1078/1142/972
f 588/604/537 1079/1143/973 704/726/642
f 1080/1144/974 1081/1145/975 1082/1146/976
f 51/51/46 976/1025/884 145/147/136
f 1079/1147/973 1083/1148/977 938/1149/854
f 1084/1150/978 718/742/654 343/1151/310
f 649/668/592 1085/1152/979 1086/1153/980
f 219/221/201 1087/1154/981 1088/1155/982
f 212/214/194 1089/1156/686 213/215/195
f 1051/1111/951 47/47/43 160/162/149
f 287/1157/256 51/51/46 367/375/333
f 1013/1068/918 1090/1158/961 1091/1159/961
f 879/917/800 836/872/759 1092/1160/983
f 1026/1083/931 1077/1141/971 27/27/23
f 1083/1148/977 700/722/638 256/258/231
f 891/929/811 801/834/727 681/702/621
f 586/602/535 704/726/642 695/717/633
f 312/316/279 638/657/582 1090/1158/961
f 946/1161/7 1093/1162/984 1094/1163/985
f 1095/1164/986 276/279/249 997/1050/903
f 1096/1165/987 1097/1166/988 1098/1167/989
f 853/889/775 1099/1168/990 171/1169/159
f 774/804/702 45/45/41 1100/1170/991
f 865/902/786 146/148/137 981/1030/889
f 1101/1171/992 931/974/848 185/597/168
f 106/106/100 1102/1172/99 1103/1173/100
f 1104/1174/465 1105/1175/71 947/993/466
f 61/61/55 1004/1058/910 1005/1059/911
f 78/78/72 695/717/633 703/725/641
f 821/857/744 1106/1176/993 1107/1177/994
f 796/828/722 357/363/324 446/456/410
f 478/488/439 1108/1178/995 479/489/440
f 1050/1110/43 46/46/42 48/48/43
f 1109/1179/996 1110/1180/997 988/1038/895
f 1111/1181/998 732/757/667 961/1009/871
f 1112/1182/999 1113/1183/1000 1114/1184/1001
f 780/810/708 1115/1185/1002 235/237/214
f 864/901/785 560/574/509 734/759/669
f 1116/1186/1003 56/56/50 1117/1187/1004
f 259/1188/234 743/770/677 1118/1189/1005
f 1119/1190/1006 1120/1191/1007 1121/1192/1008
f 860/897/781 1122/1193/1009 1123/1194/1010
f 18/18/14 699/721/637 1083/1148/977
f 1124/1195/1011 1125/1196/1012 1126/1197/1013
f 758/1198/690 929/972/846 10/10/8
f 1127/1199/1014 1128/1200/811 1129/1201/1015
f 1130/1202/342 253/255/228 848/884/770
f 592/609/541 1131/1203/1016 524/536/480
f 846/882/768 508/518/466 1132/1204/985
f 798/831/724 563/1205/512 942/987/857
f 1133/1206/1017 839/875/762 1119/1207/1006
f 1134/1208/1018 1135/1209/1019 382/390/347
f 824/1210/747 1136/1211/1020 1137/1212/1021
f 1138/1213/1022 1139/1214/1023 1140/1215/1024
f 825/1216/748 1137/1212/1021 1082/1146/976
f 27/27/23 928/1217/845 875/912/796
f 970/1018/878 918/957/836 971/1019/879
f 312/316/279 878/1218/799 310/314/277
f 1141/1219/1025 128/130/119 532/544/487
f 903/942/822 1142/1220/1026 1143/1221/1027
f 721/745/657 178/180/7 722/746/7
f 338/1222/305 1144/1223/559 1145/1224/579
f 985/1035/893 1146/1225/1028 1147/1226/1029
f 414/423/379 1148/1227/1030 1149/1228/1031
f 208/210/191 354/1229/321 697/1230/635
f 1150/1231/560 948/994/831 1144/1223/559
f 1151/1232/259 1152/1233/219 755/782/260
f 271/274/245 1074/1138/697 1153/1234/1032
f 1004/1058/910 797/829/723 798/831/724
f 1154/1235/1033 1155/1236/1034 1156/1237/1035
f 975/1024/883 991/1042/898 746/773/680
f 699/721/637 740/765/674 1157/1238/1036
f 1158/1239/917 519/531/475 1093/1162/984
f 144/146/135 779/809/707 530/542/486
f 567/581/516 814/849/737 1159/1240/1037
f 1160/1241/1038 1161/1242/1039 1162/1243/220
f 129/1244/120 1163/1245/1040 1164/1246/1041
f 46/46/42 1006/1060/912 1165/1247/1042
f 1006/1060/912 1166/1248/100 1165/1247/1042
f 756/784/688 427/1129/392 1067/1131/963
f 365/372/331 503/513/7 502/512/7
f 1113/1183/1000 1082/1146/976 1081/1145/975
f 53/53/7 1167/1249/1043 868/905/789
f 1168/1250/1044 960/1251/870 1169/1252/1045
f 1037/1095/941 1117/1187/1004 125/127/117
f 1170/1253/1046 1171/1254/1047 1172/1255/1048
f 1173/1256/7 14/621/11 690/712/630
f 1174/1257/1049 53/53/7 1016/1071/921
f 919/1258/837 1175/1259/1050 1176/1260/1051
f 424/1261/389 57/57/51 129/131/120
f 478/488/439 1015/1070/920 1108/1178/995
f 953/1001/484 1177/1262/856 965/1013/90
f 125/127/117 55/55/49 126/128/118
f 949/995/861 1178/1263/472 1179/1264/1052
f 1042/1101/946 969/1017/877 1180/1265/1053
f 1180/1265/1053 971/1019/879 859/896/780
f 1181/1266/1054 1071/1135/966 1072/1136/967
f 840/876/763 1182/1267/1055 835/1268/758
f 1183/1269/1056 1058/1120/955 1184/1270/1057
f 1175/1259/1050 1185/1271/1058 1186/1272/1059
f 1187/1273/1060 1133/1206/1017 1188/1274/1061
f 817/852/740 34/34/30 816/851/739
f 710/734/648 1187/1273/1060 1188/1274/1061
f 98/98/92 1189/1275/1062 691/713/631
f 1039/1276/943 1190/1277/1063 1191/1278/1064
f 871/908/792 416/1279/381 797/829/723
f 1192/1280/1065 1193/1281/60 1194/1282/1066
f 1195/1283/1067 1196/1284/1068 1197/1285/1069
f 1198/1286/1070 323/327/290 1199/1287/1071
f 1200/1288/1072 1201/1289/714 979/1028/887
f 1202/1290/227 1203/1291/1073 1204/1292/1074
f 1195/1283/1067 414/423/379 1149/1228/1031
f 444/454/408 1205/1293/1075 1206/1294/1076
f 878/916/799 834/870/757 879/917/800
f 1207/1295/1077 1208/1296/1078 494/504/454
f 1169/1297/1045 1209/1298/1079 906/945/825
f 1210/1299/1080 1114/1184/1001 1211/1300/1081
f 3/1301/3 782/812/709 1163/1245/1040
f 1089/1156/686 337/342/304 355/361/322
f 1212/1302/1082 1213/1303/378 1214/1304/1083
f 335/339/302 796/828/722 1000/1053/906
f 1019/1074/924 1215/1305/227 1202/1306/227
f 1216/1307/1084 1074/1138/697 1217/1308/684
f 870/907/791 797/829/723 525/537/481
f 1175/1259/1050 1214/1304/1083 1218/1309/1085
f 1219/1310/1086 438/448/403 1220/1311/1087
f 1064/1126/961 384/392/349 499/509/459
f 1166/1248/100 1076/1140/970 1165/1247/1042
f 438/448/403 413/422/378 1096/1165/987
f 1221/1312/1088 1203/1291/1073 1222/1313/1089
f 467/477/429 486/496/447 789/1314/716
f 310/1315/277 162/164/151 819/1316/742
f 1223/1317/1090 1224/1318/7 35/35/31
f 1225/1319/212 1226/1320/284 1227/1321/354
f 1208/1296/1078 1228/1322/1091 494/504/454
f 1229/1323/1092 1230/1324/1093 131/1040/122
f 1231/1325/1094 1232/1326/1095 1233/1327/433
f 1051/1111/951 879/917/800 1092/1160/983
f 1189/1275/1062 581/595/530 691/713/631
f 1066/1128/962 18/18/14 1079/1147/973
f 1190/1277/1063 1207/1328/1077 1191/1278/1064
f 1098/1167/989 376/384/342 1045/1105/770
f 1122/1193/1009 1234/1329/1096 806/839/730
f 1208/1296/1078 1039/1276/943 1235/1330/1097
f 1236/1331/1098 651/670/594 1237/1332/1099
f 907/946/826 580/594/529 579/593/528
f 740/765/674 750/777/683 1157/1238/1036
f 267/270/241 28/28/24 268/271/242
f 1237/1332/1099 1219/1310/1086 1220/1311/1087
f 637/656/581 1238/1333/1100 638/657/582
f 1239/1334/1101 999/1052/905 142/144/133
f 1148/1227/1030 352/357/319 968/1016/876
f 1240/1335/1102 1102/1172/99 247/249/99
f 315/319/282 805/838/729 807/840/731
f 783/813/710 2/1336/2 559/1337/508
f 1144/1223/559 1241/1338/711 1242/1339/832
f 1243/1340/1103 1176/1260/1051 1234/1341/1096
f 1197/1285/1069 1236/1342/1098 1128/1200/811
f 1196/1284/1068 1148/1227/1030 1244/1343/1104
f 1245/1344/1105 255/257/230 203/205/186
f 1018/1073/923 1246/1345/1106 1215/1305/227
f 1115/1185/1002 236/238/215 235/237/214
f 1247/1346/580 1248/1347/1107 1249/1348/1108
f 1226/1320/284 763/1349/619 952/999/89
f 1250/1350/1109 1251/1351/1110 81/81/75
f 56/56/50 1184/1270/1057 1252/1352/1111
f 1211/1353/1081 902/941/821 1253/1354/1112
f 130/132/121 1234/1329/1096 1229/1355/1092
f 17/17/13 447/457/411 740/765/674
f 549/561/414 125/127/117 332/336/299
f 857/894/778 1254/1356/1113 858/895/779
f 1113/1183/1000 710/734/648 1114/1184/1001
f 859/896/780 918/957/836 920/959/838
f 1148/1227/1030 967/1015/875 1244/1343/1104
f 712/1357/650 1142/1220/1026 902/941/821
f 1255/1358/1114 1052/1112/952 1031/1359/227
f 836/872/759 1210/1360/1080 1256/1361/1115
f 26/26/22 860/897/781 1123/1194/1010
f 951/998/863 1061/1123/958 1257/1362/7
f 997/1050/903 949/995/861 998/1051/904
f 1042/1101/946 25/25/21 990/1041/897
f 821/857/744 311/315/278 819/855/742
f 1255/1358/1114 647/666/590 1050/1110/43
f 984/1034/892 998/1051/904 1258/1363/1116
f 1259/1364/1117 1208/1296/1078 1235/1330/1097
f 1094/1365/985 1104/1174/465 947/993/466
f 607/626/556 983/1033/891 137/139/128
f 1260/1366/1118 653/672/596 1261/1367/568
f 966/1014/874 352/357/319 351/356/318
f 1215/1368/227 514/525/471 1203/1291/1073
f 1262/1369/1119 1213/1303/378 1071/1135/966
f 785/1089/712 1202/1290/227 1204/1292/1074
f 1234/1341/1096 1263/1370/1120 1229/1323/1092
f 276/279/249 516/527/473 997/1050/903
f 1080/1144/974 1137/1212/1021 1059/1121/956
f 540/552/495 1231/1325/1094 911/950/830
f 1264/1371/1121 350/355/317 352/357/319
f 498/508/458 751/778/684 1265/1372/1122
f 1097/1166/988 415/424/380 377/385/343
f 1266/1373/1123 61/61/55 601/618/550
f 1267/1374/1124 1160/1241/1038 1268/1375/1125
f 1269/1376/70 1270/1377/1126 1267/1374/1124
f 1271/1378/1127 876/1379/797 386/394/351
f 731/756/666 906/945/825 569/583/518
f 1168/1380/1044 1038/1096/942 1015/1070/920
f 15/1381/7 234/236/213 286/289/255
f 361/367/327 113/115/106 282/285/252
f 1247/1346/580 1080/1144/974 1059/1121/956
f 734/759/669 562/576/511 733/758/668
f 1059/1121/956 1136/1211/1020 155/157/145
f 59/59/53 1272/1382/1128 927/969/844
f 1205/1293/1075 664/683/606 1273/1383/1129
f 1274/1384/1130 988/1038/895 1275/1385/1131
f 1276/1386/124 1277/1387/764 1278/1388/765
f 1068/1389/964 728/752/663 1131/1203/1016
f 1230/1324/1093 1186/1272/1059 1181/1266/1054
f 1266/1373/1123 526/538/482 1060/1122/957
f 204/206/187 111/112/104 41/114/37
f 181/183/18 1225/1390/212 1003/1057/909
f 852/888/774 1021/1076/926 1279/1391/1132
f 1280/1392/126 1281/1393/211 1225/1390/212
f 126/128/118 424/1261/389 889/927/483
f 599/1394/548 867/904/788 600/1395/549
f 1282/1396/7 303/306/271 1283/1397/1133
f 835/1268/758 1112/1398/999 1210/1399/1080
f 1284/1400/1134 1285/1401/353 1201/1289/714
f 1286/1402/1135 1287/1403/1136 539/551/494
f 1052/1112/952 1092/1160/983 1288/1404/1137
f 1289/1405/1138 670/689/612 1290/1406/1139
f 998/1051/904 1179/1264/1052 1258/1363/1116
f 238/240/125 763/792/619 1281/1393/211
f 1270/1377/1126 1291/1407/1140 1161/1242/1039
f 1145/1224/579 1247/1346/580 154/156/144
f 383/391/348 751/778/684 1292/1408/1141
f 1293/1409/1142 1294/1410/915 1295/1411/914
f 1248/1347/1107 1151/1232/259 1249/1348/1108
f 734/759/669 382/822/347 864/901/785
f 976/1025/884 1289/1405/1138 58/58/52
f 663/1412/605 1296/1413/7 1020/1414/925
f 1003/1415/909 1227/1321/354 1284/1400/1134
f 1047/1107/228 1297/1416/1143 1269/1376/70
f 1089/1156/686 1152/1233/219 1298/1417/527
f 1299/1418/1144 1300/1419/1145 1301/1420/1146
f 1302/1421/1147 989/1039/896 1303/1422/1148
f 726/1423/661 1068/1132/964 645/664/98
f 1241/1338/711 1268/1375/1125 1242/1339/832
f 1005/1059/911 69/69/63 62/62/56
f 501/511/461 1023/1079/928 297/300/265
f 727/751/662 813/1424/736 871/908/792
f 1031/1359/227 1019/1074/924 1202/1306/227
f 296/854/264 778/808/706 1304/1425/1149
f 1180/1265/1053 861/898/782 25/25/21
f 1246/1345/1106 499/509/459 515/526/472
f 1305/1426/1150 1306/1427/1151 1307/1428/7
f 1308/1429/1152 1309/1430/1153 1310/1431/1154
f 1311/1432/1155 1312/1433/1156 1313/1434/1157
f 491/501/451 752/779/685 482/492/443
f 1314/1435/1158 537/549/492 481/491/442
f 818/1436/741 298/301/266 1315/1437/266
f 297/300/265 190/192/173 298/301/266
f 199/201/182 1316/1438/1159 1154/1235/1033
f 38/38/34 890/928/810 1317/1439/1160
f 1318/1440/1161 1319/1441/768 523/535/479
f 884/922/805 772/802/700 885/923/806
f 639/658/583 406/414/371 1320/1442/1162
f 295/298/263 935/979/851 623/642/569
f 224/226/204 1321/1443/1163 225/227/205
f 1322/1444/1164 1323/1445/1165 1324/1446/1166
f 1325/1447/1039 1326/1448/1143 1327/1449/1140
f 800/833/726 630/649/575 685/706/625
f 404/412/369 1308/1429/1152 522/534/478
f 1328/1450/1167 849/885/771 1329/1451/1168
f 1330/1452/1169 1328/1450/1167 1311/1432/1155
f 838/1453/761 1331/1454/7 1332/1455/1170
f 1333/1456/1171 974/1022/882 1334/1457/1172
f 1335/1458/1173 327/1459/294 43/43/39
f 1336/1460/7 838/1453/761 837/1461/760
f 849/885/771 1337/1462/808 1329/1451/1168
f 1338/1463/1174 1339/1464/1175 1340/1465/1176
f 772/802/700 1341/1466/1177 1342/1467/1178
f 801/834/727 461/471/423 1343/1468/1179
f 1344/1469/98 646/665/589 1069/1133/98
f 808/1470/378 1345/1471/1180 512/1472/469
f 846/1473/768 1346/1474/984 1347/1475/1118
f 65/65/59 630/649/575 1348/1476/595
f 1349/1477/1181 329/333/296 1313/1478/1157
f 700/722/638 620/639/566 257/259/232
f 1350/1479/1182 910/949/829 944/990/859
f 1351/1480/1183 1352/1481/1184 707/729/645
f 1353/1482/1185 1344/1469/98 955/1483/865
f 905/944/824 1178/1263/472 542/554/472
f 1354/1484/1186 1355/1485/1187 1356/1486/1188
f 1357/1487/1189 459/469/421 1358/1488/1190
f 11/11/9 1048/1108/949 1359/1489/1191
f 926/968/843 1140/1215/1024 982/1077/890
f 689/710/629 170/172/158 169/171/157
f 1360/1490/958 1361/1491/1192 397/1492/362
f 1362/1493/1193 220/222/7 1363/1494/1194
f 1364/1495/1195 1365/1496/1196 537/549/492
f 1366/1497/1197 1367/1498/1198 650/669/593
f 773/803/701 972/1499/880 330/754/297
f 1368/1500/1094 345/350/312 1369/1501/1199
f 991/1042/898 744/771/678 746/773/680
f 1370/1502/1200 38/38/34 1317/1439/1160
f 635/654/580 511/522/468 636/655/144
f 1370/1502/1200 1371/1503/1201 1372/1504/1202
f 1373/1505/1203 554/568/99 1374/1506/1204
f 1194/1282/1066 1375/1507/1205 1376/1508/1206
f 914/953/832 634/653/579 611/630/559
f 955/1483/865 1344/1469/98 1377/1509/1207
f 347/352/314 838/874/761 1332/1510/1170
f 1378/1511/1208 730/755/665 1349/1512/1181
f 1379/1513/1209 1008/1062/914 716/740/652
f 1380/1514/1210 1381/1515/1211 163/165/7
f 1382/1516/1212 453/463/415 1383/1517/1213
f 1319/1441/768 405/413/370 404/412/369
f 1179/1264/1052 1384/1518/1214 1258/1363/1116
f 10/10/8 451/461/117 1385/1519/941
f 828/864/751 830/866/753 1386/1520/1215
f 488/1521/448 500/510/460 489/1522/449
f 1377/1509/1207 1069/1133/98 1387/1523/1216
f 692/714/632 1388/1524/7 693/715/7
f 243/245/220 1389/1525/1126 1325/1447/1039
f 1390/1526/669 649/1117/592 476/486/99
f 696/1527/634 1391/1528/1217 229/980/209
f 1252/1352/1111 1392/1529/1218 793/825/719
f 546/558/500 169/171/157 547/559/501
f 32/32/28 1138/1213/1022 1140/1215/1024
f 9/9/7 1393/1530/1219 1394/1531/1220
f 1132/1204/985 913/952/831 610/629/7
f 1159/1240/1037 294/297/262 761/789/692
f 1395/1532/1221 883/921/804 1378/1511/1208
f 585/601/534 1396/1533/1222 401/409/366
f 1397/1534/1223 556/570/505 432/441/397
f 1327/1449/1140 252/254/227 1398/1535/476
f 1399/1536/1224 1307/1428/7 284/287/7
f 1400/1537/1225 1401/1538/1226 210/212/7
f 96/96/90 533/545/488 97/97/91
f 1359/1489/1191 1049/1109/950 1402/1539/1227
f 1403/1540/1228 462/472/424 1404/1541/1229
f 892/930/812 1405/1542/1230 290/293/258
f 1406/1543/1231 1407/1544/1232 1408/1545/1233
f 1347/1475/1118 986/1036/596 622/641/568
f 1409/1546/1234 935/979/851 294/297/262
f 682/703/622 460/470/422 644/663/588
f 991/1042/898 202/204/185 775/805/703
f 759/1547/673 450/460/414 534/964/489
f 1002/1548/908 1410/1549/1235 856/892/60
f 1411/1550/118 529/541/485 677/697/116
f 849/885/771 760/788/691 847/883/769
f 916/1551/834 1412/1552/1236 1413/1553/1237
f 1414/1554/1238 1415/1555/1239 1416/1556/1240
f 244/246/221 364/370/330 765/794/694
f 1155/1236/1034 1417/1557/1241 1418/1558/1242
f 1320/1442/1162 408/416/373 1419/1559/1243
f 944/990/859 909/948/828 1420/1560/1244
f 1421/1561/672 759/787/673 534/546/489
f 291/294/259 1422/1562/1245 1423/1563/1108
f 1394/1531/1220 1424/1564/1246 363/1565/329
f 1425/1566/1247 1426/1567/1248 1193/1281/60
f 261/1568/236 781/811/235 783/813/710
f 1427/1569/1249 1428/1570/1250 1429/1571/1251
f 853/889/775 1430/1572/1252 854/890/776
f 331/335/298 575/589/524 368/376/334
f 1395/1532/1221 1431/1573/1253 1432/1574/1254
f 120/122/112 1433/1575/1255 584/600/533
f 1322/1444/1164 963/1011/872 1374/1506/1204
f 687/708/627 1352/1576/1184 1434/1577/1256
f 170/1578/158 908/947/827 1043/1103/947
f 672/691/614 455/1579/417 1034/1092/938
f 517/529/7 319/1580/286 518/530/474
f 661/680/603 1435/1581/1257 680/701/620
f 1436/1582/1258 591/608/540 1396/1533/1222
f 736/761/671 1437/1583/1259 546/558/500
f 1438/1584/1260 1419/1559/1243 916/1585/834
f 612/631/560 634/653/579 899/937/305
f 1337/1462/808 253/255/228 75/75/69
f 1350/1479/1182 764/793/693 91/91/85
f 1439/1586/1261 1423/1563/1108 635/654/580
f 372/380/338 1033/1091/937 1440/1587/1262
f 1441/1588/1263 892/930/812 290/293/258
f 1442/1589/475 1398/1535/476 1443/1590/477
f 1413/1553/1237 1444/1591/1264 1001/1055/907
f 940/985/856 1421/1561/672 96/96/90
f 855/1054/777 420/429/385 422/431/387
f 1445/1592/768 1446/1593/1265 1447/1594/768
f 974/1022/882 1448/1595/1266 1334/1457/1172
f 1402/1539/1227 880/918/801 1449/1596/1267
f 1083/1148/977 1450/1597/1268 938/1149/854
f 818/1436/741 933/976/266 1002/1548/908
f 1335/1458/1173 45/45/41 201/203/184
f 1451/1598/1269 1452/1599/1270 649/1117/592
f 513/524/470 119/121/111 88/88/82
f 767/796/472 1453/1600/1271 1454/1601/1272
f 1334/1457/1172 1455/1602/1273 1339/1464/1175
f 583/598/532 1456/1603/1274 877/971/798
f 640/659/584 575/589/524 613/632/561
f 1332/1455/1170 163/165/7 165/167/153
f 1425/1566/1247 544/556/498 1457/1604/1275
f 1458/1605/509 1309/1430/1153 1407/1544/1232
f 856/1606/60 1353/1482/1185 67/67/61
f 1451/1598/1269 1458/1605/509 1406/1543/1231
f 1087/1154/981 1440/1587/1262 1088/1155/982
f 339/419/306 1459/1607/1276 1460/1608/1277
f 1313/1434/1157 674/694/616 1338/1609/1174
f 924/965/502 452/462/299 842/878/216
f 298/301/266 84/84/78 1315/1437/266
f 750/777/683 621/640/567 1157/1238/1036
f 490/500/450 851/887/773 850/886/772
f 492/502/452 751/778/684 493/503/453
f 306/1610/273 1461/1611/1278 1462/1612/1279
f 939/984/855 657/676/599 659/678/601
f 1304/1613/1149 500/510/460 296/299/264
f 1357/1487/1189 390/398/355 392/400/357
f 615/634/563 309/312/276 922/962/840
f 1355/1485/1187 407/1614/372 683/1615/623
f 510/1616/303 1345/1471/1180 1463/1617/322
f 1025/1082/930 777/1618/705 1355/1485/1187
f 109/110/103 363/1565/329 348/353/315
f 1338/1463/1174 1349/1512/1181 1313/1619/1157
f 1397/1534/1223 766/795/695 364/370/330
f 1431/1573/1253 1428/1570/1250 1464/1620/1280
f 1398/1535/476 1130/1202/342 1465/1621/344
f 451/461/117 677/697/116 452/462/299
f 1466/1622/1281 1467/1623/1282 1468/1624/1283
f 1384/1518/1214 1357/1487/1189 1146/1225/1028
f 393/401/358 490/500/450 489/499/449
f 363/369/329 557/571/506 1397/1534/1223
f 1469/1625/1284 1025/1082/930 1354/1484/1186
f 1419/1626/1243 1470/1627/1285 1412/1552/1236
f 1448/1595/1266 1427/1569/1249 1429/1571/1251
f 258/260/233 923/963/841 1471/1628/1286
f 1472/1629/1038 1473/1630/1107 1474/1631/1125
f 1475/1632/1287 19/19/15 21/21/17
f 488/498/448 54/54/48 1476/1633/1288
f 814/849/737 1409/1546/1234 1159/1240/1037
f 504/1634/462 1477/1635/1289 696/1527/634
f 1457/1604/1275 1469/1625/1284 1426/1567/1248
f 1478/1636/1290 81/81/75 83/83/77
f 788/818/715 164/1637/152 597/614/546
f 1316/1438/1159 223/225/203 1154/1235/1033
f 452/462/299 679/699/217 842/878/216
f 828/864/751 1386/1638/1215 982/1031/890
f 330/334/297 1479/1639/1291 331/335/298
f 948/994/831 1105/1175/71 1241/1338/711
f 1480/1640/1292 1481/1641/1293 1138/1213/1022
f 535/966/490 841/877/764 469/479/431
f 1433/1575/1255 1436/1582/1258 585/601/534
f 1329/1451/1168 1482/1642/809 675/695/617
f 374/382/340 1483/1643/1294 1361/1491/1192
f 504/1634/462 1118/1189/1005 1484/1644/1295
f 543/555/497 492/502/452 544/556/498
f 1453/1600/1271 1446/1593/1265 1485/1645/1296
f 388/396/353 1486/1646/1297 1487/1647/1095
f 604/623/553 5/5/5 1488/1648/1298
f 1304/1649/1149 393/401/358 489/499/449
f 1486/1646/1297 471/1650/433 1487/1647/1095
f 276/279/249 1203/1291/1073 514/525/471
f 577/591/526 1333/1456/1171 815/850/738
f 1489/1651/1299 72/72/66 556/570/505
f 12/12/10 1411/1550/118 451/461/117
f 1410/1549/1235 86/86/80 1344/1469/98
f 1139/1652/1023 31/31/27 1490/1653/1300
f 59/59/53 1290/1406/1139 1491/1654/1301
f 1492/1655/1302 166/168/154 53/53/7
f 1493/1656/1303 1494/1657/1304 1495/1658/1305
f 1402/1539/1227 939/984/855 1496/1659/1306
f 1198/1286/1070 1497/1660/1307 1475/1632/1287
f 1487/1647/1095 1368/1661/1094 1498/1662/1308
f 623/642/569 674/978/616 676/823/618
f 668/687/610 1499/1663/1309 1139/1652/1023
f 1075/1139/969 1032/1090/936 454/464/416
f 922/1664/840 72/72/66 1500/1665/1310
f 491/501/451 1501/1666/1275 1502/1667/1275
f 550/562/502 332/336/299 239/241/216
f 1418/1558/1242 1503/1668/1311 591/608/540
f 854/890/776 370/378/336 1504/1669/1312
f 1390/1526/669 1310/1431/1154 1458/1605/509
f 458/468/420 1316/1438/1159 943/989/858
f 64/64/58 31/31/27 33/33/29
f 1440/1587/1262 1035/1093/939 1505/1670/1313
f 31/31/27 37/37/33 1490/1653/1300
f 487/497/7 1506/1671/1314 273/276/7
f 954/1002/864 67/1672/61 1353/1673/1185
f 1479/1639/1291 974/1022/882 576/590/525
f 1455/1602/1273 1429/1571/1251 1431/1573/1253
f 212/214/194 1081/1145/975 754/781/687
f 606/625/555 1036/1094/940 1507/1674/1315
f 1123/1194/1010 805/838/729 156/158/146
f 1508/1675/1316 917/1676/835 421/430/386
f 788/818/715 1368/1661/1094 1369/1677/1199
f 1509/1678/1317 1510/1679/1318 1511/1680/1319
f 1167/1249/1043 53/53/7 1106/1176/993
f 1105/1175/71 1267/1374/1124 1241/1338/711
f 164/1681/152 345/350/312 165/1682/153
f 938/983/854 139/141/130 705/727/643
f 251/253/226 1512/1683/1320 1048/1108/949
f 320/324/287 327/331/294 483/493/444
f 23/23/19 1513/1684/1321 837/873/760
f 1514/1685/1322 84/84/78 190/192/173
f 841/877/764 133/135/124 470/480/432
f 1515/1686/1323 963/1011/872 1516/1687/768
f 1469/1625/1284 1501/1666/1275 1024/1080/929
f 1326/1448/1143 1517/1688/1124 76/76/70
f 1276/1386/124 238/240/125 1280/1392/126
f 1518/1689/1324 1327/1449/1140 1442/1589/475
f 1043/1103/947 910/949/829 90/90/84
f 1312/1433/1156 1329/1451/1168 675/695/617
f 1131/1203/1016 870/907/791 524/536/480
f 724/1690/659 1507/1674/1315 558/572/507
f 1359/1489/1191 1496/1659/1306 869/906/790
f 1254/1356/1113 94/732/88 285/288/254
f 1519/1691/60 1423/1563/1108 1473/1630/1107
f 1318/1440/1161 477/487/438 1520/1692/1325
f 1521/1693/1326 415/424/380 1195/1283/1067
f 1444/1591/1264 1470/1627/1285 776/806/704
f 1046/1106/227 378/386/344 520/532/476
f 1522/1694/768 888/926/809 1104/1174/465
f 1042/1101/946 1181/1266/1054 1072/1136/967
f 99/99/93 1523/1695/1327 607/626/556
f 1030/1696/935 645/664/98 1255/1358/1114
f 1285/1401/353 1524/1697/1297 1232/1326/1095
f 1017/1072/922 1314/1435/1158 1238/1333/1100
f 1525/1698/432 713/737/431 1277/1387/764
f 313/317/280 823/859/746 1182/1267/1055
f 1450/1699/1268 1526/1700/1328 139/141/130
f 1527/1701/1329 1379/1513/1209 1481/1641/1293
f 462/472/424 442/452/406 1404/1541/1229
f 1029/1086/934 1483/1702/1294 1416/1703/1240
f 1016/1071/921 1364/1495/1195 1017/1072/922
f 1028/1085/933 245/247/222 1245/1344/1105
f 1485/1645/1296 1528/1704/60 1529/1705/1330
f 1449/1596/1267 872/909/793 657/676/599
f 1407/1544/1232 1530/1706/7 517/529/7
f 200/202/183 328/1707/295 1335/1458/1173
f 468/1708/430 254/256/229 706/728/644
f 1094/1163/985 1260/1366/1118 1522/1709/768
f 853/889/775 333/337/300 334/338/301
f 221/223/7 1531/1710/1331 1532/1711/7
f 876/913/797 1492/1655/1302 599/1394/548
f 85/85/79 646/665/589 86/86/80
f 816/851/739 1533/1712/1332 1534/1713/1333
f 1021/1076/926 1099/1168/990 1279/1391/1132
f 1535/1714/909 389/397/354 1536/1715/1334
f 1438/1584/1260 639/658/583 1320/1442/1162
f 324/328/291 1489/1651/1299 325/329/292
f 103/103/97 87/87/81 620/639/566
f 1537/1716/1335 930/1717/847 1538/1718/1336
f 292/295/260 1519/1691/60 242/244/219
f 1539/1719/1337 598/615/547 1513/1684/1321
f 986/1036/596 1398/1535/476 1465/1621/344
f 1540/1720/1338 1541/1721/1339 1330/1452/1169
f 1542/1722/60 1162/1243/220 1152/1233/219
f 412/421/377 1543/1723/1340 214/216/196
f 680/997/620 1544/1724/1341 950/996/862
f 1044/1104/948 1545/1725/7 168/1102/156
f 232/234/211 389/397/354 233/235/212
f 1236/1331/1098 894/932/814 1128/1726/811
f 850/886/772 53/53/7 52/52/47
f 528/540/484 940/985/856 96/96/90
f 1536/1715/1334 388/396/353 787/817/714
f 1407/1544/1232 771/1727/699 1408/1545/1233
f 1266/1373/1123 591/608/540 593/610/542
f 1346/1474/984 1518/1689/1324 1442/1589/475
f 486/496/447 697/1230/635 789/1314/716
f 1546/1728/1342 495/1729/455 967/1015/875
f 1161/1242/1039 519/531/475 1547/1730/1324
f 1548/1731/1343 1549/1732/1344 1459/1607/1276
f 1109/1733/996 1550/1734/1345 1190/1735/1063
f 225/227/205 954/1002/864 1551/1736/1346
f 1417/1557/1241 954/1002/864 956/1004/866
f 1133/1206/1017 314/318/281 1552/1737/1347
f 1553/1738/1348 49/1739/44 900/938/819
f 1235/1330/1097 1038/1740/942 1554/1741/1349
f 1074/1138/697 1555/1742/1350 1217/1308/684
f 416/425/381 1189/1275/1062 701/723/639
f 1120/1743/1007 840/1744/763 834/870/757
f 1409/1546/1234 1333/1456/1171 934/977/850
f 135/137/126 1535/1714/909 22/22/18
f 1540/1720/1338 1438/1745/1260 915/954/833
f 572/586/521 685/706/625 925/967/842
f 77/77/71 913/952/831 508/518/466
f 1556/1746/1351 217/219/199 1557/1747/1352
f 458/468/420 224/226/204 1558/1748/1353
f 581/595/530 417/426/382 275/278/248
f 1465/1621/344 847/883/769 293/296/261
f 1559/1749/1354 883/921/804 1432/1574/1254
f 1052/1112/952 901/940/820 1019/1074/924
f 529/541/485 95/95/89 678/698/619
f 966/1014/874 961/1009/871 1546/1728/1342
f 104/1750/98 553/567/99 619/638/99
f 1238/1333/1100 434/443/399 385/393/350
f 711/1751/649 1121/1192/1008 1142/1220/1026
f 162/164/151 820/1752/743 819/1316/742
f 945/991/860 1420/1560/1244 1560/1753/1355
f 1561/1754/7 950/996/862 440/450/7
f 515/526/472 543/555/497 1178/1263/472
f 1018/1073/923 1143/1221/1027 1013/1068/918
f 1534/1713/1333 1510/1679/1318 733/758/668
f 1562/1755/1356 438/448/403 1096/1165/987
f 1297/1416/1143 520/532/476 1291/1407/1140
f 1563/1756/7 1513/1757/1321 598/1758/547
f 1564/1759/1357 547/559/501 169/171/157
f 1565/1760/69 1045/1105/770 1047/1107/228
f 1490/1653/1300 442/1761/406 1566/1762/1358
f 905/944/824 1567/1763/1359 1384/1518/1214
f 1368/1500/1094 470/480/432 1568/1764/1360
f 572/586/521 443/453/407 686/707/626
f 1569/1765/1361 211/213/193 1026/1083/931
f 756/784/688 587/603/536 609/628/558
f 1570/1766/1362 1183/1269/1056 1116/1186/1003
f 1435/1581/1257 557/571/506 1424/1767/1246
f 1571/1768/689 1570/1766/1362 738/763/673
f 995/1048/7 228/230/208 227/229/207
f 901/940/820 1256/1361/1115 1253/1354/1112
f 943/989/858 1572/1769/1363 473/483/435
f 1573/1770/1364 1574/1771/1365 1070/1772/965
f 1111/1181/998 1169/1252/1045 731/756/666
f 73/313/67 604/623/553 1575/1773/1366
f 1517/1688/1124 914/953/832 784/814/711
f 868/905/789 867/904/788 53/53/7
f 1557/1747/1352 219/221/201 1576/1774/1367
f 1376/1508/1206 224/226/204 391/399/356
f 132/1775/123 928/970/845 1136/1211/1020
f 430/439/395 1577/1776/1368 1308/1429/1152
f 1311/1777/1155 639/658/583 1330/1778/1169
f 874/911/795 230/232/210 937/1779/853
f 1578/1780/1369 1579/1781/1165 832/868/755
f 612/1782/560 1580/1783/304 1011/1066/916
f 745/772/679 361/367/327 282/285/252
f 1339/1464/1175 1395/1532/1221 1340/1465/1176
f 1055/1115/7 1563/1756/7 1530/1706/7
f 1581/1784/767 886/924/807 888/926/809
f 1513/1757/1321 1336/1460/7 837/1461/760
f 682/703/622 801/834/727 1343/1468/1179
f 374/382/340 1582/1785/1370 375/383/341
f 1177/1262/856 1583/1786/1371 1571/1768/689
f 1026/1083/931 1187/1273/1060 1569/1765/1361
f 371/379/337 672/691/614 1033/1091/937
f 407/415/372 1584/1787/1372 683/704/623
f 223/225/203 1551/1736/1346 1155/1236/1034
f 1219/1310/1086 1259/1364/1117 436/446/401
f 1356/1486/1188 568/1788/517 1508/1675/1316
f 108/108/102 356/362/323 796/828/722
f 1209/1298/1079 732/757/667 580/594/529
f 463/473/425 1585/1789/1373 217/219/199
f 1582/1785/1370 1586/1790/745 1587/1791/7
f 1488/1648/1298 400/408/365 605/624/554
f 1293/1409/1142 989/1039/896 1274/1384/1130
f 1288/1404/1137 836/872/759 1256/1361/1115
f 248/250/99 619/1792/99 1588/1793/99
f 1375/1507/1205 67/1672/61 1321/1443/1163
f 1584/1787/1372 814/849/737 684/705/624
f 592/609/541 1589/1794/1374 1590/1795/1375
f 408/1796/373 777/807/705 1470/1627/1285
f 482/492/443 433/442/398 434/443/399
f 117/119/7 709/731/647 1561/1754/7
f 279/282/7 1393/1797/1219 1545/1725/7
f 1406/1543/1231 1366/1798/1197 1451/1598/1269
f 336/1799/303 1145/1224/579 154/156/144
f 1591/1800/218 1158/1239/917 1592/1801/916
f 269/272/243 1593/1802/305 1533/1712/1332
f 920/959/838 1243/1803/1103 860/897/781
f 1237/1332/1099 1562/1755/1356 894/932/814
f 1583/1786/1371 826/862/749 1478/1636/1290
f 417/426/382 1222/1313/1089 275/278/248
f 278/281/7 440/450/7 950/996/862
f 1245/1344/1105 194/196/177 316/320/283
f 573/587/522 1414/1554/1238 1594/1804/1376
f 1523/1695/1327 996/1049/902 983/1033/891
f 122/124/114 426/435/391 123/125/115
f 1293/1409/1142 1595/1805/652 1303/1422/1148
f 785/1089/712 1221/1312/1088 786/846/713
f 1545/1806/7 1564/1759/1357 168/170/156
f 1403/1807/1228 39/39/35 1370/1502/1200
f 635/654/580 1422/1562/1245 643/662/587
f 1430/1572/1252 318/322/285 484/494/445
f 1437/1583/1259 689/710/629 546/558/500
f 1365/1496/1196 1596/1808/1377 53/53/7
f 193/195/176 468/1708/430 706/728/644
f 625/644/7 1597/1809/1378 626/645/571
f 1192/1280/1065 542/554/472 1425/1566/1247
f 421/430/386 1001/1055/907 422/431/387
f 1389/1525/1126 1474/1631/1125 1517/1688/1124
f 923/1810/841 1500/1665/1310 324/328/291
f 574/588/523 1594/1804/1376 1029/1086/934
f 1471/1811/1286 324/328/291 1526/1700/1328
f 1156/1237/1035 1418/1558/1242 1436/1582/1258
f 1582/1785/1370 397/405/362 375/383/341
f 1598/1812/100 554/568/99 553/567/99
f 102/102/96 459/469/421 472/482/434
f 398/406/363 402/410/367 602/619/551
f 1167/1249/1043 820/856/743 868/905/789
f 679/699/217 232/234/211 134/136/125
f 1193/1281/60 855/1054/777 66/1813/60
f 85/85/79 1166/1248/100 1599/1814/1379
f 501/1815/461 262/264/237 410/418/375
f 567/581/516 1540/1720/1338 915/954/833
f 456/466/418 202/204/185 594/611/543
f 1405/1542/1230 681/702/621 1422/1562/1245
f 659/678/601 757/785/689 940/985/856
f 1594/1804/1376 1600/1816/1380 373/381/339
f 1601/1817/1381 694/716/7 1053/1113/7
f 1480/1640/1292 1499/1663/1309 667/686/609
f 1602/1818/1382 1603/1819/1383 1604/1820/1384
f 1605/1821/1385 1352/1576/1184 20/20/16
f 1606/1822/1386 1607/1823/811 1428/1570/1250
f 904/943/823 390/398/355 1567/1763/1359
f 1536/1715/1334 596/613/545 1539/1719/1337
f 538/550/493 1365/1496/1196 53/53/7
f 1608/1824/7 598/1758/547 597/1825/546
f 772/802/700 1609/1826/1387 773/803/701
f 482/492/443 893/931/813 1501/1666/1275
f 1457/1604/1275 491/501/451 1502/1667/1275
f 1333/1456/1171 1339/1464/1175 934/977/850
f 1147/1226/1029 102/102/96 1610/1827/1388
f 1408/1545/1233 1466/1828/1281 1406/1543/1231
f 325/329/292 555/569/504 661/680/603
f 1611/1829/1389 1612/1830/1390 852/888/774
f 1613/1831/1391 1614/1832/1392 1561/1754/7
f 914/953/832 1473/1630/1107 1439/1586/1261
f 1615/1833/100 477/487/438 476/486/99
f 1616/1834/1393 328/332/295 665/692/607
f 199/201/182 1156/1237/1035 1433/1575/1255
f 1575/1773/1366 606/625/555 724/1690/659
f 688/1835/628 1351/1480/1183 908/947/827
f 1063/1836/960 1617/1837/7 1062/1838/959
f 347/352/314 22/22/18 24/24/20
f 1527/1701/1329 667/686/609 1574/1771/1365
f 401/409/366 1266/1373/1123 601/618/550
f 1431/1573/1253 1559/1749/1354 1432/1574/1254
f 54/54/48 501/1815/461 1476/1633/1288
f 1311/1777/1155 329/333/296 369/377/335
f 1141/1219/1025 692/714/632 1032/1090/936
f 775/805/703 143/145/134 744/771/678
f 1361/1491/1192 1586/1790/745 374/382/340
f 5/5/5 584/600/533 1488/1648/1298
f 984/1034/892 1384/1518/1214 1146/1225/1028
f 953/1001/484 889/1839/483 423/432/388
f 917/1676/835 1413/1553/1237 421/430/386
f 1580/1783/304 753/780/686 578/592/527
f 1354/1484/1186 1508/1675/1316 420/429/385
f 956/1004/866 1377/1840/1207 1589/1794/1374
f 242/244/219 1472/1629/1038 243/245/220
f 995/1048/7 532/544/487 1618/1841/7
f 589/1842/538 1380/1514/1210 641/660/585
f 410/1843/375 1271/1378/1127 1023/1079/928
f 1352/1481/1184 1619/1844/1394 707/729/645
f 568/582/517 915/954/833 917/956/835
f 1450/1597/1268 258/260/233 1471/1628/1286
f 1427/1569/1249 1341/1466/1177 1606/1822/1386
f 1070/1772/965 1008/1062/914 1573/1770/1364
f 1620/1845/1395 1621/1846/1396 1454/1601/1272
f 1337/1462/808 507/517/465 1482/1642/809
f 1194/1282/1066 66/1813/60 68/1847/62
f 1395/1532/1221 1349/1512/1181 1340/1465/1176
f 572/586/521 1415/1848/1239 441/451/405
f 1146/1225/1028 1358/1488/1190 1147/1226/1029
f 1200/1288/1072 1003/1415/909 1284/1400/1134
f 97/97/91 1486/1646/1297 536/548/491
f 1503/1668/1311 956/1004/866 1589/1794/1374
f 1424/1849/1246 1544/1724/1341 1435/1850/1257
f 1609/1851/1387 1427/1569/1249 973/1021/881
f 1496/1659/1306 941/986/388 527/539/483
f 164/1852/152 1608/1824/7 597/1825/546
f 644/663/588 1403/1540/1228 808/841/378
f 171/173/159 771/801/699 333/1853/300
f 583/915/532 937/1779/853 183/1854/166
f 1540/1720/1338 761/789/692 760/788/691
f 899/1855/305 1463/1617/322 1580/1783/304
f 439/449/404 280/283/7 624/643/570
f 1481/1641/1293 668/1856/610 1138/1213/1022
f 758/1198/690 1385/1519/941 759/1547/673
f 1514/1685/1322 1166/1248/100 1622/1857/1397
f 388/396/353 1498/1662/1308 787/817/714
f 241/243/218 1325/1447/1039 1518/1689/1324
f 1378/1511/1208 885/923/806 729/753/664
f 1426/1567/1248 1354/1484/1186 420/429/385
f 1002/1056/908 1444/1591/1264 818/853/741
f 1568/1764/1360 133/135/124 346/351/313
f 1403/1807/1228 1372/1504/1202 808/1470/378
f 1012/1067/917 241/243/218 1518/1689/1324
f 1486/1646/1297 535/547/490 469/1858/431
f 1379/1513/1209 666/1859/608 1481/1641/1293
f 845/1860/767 1347/1475/1118 622/641/568
f 394/402/359 851/887/773 395/403/360
f 1430/1572/1252 1623/1861/1398 370/378/336
f 1624/1862/1399 805/838/729 314/318/281
f 1371/1503/1201 890/928/810 892/930/812
f 305/1863/272 1625/1864/1400 1626/1865/1401
f 1162/1243/220 1547/1730/1324 1591/1800/218
f 1627/1866/1402 575/589/524 577/591/526
f 1628/1867/1403 1440/1587/1262 1505/1670/1313
f 1589/1794/1374 1387/1868/1216 1590/1795/1375
f 1355/1485/1187 566/1869/515 1356/1486/1188
f 79/79/73 660/679/602 80/80/74
f 74/74/68 1575/1870/1366 723/747/658
f 92/92/86 280/283/7 279/282/7
f 1382/1516/1212 1319/1441/768 1629/1871/811
f 354/1872/321 427/436/392 698/720/636
f 1106/1176/993 637/656/581 1107/1177/994
f 1187/1273/1060 156/158/146 1624/1862/1399
f 1533/1712/1332 36/36/32 269/272/243
f 213/215/195 355/361/322 1078/1142/972
f 425/434/390 129/1244/120 1164/1246/1041
f 172/174/160 1495/1873/1305 1630/1874/1404
f 1286/1875/1135 1631/1876/7 1632/1877/7
f 269/272/243 1153/1234/1032 1633/1878/1405
f 965/1013/90 1571/1768/689 737/762/672
f 632/1879/577 1634/1880/7 1635/1881/1406
f 305/308/272 1636/1882/1407 1495/1883/1305
f 390/398/355 1194/1282/1066 1376/1508/1206
f 1630/1874/1404 151/153/141 1637/1884/1408
f 465/475/427 1206/1294/1076 1638/1885/1409
f 1228/1322/1091 1219/1310/1086 651/670/594
f 265/268/239 1639/1886/7 1635/1887/1406
f 541/1888/496 1631/1876/7 539/1889/494
f 1640/1890/1410 864/901/785 382/822/347
f 1105/1175/71 1047/1107/228 1269/1376/70
f 638/657/582 385/393/350 1090/1158/961
f 1273/1383/1129 1021/1076/926 1612/1830/1390
f 980/1891/888 1634/1880/7 978/1892/886
f 966/1014/874 1168/1250/1044 1111/1181/998
f 1268/1375/1125 1542/1722/60 1248/1347/1107
f 541/1888/496 1617/1837/7 1641/1893/7
f 1642/1894/1411 7/7/7 110/111/7
f 1104/1174/465 887/925/808 1565/1760/69
f 1643/1895/1412 802/835/305 804/837/305
f 1644/1896/1413 900/938/819 1115/1185/1002
f 1550/1734/1345 1275/1385/1131 1190/1735/1063
f 632/1897/577 1639/1886/7 1063/1836/960
f 911/950/830 1276/1386/124 912/951/313
f 1643/1895/1412 768/797/696 1645/1898/1414
f 1252/1352/1111 1646/1899/1415 435/444/400
f 1581/1900/767 1127/1199/1014 1129/1201/1015
f 632/1901/577 1200/1288/1072 978/1027/886
f 1112/1398/999 823/859/746 825/861/748
f 466/476/428 399/407/364 497/507/457
f 831/867/754 1647/1902/227 1648/1903/1416
f 1298/1417/527 1162/1243/220 1591/1800/218
f 1628/1867/1403 219/221/201 1088/1155/982
f 866/903/787 1644/1896/1413 1115/1185/1002
f 1113/1183/1000 1649/1904/1417 1569/1765/1361
f 1188/1274/1061 1119/1207/1006 711/735/649
f 1650/1905/1418 1625/1906/1400 305/1907/272
f 1062/1124/959 540/552/495 180/182/164
f 56/56/50 1/1/1 57/57/51
f 807/840/731 130/132/121 977/1026/885
f 181/183/18 1276/1386/124 1280/1392/126
f 1181/1266/1054 1185/1271/1058 1262/1369/1119
f 1647/1902/227 1645/1898/1414 1651/1908/1419
f 1611/1829/1389 854/890/776 1504/1669/1312
f 1652/1909/1232 1653/1910/7 561/575/510
f 1286/1875/1135 1654/1911/7 980/1891/888
f 824/860/747 130/132/121 132/134/123
f 1249/1348/1108 754/781/687 1080/1144/974
f 1637/1884/1408 172/174/160 1630/1874/1404
f 423/432/388 827/863/750 1177/1262/856
f 979/1028/887 1655/1912/1308 1656/1913/1420
f 1593/1802/305 1534/1713/1333 1533/1712/1332
f 952/999/89 965/1013/90 1657/1914/91
f 867/904/788 1492/1655/1302 53/53/7
f 1226/1320/284 1657/1914/91 1658/1915/491
f 437/447/402 1264/1371/1121 414/423/379
f 188/190/171 609/628/558 616/635/564
f 918/957/836 1214/1304/1083 1659/1916/1421
f 114/116/107 463/473/425 1556/1746/1351
f 1660/1917/1422 1661/1918/1423 863/900/784
f 1662/1919/1424 1274/1384/1130 1550/1734/1345
f 218/220/200 1504/1669/1312 1087/1154/981
f 351/356/318 1038/1740/942 1168/1250/1044
f 1037/1095/941 1570/1766/1362 1116/1186/1003
f 498/508/458 543/555/497 499/509/459
f 1218/1309/1085 1213/1303/378 1185/1271/1058
f 748/775/7 532/544/487 531/543/7
f 350/355/317 1235/1330/1097 1554/1741/1349
f 1142/1220/1026 1014/1069/919 1143/1221/1027
f 1663/1920/1425 769/798/697 768/797/696
f 1307/1428/7 720/744/656 722/746/7
f 265/268/239 662/681/604 266/269/240
f 1164/1246/1041 81/81/75 826/862/749
f 1263/1370/1120 1175/1259/1050 1186/1272/1059
f 1150/1921/560 1158/1239/917 946/1161/7
f 1638/1885/1409 1612/1830/1390 1664/1922/1426
f 1090/1158/961 384/392/349 1091/1159/961
f 172/174/160 1652/1909/1232 1661/1918/1423
f 228/230/208 748/775/7 267/270/241
f 465/475/427 1664/1922/1426 1585/1789/1373
f 1521/1693/1326 1197/1285/1069 1127/1199/1014
f 653/672/596 377/385/343 1521/1693/1326
f 412/1923/377 264/267/238 340/345/307
f 1232/1326/1095 713/737/431 1233/1327/433
f 1665/1924/1427 1666/1925/1428 1667/1926/7
f 143/145/134 362/368/328 744/771/678
f 1668/1927/1429 1213/1303/378 970/1018/878
f 1287/1403/1136 1655/1912/1308 1231/1325/1094
f 863/900/784 1652/1909/1232 560/574/509
f 1669/1928/1430 1670/1929/1126 1671/1930/1431
f 1236/1342/1098 1244/1343/1104 652/1931/595
f 887/925/808 1098/1167/989 1045/1105/770
f 1256/1361/1115 1211/1353/1081 1253/1354/1112
f 895/933/815 1096/1165/987 1098/1167/989
f 1016/1071/921 53/53/7 1596/1808/1377
f 1106/1176/993 53/53/7 1174/1257/1049
f 1227/1321/354 1658/1915/491 1285/1401/353
f 1672/1932/1432 1673/1933/1433 1660/1934/1422
f 337/342/304 1591/1800/218 1592/1801/916
f 980/1029/888 1656/1913/1420 1286/1402/1135
f 519/531/475 1260/1366/1118 1093/1162/984
f 928/1217/845 1078/1142/972 153/360/143
f 1662/1919/1424 1674/1935/653 1294/1410/915
f 196/790/179 207/209/190 857/1936/778
f 1121/1192/1008 878/1218/799 1014/1069/919
f 653/672/596 1127/1199/1014 1261/1367/568
f 338/343/305 1592/1801/916 1150/1921/560
f 749/776/682 983/1033/891 985/1035/893
f 1585/1789/1373 1611/1829/1389 218/220/200
f 445/455/409 1206/1294/1076 464/474/426
f 226/228/206 1239/1334/1101 141/143/132
f 987/1037/894 1662/1919/1424 1550/1734/1345
f 1231/1325/1094 1525/1698/432 911/950/830
f 1675/1937/1434 304/307/7 1532/1711/7
f 436/446/401 350/355/317 1676/1938/1229
f 1239/1334/1101 28/28/24 30/30/26
f 1242/1339/832 1248/1347/1107 1677/1939/1261
f 266/269/240 1205/1293/1075 29/29/25
f 1145/1224/579 1242/1339/832 1677/1939/1261
f 1387/1868/1216 1131/1203/1016 1590/1795/1375
f 559/1940/508 742/769/676 783/1941/710
f 1114/1184/1001 712/736/650 1211/1300/1081
f 215/217/197 559/1940/508 216/218/198
f 1128/1726/811 886/924/807 1129/1942/1015
f 1522/1709/768 1261/1367/568 1581/1900/767
f 1244/1343/1104 495/1729/455 652/1931/595
f 1275/1385/1131 1110/1180/997 1207/1295/1077
f 714/738/488 739/764/489 548/560/490
f 1067/1131/963 629/1943/574 587/603/536
f 587/603/536 1066/1944/962 588/604/537
f 1277/1387/764 239/241/216 1278/1388/765
f 1075/1139/969 270/273/244 1141/1219/1025
f 833/869/756 803/1945/728 831/867/754
f 283/286/253 113/115/106 115/117/108
f 1303/1422/1148 1674/1935/653 1302/1421/1147
f 1678/1946/1435 1645/1898/1414 768/797/696
f 1534/1713/1333 562/576/511 816/851/739
f 1103/1173/100 833/869/756 832/868/755
f 1638/1885/1409 1205/1293/1075 1273/1383/1129
f 1524/1697/1297 1657/1914/91 714/738/488
f 1679/1947/1436 1153/1234/1032 1216/1307/1084
f 713/737/431 550/562/502 1277/1387/764
f 1099/1948/990 1296/1413/7 172/174/160
f 176/178/100 1510/1679/1318 1680/1949/1437
f 951/998/863 571/585/520 570/584/519
f 1655/1912/1308 1285/1401/353 1232/1326/1095
f 36/36/32 128/130/119 270/273/244
f 582/596/531 1095/1164/986 1523/1695/1327
f 396/1950/361 1361/1491/1192 1483/1643/1294
f 1584/1787/1372 613/632/561 1627/1866/1402
f 658/677/600 930/1717/847 758/786/690
f 517/529/7 1563/1756/7 1608/1824/7
f 484/494/445 326/330/293 1623/1861/1398
f 1372/1504/1202 1441/1588/1263 1345/1471/1180
f 851/887/773 538/550/493 53/53/7
f 1345/1471/1180 753/780/686 1463/1617/322
f 1100/1170/991 226/228/206 141/143/132
f 1681/1951/100 1374/1506/1204 554/568/99
f 1347/1475/1118 1442/1589/475 1443/1590/477
f 749/776/682 1147/1226/1029 1610/1827/1388
f 1580/1783/304 241/243/218 1011/1066/916
f 327/1459/294 641/660/585 43/43/39
f 65/65/59 799/832/725 890/928/810
f 1504/1669/1312 372/380/338 1087/1154/981
f 1507/1674/1315 398/406/363 466/476/428
f 522/534/478 1319/1441/768 404/412/369
f 345/350/312 1332/1510/1170 165/1682/153
f 1456/1603/1274 11/11/9 929/972/846
f 8/8/7 1682/1952/1438 1683/1953/1439
f 1600/1816/1380 1416/1556/1240 1483/1643/1294
f 1100/1170/991 44/44/40 431/440/396
f 574/588/523 1416/1703/1240 1415/1848/1239
f 715/739/651 1574/1954/1365 666/1859/608
f 442/1761/406 39/39/35 1404/1955/1229
f 869/906/790 527/539/483 1411/1550/118
f 630/649/575 925/967/842 685/706/625
f 1485/1645/1296 1454/1601/1272 1453/1600/1271
f 1515/1686/1323 1374/1506/1204 963/1011/872
f 842/878/216 134/136/125 843/879/765
f 1684/1956/1440 1607/1823/811 884/922/805
f 1685/1957/1441 769/798/697 1686/1958/697
f 522/534/478 1310/1431/1154 475/485/437
f 676/696/618 1482/1642/809 845/881/767
f 1101/1959/992 184/186/167 1549/1732/1344
f 1044/1104/948 90/90/84 92/92/86
f 774/804/702 141/143/132 143/145/134
f 33/33/29 926/968/843 631/650/576
f 872/909/793 1538/1718/1336 657/676/599
f 1535/1714/909 1539/1719/1337 23/23/19
f 371/379/337 326/330/293 1616/1834/1393
f 1132/1960/985 1012/1067/917 1346/1474/984
f 1583/1786/1371 1073/1137/968 1570/1766/1362
f 1632/1877/7 1687/1961/7 1688/1962/7
f 1654/1911/7 1688/1962/7 1653/1910/7
f 1296/1413/7 1654/1911/7 1653/1910/7
f 1687/1961/7 1641/1893/7 1224/1318/7
f 1224/1318/7 1617/1837/7 127/129/7
f 1617/1837/7 531/543/7 127/129/7
f 1688/1962/7 1223/1317/1090 817/852/740
f 1653/1910/7 817/852/740 561/575/510
f 265/268/239 531/543/7 1639/1886/7
f 694/716/7 1331/1454/7 1689/1963/7
f 1041/1099/945 1690/1964/1442 1672/1932/1432
f 1601/1817/1381 1055/1115/7 1577/1776/1368
f 958/1006/868 1691/1965/1443 1493/1656/1303
f 1135/1209/1019 1692/1966/1444 380/388/345
f 1494/1657/1304 1693/1967/1445 1650/1905/1418
f 1053/1113/7 1689/1963/7 1336/1460/7
f 1577/1776/1368 1530/1706/7 1309/1430/1153
f 1673/1933/1433 1694/1968/1446 957/1005/867
f 1467/1623/1282 1695/1969/1447 1468/1624/1283
f 1696/1970/1448 1697/1971/1449 1134/1208/1018
f 381/389/346 1698/1972/1450 1040/1098/944
f 1380/1514/1210 1388/1524/7 642/661/586
f 1388/1524/7 1331/1454/7 693/715/7
f 1461/1611/1278 1699/1973/1451 1462/1612/1279
f 1700/1974/1452 1701/1975/1453 1702/1976/1454
f 1703/1977/1455 1704/1978/1456 1705/1979/1457
f 1706/1980/1458 1707/1981/1459 1708/1982/1460
f 1709/1983/1461 1710/1984/1462 1711/1985/1463
f 1086/1153/980 1712/1986/1464 1696/1970/1448
f 1367/1498/1198 1713/1987/1465 650/669/593
f 1714/1988/1466 1706/1980/1458 1708/1982/1460
f 1715/1989/1467 1702/1976/1454 1716/1990/1468
f 1717/1991/1469 1718/1992/1470 1719/1993/1471
f 1720/1994/1472 1721/1995/1473 1722/1996/1474
f 1723/1997/1475 1724/1998/1476 1725/1999/1477
f 1726/2000/1478 1721/1995/1473 1727/2001/1479
f 1728/2002/1480 1729/2003/1481 1730/2004/1482
f 1728/2002/1480 1725/1999/1477 1731/2005/1483
f 1726/2000/1478 1732/2006/1484 1733/2007/1485
f 1734/2008/1486 1729/2003/1481 1735/2009/1487
f 1733/2007/1485 1736/2010/1488 1737/2011/1489
f 1738/2012/1490 1735/2009/1487 1717/1991/1469
f 1737/2011/1489 1739/2013/1491 1740/2014/1492
f 1738/2012/1490 1719/1993/1471 1741/2015/1493
f 1740/2014/1492 1742/2016/1494 1743/2017/1495
f 1744/2018/1496 1719/1993/1471 1745/2019/1497
f 1746/2020/1498 1742/2021/1494 1747/2022/1499
f 1744/2018/1496 1748/2023/1500 1720/1994/1472
f 1749/2024/1501 1750/2025/1502 1751/2026/1503
f 1739/2013/1491 1752/2027/1504 1742/2016/1494
f 1719/1993/1471 1753/2028/1505 1745/2019/1497
f 1742/2021/1494 1754/2029/1506 1747/2022/1499
f 1745/2019/1497 1755/2030/1507 1748/2023/1500
f 1747/2022/1499 1756/2031/1508 1724/1998/1476
f 1748/2023/1500 1757/2032/1509 1721/1995/1473
f 1724/1998/1476 1758/2033/1510 1725/1999/1477
f 1721/1995/1473 1759/2034/1511 1727/2001/1479
f 1731/2005/1483 1760/2035/1512 1729/2003/1481
f 1725/1999/1477 1761/2036/1513 1731/2005/1483
f 1727/2001/1479 1762/2037/1514 1732/2006/1484
f 1729/2003/1481 1763/2038/1515 1735/2009/1487
f 1732/2006/1484 1764/2039/1516 1736/2010/1488
f 1735/2009/1487 1765/2040/1517 1717/1991/1469
f 1736/2010/1488 1766/2041/1518 1739/2013/1491
f 1767/2042/1519 1768/2043/1520 1769/2044/1521
f 1770/2045/1522 1771/2046/1523 1772/2047/1524
f 1773/2048/1525 1774/2049/1526 1775/2050/1527
f 1776/2051/1528 1769/2044/1521 1777/2052/1529
f 1778/2053/1530 1779/2054/1531 1780/2055/1532
f 1775/2050/1527 1781/2056/1533 1778/2053/1530
f 1776/2051/1528 1782/2057/1534 1783/2058/1535
f 1780/2055/1532 1784/2059/1536 1785/2060/1537
f 1786/2061/1538 1782/2057/1534 1787/2062/1539
f 1785/2060/1537 1788/2063/1540 1789/2064/1541
f 1786/2061/1538 1790/2065/1542 1791/2066/1543
f 1789/2064/1541 1792/2067/1544 1793/2068/1545
f 1794/2069/1546 1790/2070/1542 1795/2071/1547
f 1796/2072/1548 1792/2067/1544 1797/2073/1549
f 1794/2069/1546 1770/2045/1522 1798/2074/1550
f 1796/2072/1548 1768/2043/1520 1799/2075/1551
f 1798/2074/1550 1800/2076/1552 1773/2048/1525
f 1798/2074/1550 1756/2031/1508 1754/2029/1506
f 1753/2028/1505 1799/2075/1551 1755/2030/1507
f 1794/2069/1546 1754/2029/1506 1752/2077/1504
f 1718/1992/1470 1796/2072/1548 1753/2028/1505
f 1791/2078/1543 1752/2077/1504 1766/2079/1518
f 1789/2064/1541 1718/1992/1470 1765/2040/1517
f 1764/2039/1516 1791/2066/1543 1766/2041/1518
f 1785/2060/1537 1765/2040/1517 1763/2038/1515
f 1762/2037/1514 1786/2061/1538 1764/2039/1516
f 1780/2055/1532 1763/2038/1515 1760/2035/1512
f 1759/2034/1511 1783/2058/1535 1762/2037/1514
f 1775/2050/1527 1761/2036/1513 1758/2033/1510
f 1778/2053/1530 1760/2035/1512 1761/2036/1513
f 1757/2032/1509 1776/2051/1528 1759/2034/1511
f 1773/2048/1525 1758/2033/1510 1756/2031/1508
f 1755/2030/1507 1767/2042/1519 1757/2032/1509
f 1768/2043/1520 1801/2080/1553 1802/2081/1554
f 1800/2076/1552 1772/2047/1524 1803/2082/1555
f 1769/2044/1521 1802/2081/1554 1804/2083/1556
f 1774/2049/1526 1803/2082/1555 1805/2084/1557
f 1777/2052/1529 1804/2083/1556 1806/2085/1558
f 1781/2056/1533 1807/2086/1559 1779/2054/1531
f 1781/2056/1533 1805/2084/1557 1808/2087/1560
f 1777/2052/1529 1809/2088/1561 1782/2057/1534
f 1779/2054/1531 1810/2089/1562 1784/2059/1536
f 1782/2057/1534 1811/2090/1563 1787/2062/1539
f 1784/2059/1536 1812/2091/1564 1788/2063/1540
f 1787/2062/1539 1813/2092/1565 1790/2065/1542
f 1788/2063/1540 1814/2093/1566 1792/2067/1544
f 1790/2070/1542 1771/2046/1523 1795/2071/1547
f 1797/2073/1549 1814/2093/1566 1801/2080/1553
f 1815/2094/1567 1801/2080/1553 1814/2093/1566
f 1816/2095/1568 1771/2046/1523 1817/2096/1569
f 1818/2097/1570 1802/2081/1554 1801/2080/1553
f 1819/2098/1571 1772/2047/1524 1816/2095/1568
f 1820/2099/1572 1802/2081/1554 1821/2100/1573
f 1822/2101/1574 1803/2082/1555 1819/2098/1571
f 1820/2099/1572 1806/2085/1558 1804/2083/1556
f 1823/2102/1575 1805/2084/1557 1822/2101/1574
f 1824/2103/1576 1809/2088/1561 1806/2085/1558
f 1825/2104/1577 1810/2089/1562 1807/2086/1559
f 1826/2105/1578 1811/2090/1563 1809/2088/1561
f 1827/2106/1579 1810/2089/1562 1828/2107/1580
f 1829/2108/1581 1813/2092/1565 1811/2090/1563
f 1815/2094/1567 1812/2091/1564 1827/2106/1579
f 1817/2096/1569 1813/2109/1565 1830/2110/1582
f 1710/1984/1462 1831/2111/1583 1832/2112/1584
f 1833/2113/1585 1716/1990/1468 1834/2114/1586
f 648/667/591 1835/2115/1587 1085/1152/979
f 1701/1975/1453 1836/2116/1588 1714/1988/1466
f 993/1046/900 1837/2117/1589 994/1047/901
f 1626/1865/1401 1838/2118/1590 1839/2119/1591
f 1840/2120/1592 1711/1985/1463 1841/2121/1593
f 1842/2122/1594 1704/1978/1456 1843/2123/1595
f 1844/2124/697 1845/2125/1596 1846/2126/697
f 1847/2127/1597 1842/2128/1594 1707/1981/1459
f 1848/2129/99 1849/2130/1598 1850/2131/99
f 1851/2132/1599 1834/2114/1586 1852/2133/1600
f 1853/2134/1601 1854/2135/98 1855/2136/1601
f 1832/2112/1584 1856/2137/1602 1749/2024/1501
f 1857/2138/1603 1850/2131/99 1858/2139/1603
f 1859/2140/1604 1860/2141/1126 1861/2142/1604
f 1862/2143/100 1855/2136/1601 1863/2144/100
f 1864/2145/1605 1865/2146/1606 1700/1974/1452
f 1866/2147/1607 1704/2148/1456 1867/2149/1608
f 1868/2150/1609 1836/2116/1588 1865/2146/1606
f 1869/2151/1610 1847/2127/1597 1706/1980/1458
f 1870/2152/1611 1871/2153/1612 1872/2154/1613
f 1873/2155/1614 1700/1974/1452 1715/1989/1467
f 1874/2156/1615 1709/1983/1461 1875/2157/1616
f 1876/2158/1617 1715/1989/1467 1833/2113/1585
f 1703/1977/1455 1709/1983/1461 1840/2120/1592
f 1877/2159/1618 1867/2149/1608 1847/2127/1597
f 1874/2156/1615 1831/2111/1583 1878/2160/1619
f 1871/2153/1612 1750/2025/1502 1856/2137/1602
f 1869/2151/1610 1836/2116/1588 1879/2161/1620
f 1880/2162/1621 1851/2132/1599 1750/2025/1502
f 1872/2154/1613 1856/2137/1602 1831/2111/1583
f 1881/2163/1622 1833/2113/1585 1851/2132/1599
f 1751/2026/1503 1851/2132/1599 1852/2133/1600
f 1843/2123/1595 1840/2120/1592 1841/2121/1593
f 1882/2164/1623 1875/2157/1616 1703/1977/1455
f 1876/2158/1617 1883/2165/1624 1873/2155/1614
f 1884/2166/1625 1880/2162/1621 1871/2153/1612
f 1885/2167/1626 1881/2163/1622 1880/2162/1621
f 1886/2168/1627 1705/2169/1457 1866/2147/1607
f 1868/2150/1609 1887/2170/1628 1879/2161/1620
f 1879/2161/1620 1888/2171/1629 1869/2151/1610
f 1889/2172/1630 1869/2151/1610 1888/2171/1629
f 1890/2173/1631 1874/2156/1615 1875/2157/1616
f 1891/2174/1632 1703/1977/1455 1705/1979/1457
f 1892/2175/1633 1872/2154/1613 1874/2156/1615
f 1864/2145/1605 1893/2176/1634 1868/2150/1609
f 1894/2177/1635 1895/2178/1636 1883/2165/1624
f 1896/2179/1637 1876/2158/1617 1881/2163/1622
f 1873/2155/1614 1895/2178/1636 1864/2145/1605
f 1877/2159/1618 1886/2168/1627 1866/2147/1607
f 1897/2180/1638 1898/2181/1639 1899/2182/1640
f 1900/2183/1641 1899/2182/1640 1901/2184/1642
f 1902/2185/1643 1903/2186/1644 1904/2187/1645
f 1905/2188/1646 1906/2189/1647 1894/2177/1635
f 1907/2190/1648 1904/2187/1645 1908/2191/1649
f 1909/2192/1650 1908/2191/1649 1910/2193/1651
f 1911/2194/1652 1910/2195/1651 1912/2196/1653
f 1913/2197/1654 1912/2196/1653 1898/2181/1639
f 1870/2152/1611 1914/2198/1655 1884/2166/1625
f 1884/2166/1625 1915/2199/1656 1885/2167/1626
f 1915/2199/1656 1896/2179/1637 1885/2167/1626
f 1889/2172/1630 1899/2182/1640 1898/2181/1639
f 1912/2196/1653 1891/2200/1632 1886/2168/1627
f 1906/2189/1647 1893/2176/1634 1895/2178/1636
f 1916/2201/1657 1917/2202/1658 1896/2179/1637
f 1889/2172/1630 1912/2196/1653 1886/2168/1627
f 1887/2170/1628 1899/2182/1640 1888/2171/1629
f 1893/2176/1634 1901/2184/1642 1887/2170/1628
f 1918/2203/1659 1916/2201/1657 1915/2199/1656
f 1919/2204/1660 1920/2205/1661 1916/2201/1657
f 1921/2206/1662 1894/2177/1635 1920/2205/1661
f 1922/2207/1663 1923/2208/1664 1906/2189/1647
f 1924/2209/1665 1901/2184/1642 1923/2208/1664
f 1925/2210/1666 1926/2211/1667 1903/2186/1644
f 1927/2212/1668 1914/2198/1655 1926/2211/1667
f 1928/2213/1669 1915/2199/1656 1914/2198/1655
f 1892/2175/1633 1926/2211/1667 1870/2152/1611
f 1927/2212/1668 1929/2214/1670 1928/2213/1669
f 1904/2187/1645 1892/2175/1633 1890/2173/1631
f 1930/2215/1671 1897/2180/1638 1900/2183/1641
f 1931/2216/1672 1921/2206/1662 1919/2204/1660
f 1925/2210/1666 1932/2217/1673 1927/2212/1668
f 1933/2218/1674 1909/2219/1650 1911/2194/1652
f 1934/2220/1675 1900/2183/1641 1924/2209/1665
f 1918/2203/1659 1931/2216/1672 1919/2204/1660
f 1920/2205/1661 1883/2165/1624 1917/2202/1658
f 1935/2221/1676 1924/2209/1665 1922/2207/1663
f 1913/2197/1654 1933/2218/1674 1911/2194/1652
f 1910/2193/1651 1882/2164/1623 1891/2174/1632
f 1929/2214/1670 1918/2203/1659 1928/2213/1669
f 1908/2191/1649 1890/2173/1631 1882/2164/1623
f 1936/2222/1677 1913/2197/1654 1897/2180/1638
f 1907/2190/1648 1937/2223/1678 1902/2185/1643
f 1938/2224/1679 1936/2222/1677 1939/2225/1680
f 1921/2206/1662 1940/2226/1681 1905/2188/1646
f 1941/2227/1682 1929/2214/1670 1932/2217/1673
f 1909/2192/1650 1942/2228/1683 1907/2190/1648
f 1939/2225/1680 1930/2215/1671 1943/2229/1684
f 1944/2230/1685 1931/2216/1672 1945/2231/1686
f 1941/2227/1682 1946/2232/1687 1947/2233/1688
f 1948/2234/1689 1933/2235/1674 1949/2236/1690
f 1947/2233/1688 1937/2223/1678 1950/2237/1691
f 1945/2231/1686 1951/2238/1692 1952/2239/1693
f 1902/2185/1643 1946/2232/1687 1925/2210/1666
f 1953/2240/1694 1930/2215/1671 1934/2220/1675
f 1938/2241/1679 1933/2235/1674 1954/2242/1695
f 1940/2226/1681 1922/2207/1663 1905/2188/1646
f 1952/2239/1693 1929/2214/1670 1955/2243/1696
f 1956/2244/1697 1940/2226/1681 1957/2245/1698
f 1956/2244/1697 1934/2220/1675 1935/2221/1676
f 1958/2246/1699 1937/2223/1678 1942/2228/1683
f 1944/2230/1685 1940/2226/1681 1959/2247/1700
f 1958/2246/1699 1960/2248/1701 1948/2234/1689
f 1961/2249/472 1962/2250/1702 1963/2251/472
f 1964/2252/1703 1846/2126/697 1965/2253/1703
f 1966/2254/98 1861/2255/1604 1854/2135/98
f 1967/2256/1598 1863/2144/100 1849/2130/1598
f 1968/2257/684 1964/2252/1703 1965/2253/1703
f 1969/2258/7 1858/2139/1603 1970/2259/7
f 1845/2125/1596 1969/2258/7 1970/2259/7
f 1971/2260/1704 1963/2251/472 1972/2261/1704
f 1973/2262/1702 1968/2257/684 1962/2250/1702
f 1974/2263/1126 1972/2261/1704 1860/2141/1126
f 1975/2264/1598 1848/2129/99 1976/2265/99
f 1977/2266/1702 1961/2249/472 1978/2267/472
f 1979/2268/98 1853/2134/1601 1980/2269/1601
f 1981/2270/697 1964/2252/1703 1982/2271/1703
f 1976/2265/99 1857/2138/1603 1983/2272/1603
f 1979/2268/98 1859/2273/1604 1966/2254/98
f 1984/2274/1126 1859/2140/1604 1985/2275/1604
f 1986/2276/100 1967/2256/1598 1975/2264/1598
f 1980/2269/1601 1862/2143/100 1986/2276/100
f 1987/2277/1596 1844/2124/697 1981/2270/697
f 1988/2278/684 1964/2252/1703 1989/2279/684
f 1988/2278/684 1973/2262/1702 1977/2266/1702
f 1990/2280/1704 1974/2263/1126 1984/2274/1126
f 1978/2267/472 1971/2260/1704 1990/2280/1704
f 1987/2277/1596 1969/2258/7 1991/2281/1596
f 1983/2272/1603 1969/2258/7 1992/2282/7
f 1744/2283/1496 1993/2284/7 1741/2285/1493
f 1994/2286/1603 1992/2282/7 1993/2284/7
f 1738/2287/1490 1993/2284/7 1995/2288/1596
f 1995/2288/1596 1992/2282/7 1987/2277/1596
f 1996/2289/1705 1997/2290/1704 1746/2291/1498
f 1998/2292/472 1990/2280/1704 1997/2290/1704
f 1746/2291/1498 1999/2293/1126 1743/2294/1495
f 1997/2290/1704 1984/2274/1126 1999/2293/1126
f 1728/2295/1480 2000/2296/1702 1723/2297/1475
f 2001/2298/684 1977/2299/1702 2000/2296/1702
f 1730/2300/1482 2001/2298/684 1728/2295/1480
f 2001/2298/684 1982/2271/1703 1988/2278/684
f 1738/2287/1490 2002/2301/697 1734/2302/1486
f 1995/2288/1596 1981/2270/697 2002/2301/697
f 1733/2303/1485 2003/2304/100 1726/2305/1478
f 2004/2306/1601 1986/2276/100 2003/2304/100
f 1726/2305/1478 2005/2307/1598 1722/2308/1474
f 2003/2304/100 1975/2264/1598 2005/2307/1598
f 1743/2294/1495 2006/2309/1604 1740/2310/1492
f 1999/2293/1126 1985/2275/1604 2006/2309/1604
f 1737/2311/1489 2006/2312/1604 2007/2313/98
f 2007/2313/98 1985/2314/1604 1979/2268/98
f 1720/2315/1472 1994/2286/1603 1744/2283/1496
f 2008/2316/99 1983/2272/1603 1994/2286/1603
f 1734/2302/1486 2009/2317/1703 1730/2300/1482
f 2002/2301/697 1982/2271/1703 2009/2317/1703
f 1737/2311/1489 2004/2306/1601 1733/2303/1485
f 2007/2313/98 1980/2269/1601 2004/2306/1601
f 1996/2318/1705 2000/2296/1702 1998/2319/472
f 1998/2292/472 1977/2266/1702 1978/2267/472
f 1720/2315/1472 2005/2307/1598 2008/2316/99
f 2008/2316/99 1975/2264/1598 1976/2265/99
f 2010/2320/1126 1707/2321/1459 1842/2322/1594
f 1860/2141/1126 2011/2323/1704 2010/2320/1126
f 2012/2324/1702 1701/2325/1453 1714/2326/1466
f 1962/2250/1702 2013/2327/684 2012/2324/1702
f 2011/2323/1704 1708/2328/1460 1707/2321/1459
f 1972/2261/1704 2014/2329/472 2011/2323/1704
f 1834/2330/1586 2015/2331/7 1852/2332/1600
f 2016/2333/1596 1970/2259/7 2015/2331/7
f 2015/2331/7 1751/2334/1503 1852/2332/1600
f 1970/2259/7 2017/2335/1603 2015/2331/7
f 1701/2325/1453 2018/2336/1703 1702/2337/1454
f 2013/2327/684 1965/2253/1703 2018/2336/1703
f 2019/2338/1598 1710/2339/1462 1832/2340/1584
f 1849/2130/1598 2020/2341/100 2019/2338/1598
f 1841/2342/1593 2021/2343/1604 1843/2344/1595
f 2022/2345/98 1861/2255/1604 2021/2343/1604
f 2018/2336/1703 1716/2346/1468 1702/2337/1454
f 1965/2253/1703 2023/2347/697 2018/2336/1703
f 1708/2328/1460 2012/2324/1702 1714/2326/1466
f 2014/2329/472 1962/2250/1702 2012/2324/1702
f 2020/2341/100 1711/2348/1463 1710/2349/1462
f 1863/2144/100 2024/2350/1601 2020/2341/100
f 2021/2351/1604 1842/2322/1594 1843/2352/1595
f 1861/2142/1604 2010/2320/1126 2021/2351/1604
f 2017/2335/1603 1749/2353/1501 1751/2334/1503
f 1858/2139/1603 2025/2354/99 2017/2335/1603
f 2024/2350/1601 1841/2342/1593 1711/2348/1463
f 1855/2136/1601 2022/2345/98 2024/2350/1601
f 1749/2353/1501 2019/2338/1598 1832/2340/1584
f 2025/2354/99 1849/2130/1598 2019/2338/1598
f 2023/2347/697 1834/2330/1586 1716/2346/1468
f 1846/2126/697 2016/2333/1596 2023/2347/697
f 2026/2355/1706 2027/2356/1707 2028/2357/1708
f 2029/2358/1709 2030/2359/1710 2031/2360/1711
f 2032/2361/1712 2033/2362/1713 2034/2363/1714
f 2026/2355/1706 2035/2364/1715 2036/2365/7
f 2037/2366/1716 2038/2367/1717 2039/2368/1718
f 2040/2369/1719 2041/2370/1720 2042/2371/1721
f 2043/2372/1722 2044/2373/1723 2045/2374/1724
f 2046/2375/1725 2047/2376/1726 2048/2377/1727
f 2049/2378/1728 2026/2355/1706 2036/2365/7
f 2035/2364/1715 2037/2379/1716 2036/2365/7
f 2050/2380/1729 2032/2361/1712 2036/2365/7
f 2046/2375/1725 2050/2380/1729 2036/2365/7
f 2051/2381/1730 2046/2375/1725 2036/2365/7
f 2052/2382/1731 2051/2381/1730 2036/2365/7
f 2053/2383/1732 2052/2382/1731 2036/2365/7
f 2037/2379/1716 2053/2383/1732 2036/2365/7
f 2051/2381/1730 2054/2384/1733 2047/2376/1726
f 2055/2385/1734 2056/2386/1735 2057/2387/1736
f 2058/2388/1737 2059/2389/1738 2056/2386/1735
f 2060/2390/1739 2061/2391/1740 2062/2392/1741
f 2063/2393/1742 2064/2394/1743 2065/2395/1744
f 2066/2396/1745 2063/2393/1742 2065/2395/1744
f 2067/2397/1746 2068/2398/1747 2066/2396/1745
f 2069/2399/1748 2070/2400/1749 2064/2394/1743
f 1824/2103/1576 2056/2401/1735 1826/2105/1578
f 2071/2402/1750 2072/2403/1751 2073/2404/1752
f 2074/2405/1753 2071/2402/1750 2073/2404/1752
f 2075/2406/1754 2076/2407/1755 2077/2408/1756
f 2076/2409/1755 2078/2410/1757 2077/2411/1756
f 2059/2389/1738 2079/2412/1758 2075/2406/1754
f 2080/2413/1759 2067/2397/1746 2078/2410/1757
f 2081/2414/1760 2060/2415/1739 2072/2403/1751
f 2070/2400/1749 2082/2416/1761 2074/2405/1753
f 2083/2417/1762 2084/2418/1763 2085/2419/1764
f 2086/2420/1765 2087/2421/1766 2088/2422/1767
f 2087/2421/1766 2089/2423/1768 2088/2422/1767
f 2090/2424/1769 2091/2425/1770 2092/2426/1771
f 2093/2427/1772 2086/2420/1765 2094/2428/1773
f 2095/2429/1774 2091/2425/1770 2096/2430/1775
f 2097/2431/1776 2093/2432/1772 2094/2433/1773
f 2098/2434/1777 2099/2435/1778 2095/2429/1774
f 2100/2436/1779 2097/2431/1776 2101/2437/1780
f 2098/2434/1777 2102/2438/1781 2103/2439/1782
f 2104/2440/1783 2100/2436/1779 2101/2437/1780
f 2105/2441/1784 2102/2438/1781 2106/2442/1785
f 2107/2443/1786 2104/2440/1783 2108/2444/1787
f 2109/2445/1788 2110/2446/1789 2111/2447/1790
f 2110/2446/1789 2108/2444/1787 2111/2447/1790
f 2112/2448/1791 2113/2449/1792 2105/2441/1784
f 2080/2413/1759 2114/2450/1793 2109/2445/1788
f 2112/2448/1791 2115/2451/1794 2116/2452/1795
f 2076/2409/1755 2117/2453/1796 2080/2413/1759
f 2118/2454/1797 2082/2416/1761 2115/2451/1794
f 2079/2412/1758 2119/2455/1798 2076/2407/1755
f 2120/2456/1799 2082/2416/1761 2121/2457/1800
f 2122/2458/1801 2123/2459/1802 2079/2412/1758
f 2124/2460/1803 2071/2402/1750 2120/2456/1799
f 2125/2461/1804 2122/2458/1801 2126/2462/1805
f 2127/2463/1806 2081/2464/1760 2124/2465/1803
f 2083/2417/1762 2092/2426/1771 2128/2466/1807
f 2129/2467/1808 2126/2462/1805 2130/2468/1809
f 2131/2469/1810 2132/2470/1811 2127/2463/1806
f 2133/2471/1812 2134/2472/1813 2131/2469/1810
f 2062/2392/1741 2055/2385/1734 2057/2387/1736
f 2135/2473/1814 2089/2423/1768 2130/2468/1809
f 2135/2473/1814 2136/2474/1815 2137/2475/1816
f 2138/2476/1817 2136/2474/1815 2139/2477/100
f 2140/2478/1818 2141/2479/1819 2138/2476/1817
f 2089/2423/1768 2142/2480/1820 2088/2422/1767
f 2136/2474/1815 2142/2480/1820 2137/2475/1816
f 2136/2474/1815 2143/2481/1821 2144/2482/1822
f 2084/2418/1763 2143/2481/1821 2141/2479/1819
f 2145/2483/1823 2143/2481/1821 2128/2466/1807
f 2142/2480/1820 2146/2484/1824 2088/2422/1767
f 2089/2423/1768 2129/2467/1808 2130/2468/1809
f 2147/2485/1825 2148/2486/1826 2149/2487/1827
f 2150/2488/1828 2099/2435/1778 2103/2439/1782
f 2151/2489/1829 2091/2425/1770 2099/2435/1778
f 2152/2490/1830 2094/2428/1773 2086/2420/1765
f 2153/2491/1831 2144/2482/1822 2143/2481/1821
f 2091/2425/1770 2154/2492/1832 2092/2426/1771
f 2155/2493/1833 2147/2485/1825 2156/2494/1834
f 2157/2495/1835 2156/2494/1834 2101/2437/1780
f 2149/2487/1827 2150/2488/1828 2103/2439/1782
f 2092/2426/1771 2145/2483/1823 2128/2466/1807
f 2146/2484/1824 2086/2420/1765 2088/2422/1767
f 2094/2433/1773 2158/2496/1836 2097/2431/1776
f 2097/2431/1776 2157/2495/1835 2101/2437/1780
f 2156/2494/1834 2104/2440/1783 2101/2437/1780
f 2156/2494/1834 2159/2497/1837 2160/2498/1838
f 2149/2487/1827 2159/2497/1837 2147/2485/1825
f 2149/2487/1827 2102/2438/1781 2161/2499/1839
f 2160/2498/1838 2108/2444/1787 2104/2440/1783
f 2159/2497/1837 2162/2500/1840 2160/2498/1838
f 2161/2499/1839 2163/2501/684 2159/2497/1837
f 2102/2438/1781 2164/2502/1841 2161/2499/1839
f 2162/2500/1840 2111/2447/1790 2108/2444/1787
f 2163/2501/684 2165/2503/1842 2162/2500/1840
f 2163/2501/684 2166/2504/1843 2167/2505/1844
f 2164/2502/1841 2116/2452/1795 2166/2504/1843
f 2165/2503/1842 2109/2445/1788 2111/2447/1790
f 2165/2503/1842 2063/2393/1742 2068/2398/1747
f 2166/2504/1843 2063/2393/1742 2167/2505/1844
f 2116/2452/1795 2069/2399/1748 2166/2504/1843
f 2058/2388/1737 2126/2462/1805 2122/2458/1801
f 2055/2385/1734 2168/2506/1845 2058/2388/1737
f 2061/2391/1740 2169/2507/1846 2055/2385/1734
f 2061/2391/1740 2134/2472/1813 2170/2508/1847
f 2168/2506/1845 2130/2468/1809 2126/2462/1805
f 2168/2506/1845 2139/2477/100 2135/2473/1814
f 2170/2508/1847 2139/2477/100 2169/2507/1846
f 2134/2472/1813 2138/2476/1817 2170/2508/1847
f 2133/2471/1812 2084/2418/1763 2140/2478/1818
f 2171/2509/1848 2172/2510/1849 2173/2511/1850
f 2062/2512/1741 1824/2103/1576 1820/2099/1572
f 2070/2400/1749 1827/2106/1579 1828/2107/1580
f 2072/2403/1751 1821/2100/1573 1818/2097/1570
f 2078/2410/1757 1819/2098/1571 1816/2095/1568
f 2059/2513/1738 1830/2514/1582 1829/2108/1581
f 1817/2096/1569 2078/2410/1757 1816/2095/1568
f 1830/2110/1582 2077/2411/1756 1817/2096/1569
f 2074/2405/1753 1815/2094/1567 1827/2106/1579
f 2073/2404/1752 1818/2097/1570 1815/2094/1567
f 2064/2394/1743 1828/2107/1580 1825/2104/1577
f 1819/2098/1571 2066/2396/1745 1822/2101/1574
f 2066/2396/1745 1823/2102/1575 1822/2101/1574
f 1823/2102/1575 2064/2394/1743 1825/2104/1577
f 2060/2415/1739 1820/2099/1572 1821/2100/1573
f 2056/2401/1735 1829/2108/1581 1826/2105/1578
f 2100/2515/1779 2174/2516/1851 2175/2517/1852
f 2176/2518/1853 2177/2519/1854 2123/2459/1802
f 2100/2515/1779 2178/2520/1855 2179/2521/1856
f 2125/2461/1804 2180/2522/1857 2176/2518/1853
f 2107/2523/1786 2178/2520/1855 2181/2524/1858
f 2129/2467/1808 2182/2525/1859 2183/2526/1860
f 2129/2467/1808 2184/2527/1861 2125/2461/1804
f 2110/2528/1789 2185/2529/1862 2107/2523/1786
f 2087/2421/1766 2182/2525/1859 2186/2530/1863
f 2110/2528/1789 2187/2531/1864 2188/2532/1865
f 2087/2421/1766 2189/2533/1866 2190/2534/1867
f 2117/2535/1796 2187/2531/1864 2114/2536/1793
f 2093/2427/1772 2189/2533/1866 2191/2537/1868
f 2119/2455/1798 2192/2538/1869 2117/2535/1796
f 2093/2539/1772 2174/2516/1851 2193/2540/1870
f 2119/2455/1798 2177/2519/1854 2194/2541/1871
f 2182/2525/1859 2195/2542/1872 2183/2526/1860
f 2196/2543/1873 2188/2532/1865 2187/2531/1864
f 2197/2544/1874 2190/2534/1867 2189/2533/1866
f 2192/2538/1869 2196/2543/1873 2187/2531/1864
f 2198/2545/1875 2189/2533/1866 2193/2546/1870
f 2199/2547/1876 2192/2538/1869 2194/2541/1871
f 2174/2516/1851 2198/2548/1875 2193/2540/1870
f 2200/2549/1877 2194/2541/1871 2177/2519/1854
f 2201/2550/1878 2174/2516/1851 2179/2521/1856
f 2180/2522/1857 2200/2549/1877 2177/2519/1854
f 2178/2520/1855 2201/2550/1878 2179/2521/1856
f 2184/2527/1861 2202/2551/1879 2180/2522/1857
f 2203/2552/1880 2178/2520/1855 2185/2529/1862
f 2183/2526/1860 2204/2553/1881 2184/2527/1861
f 2205/2554/1882 2185/2529/1862 2188/2532/1865
f 2206/2555/1883 2182/2525/1859 2190/2534/1867
f 2207/2556/1884 2208/2557/1885 2209/2558/1886
f 2210/2559/1887 2211/2560/1888 2212/2561/1889
f 2213/2562/1890 2214/2563/1891 2207/2556/1884
f 2215/2564/1892 2216/2565/1893 2211/2560/1888
f 2217/2566/1894 2218/2567/1895 2219/2568/1896
f 2219/2568/1896 2220/2569/1897 2213/2562/1890
f 2221/2570/1898 2222/2571/1899 2216/2565/1893
f 2217/2566/1894 2223/2572/1900 2224/2573/1901
f 2225/2574/1902 2226/2575/1903 2222/2571/1899
f 2227/2576/1904 2223/2572/1900 2228/2577/1905
f 2229/2578/1906 2226/2575/1903 2230/2579/1907
f 2227/2576/1904 2231/2580/1908 2232/2581/1909
f 2229/2578/1906 2233/2582/1910 2234/2583/1911
f 2235/2584/1912 2231/2585/1908 2236/2586/1913
f 2209/2558/1886 2233/2582/1910 2237/2587/1914
f 2210/2559/1887 2238/2588/1915 2235/2584/1912
f 2201/2550/1878 2235/2584/1912 2239/2589/1916
f 2199/2547/1876 2209/2558/1886 2237/2587/1914
f 2198/2548/1875 2235/2584/1912 2236/2586/1913
f 2199/2547/1876 2229/2578/1906 2240/2590/1917
f 2198/2545/1875 2227/2576/1904 2197/2544/1874
f 2196/2543/1873 2229/2578/1906 2230/2579/1907
f 2206/2555/1883 2227/2576/1904 2228/2577/1905
f 2205/2554/1882 2230/2579/1907 2225/2574/1902
f 2241/2591/1918 2228/2577/1905 2217/2566/1894
f 2203/2552/1880 2225/2574/1902 2221/2570/1898
f 2204/2553/1881 2219/2568/1896 2213/2562/1890
f 2195/2542/1872 2217/2566/1894 2219/2568/1896
f 2203/2552/1880 2215/2564/1892 2242/2592/1919
f 2204/2553/1881 2207/2556/1884 2202/2551/1879
f 2242/2592/1919 2210/2559/1887 2201/2550/1878
f 2202/2551/1879 2209/2558/1886 2200/2549/1877
f 2243/2593/1920 2244/2594/1921 2245/2595/1922
f 2246/2596/1923 2247/2597/1924 2248/2598/1925
f 2249/2599/1926 2244/2600/1921 2250/2601/1927
f 2246/2596/1923 2251/2602/1928 2252/2603/1929
f 2249/2599/1926 2253/2604/1930 2254/2605/1931
f 2255/2606/1932 2251/2602/1928 2256/2607/1933
f 2257/2608/1934 2258/2609/1935 2253/2604/1930
f 2259/2610/1936 2260/2611/1937 2255/2606/1932
f 2261/2612/1938 2262/2613/1939 2258/2609/1935
f 2263/2614/1940 2264/2615/1941 2265/2616/1942
f 2265/2616/1942 2266/2617/1943 2259/2610/1936
f 2267/2618/1944 2262/2613/1939 2268/2619/1945
f 2263/2614/1940 2269/2620/1946 2270/2621/1947
f 2267/2618/1944 2271/2622/1948 2272/2623/1949
f 2243/2593/1920 2269/2620/1946 2273/2624/1950
f 2248/2598/1925 2271/2622/1948 2274/2625/1951
f 2234/2583/1911 2274/2625/1951 2226/2575/1903
f 2232/2581/1909 2273/2624/1950 2223/2572/1900
f 2226/2575/1903 2267/2618/1944 2222/2571/1899
f 2224/2573/1901 2273/2624/1950 2263/2614/1940
f 2222/2571/1899 2268/2619/1945 2216/2565/1893
f 2218/2567/1895 2259/2610/1936 2220/2569/1897
f 2218/2567/1895 2263/2614/1940 2265/2616/1942
f 2216/2565/1893 2261/2612/1938 2211/2560/1888
f 2220/2569/1897 2255/2606/1932 2214/2563/1891
f 2212/2561/1889 2261/2612/1938 2257/2608/1934
f 2214/2563/1891 2256/2607/1933 2208/2557/1885
f 2238/2588/1915 2257/2608/1934 2249/2599/1926
f 2208/2557/1885 2246/2596/1923 2233/2582/1910
f 2238/2588/1915 2250/2601/1927 2231/2585/1908
f 2234/2583/1911 2246/2596/1923 2248/2598/1925
f 2231/2580/1908 2243/2593/1920 2232/2581/1909
f 2275/2626/1952 2276/2627/1953 2277/2628/1954
f 2278/2629/1955 2279/2630/1956 2280/2631/1957
f 2281/2632/1958 2276/2627/1953 2282/2633/1959
f 2283/2634/1960 2284/2635/1961 2278/2629/1955
f 2285/2636/1962 2286/2637/1963 2287/2638/1964
f 2285/2636/1962 2288/2639/1965 2281/2632/1958
f 2283/2634/1960 2289/2640/1966 2290/2641/1967
f 2291/2642/1968 2292/2643/1969 2286/2637/1963
f 2293/2644/1970 2294/2645/1971 2289/2640/1966
f 2295/2646/1972 2296/2647/1973 2292/2643/1969
f 2297/2648/1974 2298/2649/1975 2294/2645/1971
f 2299/2650/1976 2300/2651/1977 2296/2647/1973
f 2301/2652/1978 2298/2649/1975 2302/2653/1979
f 2303/2654/1980 2300/2655/1977 2304/2656/1981
f 2301/2652/1978 2277/2628/1954 2305/2657/1982
f 2280/2631/1957 2306/2658/1983 2303/2654/1980
f 2307/2659/1984 2289/2640/1966 2294/2645/1971
f 2308/2660/1985 2292/2643/1969 2296/2647/1973
f 2298/2649/1975 2307/2659/1984 2294/2645/1971
f 2309/2661/1986 2296/2647/1973 2300/2651/1977
f 2310/2662/1987 2298/2649/1975 2305/2657/1982
f 2311/2663/1988 2300/2655/1977 2306/2658/1983
f 2312/2664/1989 2305/2657/1982 2277/2628/1954
f 2313/2665/1990 2306/2658/1983 2279/2630/1956
f 2314/2666/1991 2277/2628/1954 2276/2627/1953
f 2315/2667/1992 2279/2630/1956 2284/2635/1961
f 2316/2668/1993 2276/2627/1953 2288/2639/1965
f 2317/2669/1994 2284/2635/1961 2290/2641/1967
f 2318/2670/1995 2288/2639/1965 2287/2638/1964
f 2289/2640/1966 2317/2669/1994 2290/2641/1967
f 2319/2671/1996 2286/2637/1963 2292/2643/1969
f 2320/2672/1997 2321/2673/1987 2322/2674/1998
f 2323/2675/1999 2324/2676/2000 2325/2677/2001
f 2309/2678/1986 2326/2679/2002 2327/2680/2003
f 2312/2664/1989 2324/2676/2000 2310/2662/1987
f 2313/2665/1990 2326/2679/2002 2311/2663/1988
f 2312/2664/1989 2328/2681/2004 2329/2682/2005
f 2313/2665/1990 2330/2683/2006 2331/2684/2007
f 2314/2666/1991 2332/2685/2008 2328/2681/2004
f 2317/2669/1994 2330/2683/2006 2315/2667/1992
f 2318/2670/1995 2333/2686/2009 2334/2687/2010
f 2316/2668/1993 2334/2687/2010 2332/2685/2008
f 2335/2688/2011 2336/2689/2012 2317/2669/1994
f 2319/2671/1996 2333/2686/2009 2337/2690/2013
f 2307/2659/1984 2338/2691/2014 2335/2688/2011
f 2319/2671/1996 2339/2692/2015 2340/2693/2016
f 2323/2675/1999 2341/2694/2017 2307/2659/1984
f 2309/2661/1986 2339/2692/2015 2308/2660/1985
f 2333/2686/2009 2342/2695/2018 2334/2687/2010
f 2334/2687/2010 2343/2696/2019 2332/2685/2008
f 2338/2691/2014 2344/2697/2020 2336/2689/2012
f 2340/2693/2016 2345/2698/2021 2333/2686/2009
f 2341/2694/2017 2346/2699/2022 2338/2691/2014
f 2339/2692/2015 2347/2700/2023 2340/2693/2016
f 2325/2677/2001 2348/2701/2024 2341/2694/2017
f 2327/2702/2003 2349/2703/2025 2339/2692/2015
f 2325/2677/2001 2322/2674/1998 2350/2704/2026
f 2327/2680/2003 2351/2705/2027 2352/2706/2028
f 2329/2682/2005 2322/2674/1998 2324/2676/2000
f 2331/2684/2007 2351/2705/2027 2326/2679/2002
f 2328/2681/2004 2320/2672/1997 2329/2682/2005
f 2331/2684/2007 2353/2707/2029 2354/2708/2030
f 2328/2681/2004 2343/2696/2019 2355/2709/2031
f 2330/2683/2006 2344/2697/2020 2353/2707/2029
f 2356/2710/2032 2357/2711/2033 2358/2712/2034
f 2354/2708/2030 2359/2713/1988 2351/2705/2027
f 2320/2672/1997 2360/2714/1991 2361/2715/1989
f 2353/2707/2029 2362/2716/1990 2354/2708/2030
f 2355/2709/2031 2363/2717/1993 2360/2714/1991
f 2344/2697/2020 2364/2718/1992 2353/2707/2029
f 2345/2698/2021 2365/2719/1995 2342/2695/2018
f 2342/2695/2018 2363/2717/1993 2343/2696/2019
f 2346/2699/2022 2366/2720/1994 2344/2697/2020
f 2347/2700/2023 2367/2721/2013 2345/2698/2021
f 2348/2701/2024 2368/2722/2011 2346/2699/2022
f 2349/2703/2025 2369/2723/1996 2347/2700/2023
f 2350/2704/2026 2370/2724/1984 2348/2701/2024
f 2352/2725/2028 2371/2726/1985 2349/2703/2025
f 2322/2674/1998 2372/2727/1999 2350/2704/2026
f 2351/2705/2027 2373/2728/1986 2352/2706/2028
f 2372/2727/1999 2374/2729/2035 2370/2724/1984
f 2373/2730/1986 2375/2731/2036 2371/2726/1985
f 2321/2673/1987 2376/2732/2037 2372/2727/1999
f 2373/2728/1986 2377/2733/2038 2378/2734/2039
f 2361/2715/1989 2379/2735/2040 2321/2673/1987
f 2362/2716/1990 2377/2733/2038 2359/2713/1988
f 2361/2715/1989 2380/2736/2041 2381/2737/2042
f 2362/2716/1990 2382/2738/2043 2383/2739/2044
f 2360/2714/1991 2384/2740/2045 2380/2736/2041
f 2364/2718/1992 2385/2741/2046 2382/2738/2043
f 2367/2721/2013 2386/2742/2047 2365/2719/1995
f 2363/2717/1993 2386/2742/2047 2384/2740/2045
f 2368/2722/2011 2385/2741/2046 2366/2720/1994
f 2369/2723/1996 2387/2743/2048 2367/2721/2013
f 2370/2724/1984 2388/2744/2049 2368/2722/2011
f 2369/2723/1996 2375/2731/2036 2389/2745/2050
f 2387/2743/2048 2390/2746/2051 2386/2742/2047
f 2386/2742/2047 2391/2747/2052 2384/2740/2045
f 2388/2744/2049 2392/2748/2053 2385/2741/2046
f 2387/2743/2048 2357/2711/2033 2393/2749/2054
f 2374/2729/2035 2394/2750/2055 2388/2744/2049
f 2389/2745/2050 2395/2751/2056 2357/2711/2033
f 2376/2732/2037 2396/2752/2057 2374/2729/2035
f 2378/2753/2039 2395/2751/2056 2375/2731/2036
f 2379/2735/2040 2397/2754/2058 2376/2732/2037
f 2377/2733/2038 2398/2755/2059 2378/2734/2039
f 2381/2737/2042 2399/2756/2060 2379/2735/2040
f 2383/2739/2044 2400/2757/2061 2377/2733/2038
f 2380/2736/2041 2401/2758/2062 2381/2737/2042
f 2382/2738/2043 2402/2759/2063 2383/2739/2044
f 2384/2740/2045 2403/2760/2064 2380/2736/2041
f 2382/2738/2043 2392/2748/2053 2404/2761/2065
f 2405/2762/2066 2399/2756/2060 2401/2758/2062
f 2406/2763/2067 2402/2759/2063 2407/2764/2068
f 2408/2765/2069 2401/2758/2062 2403/2760/2064
f 2409/2766/2070 2402/2759/2063 2404/2761/2065
f 2410/2767/2071 2403/2760/2064 2391/2747/2052
f 2409/2766/2070 2392/2748/2053 2411/2768/2072
f 2412/2769/2073 2391/2747/2052 2390/2746/2051
f 2411/2768/2072 2394/2750/2055 2413/2770/2074
f 2414/2771/2075 2356/2710/2032 2415/2772/2076
f 2413/2770/2074 2396/2752/2057 2416/2773/2077
f 2417/2774/2078 2357/2711/2033 2395/2751/2056
f 2418/2775/2079 2419/2776/2080 2420/2777/2081
f 2416/2773/2077 2397/2754/2058 2421/2778/2082
f 2417/2774/2078 2398/2779/2059 2422/2780/2083
f 2421/2778/2082 2399/2756/2060 2423/2781/2084
f 2406/2763/2067 2398/2755/2059 2400/2757/2061
f 2120/2456/1799 2424/2782/2085 2124/2460/1803
f 2083/2417/1762 2425/2783/2086 2426/2784/2087
f 2098/2434/1777 2427/2785/2088 2428/2786/2089
f 2112/2448/1791 2429/2787/2090 2118/2454/1797
f 2124/2465/1803 2430/2788/2091 2127/2463/1806
f 2083/2417/1762 2431/2789/2092 2090/2424/1769
f 2098/2434/1777 2432/2790/2093 2106/2442/1785
f 2121/2457/1800 2429/2787/2090 2433/2791/2094
f 2131/2469/1810 2430/2788/2091 2434/2792/2095
f 2090/2424/1769 2435/2793/2096 2096/2430/1775
f 2106/2442/1785 2436/2794/2097 2105/2441/1784
f 2121/2457/1800 2437/2795/2098 2120/2456/1799
f 2133/2471/1812 2425/2783/2086 2085/2419/1764
f 2131/2469/1810 2438/2796/2099 2133/2471/1812
f 2095/2429/1774 2435/2793/2096 2427/2785/2088
f 2112/2448/1791 2436/2794/2097 2439/2797/2100
f 2436/2794/2097 2440/2798/2101 2439/2797/2100
f 2425/2783/2086 2441/2799/2102 2426/2784/2087
f 2429/2787/2090 2440/2798/2101 2442/2800/2103
f 2431/2789/2092 2441/2799/2102 2443/2801/2104
f 2433/2791/2094 2442/2800/2103 2444/2802/2105
f 2431/2789/2092 2445/2803/2106 2435/2793/2096
f 2437/2795/2098 2444/2802/2105 2446/2804/2107
f 2427/2785/2088 2445/2803/2106 2447/2805/2108
f 2437/2795/2098 2448/2806/2109 2424/2782/2085
f 2427/2785/2088 2449/2807/2110 2428/2786/2089
f 2430/2788/2091 2448/2808/2109 2450/2809/2111
f 2428/2786/2089 2451/2810/2112 2432/2790/2093
f 2430/2788/2091 2452/2811/2113 2434/2792/2095
f 2432/2790/2093 2453/2812/2114 2436/2794/2097
f 2425/2783/2086 2454/2813/2115 2455/2814/2116
f 2434/2792/2095 2454/2813/2115 2438/2796/2099
f 2450/2809/2111 2456/2815/2117 2452/2811/2113
f 2457/2816/2118 2453/2812/2114 2451/2810/2112
f 2456/2815/2117 2454/2813/2115 2452/2811/2113
f 2458/2817/2119 2440/2798/2101 2453/2812/2114
f 2455/2814/2116 2459/2818/2120 2441/2799/2102
f 2460/2819/2121 2442/2800/2103 2440/2798/2101
f 2459/2818/2120 2443/2801/2104 2441/2799/2102
f 2461/2820/2122 2444/2802/2105 2442/2800/2103
f 2443/2801/2104 2462/2821/2123 2445/2803/2106
f 2444/2802/2105 2463/2822/2124 2446/2804/2107
f 2462/2821/2123 2447/2805/2108 2445/2803/2106
f 2463/2822/2124 2448/2806/2109 2446/2804/2107
f 2464/2823/2125 2449/2807/2110 2447/2805/2108
f 2465/2824/2126 2450/2809/2111 2448/2808/2109
f 2466/2825/2127 2451/2810/2112 2449/2807/2110
f 2458/2817/2119 2467/2826/2128 2460/2819/2121
f 2459/2818/2120 2172/2510/1849 2468/2827/2129
f 2461/2820/2122 2467/2826/2128 2469/2828/2130
f 2470/2829/2131 2468/2827/2129 2471/2830/2132
f 2461/2820/2122 2472/2831/2133 2473/2832/2134
f 2470/2829/2131 2474/2833/2135 2462/2821/2123
f 2473/2832/2134 2475/2834/2136 2463/2822/2124
f 2464/2823/2125 2474/2833/2135 2476/2835/2137
f 2465/2836/2126 2475/2834/2136 2477/2837/2138
f 2464/2823/2125 2478/2838/2139 2466/2825/2127
f 2465/2824/2126 2479/2839/2140 2480/2840/2141
f 2466/2825/2127 2481/2841/2142 2457/2816/2118
f 2480/2840/2141 2482/2842/2143 2456/2815/2117
f 2457/2816/2118 2483/2843/2144 2458/2817/2119
f 2484/2844/2145 2173/2511/1850 2172/2510/1849
f 2485/2845/2146 2482/2842/2143 2173/2511/1850
f 2486/2846/2147 2482/2842/2143 2479/2839/2140
f 2487/2847/2148 2483/2843/2144 2481/2841/2142
f 2482/2842/2143 2171/2509/1848 2173/2511/1850
f 2488/2848/2149 2467/2826/2128 2483/2843/2144
f 2489/2849/2150 2468/2827/2129 2172/2510/1849
f 2454/2813/2115 2484/2844/2145 2455/2814/2116
f 2490/2850/2151 2469/2828/2130 2467/2826/2128
f 2491/2851/2152 2471/2830/2132 2468/2827/2129
f 2469/2828/2130 2492/2852/2153 2472/2831/2133
f 2493/2853/2154 2474/2833/2135 2471/2830/2132
f 2492/2852/2153 2475/2834/2136 2472/2831/2133
f 2494/2854/2155 2476/2835/2137 2474/2833/2135
f 2475/2834/2136 2495/2855/2156 2477/2837/2138
f 2496/2856/2157 2478/2838/2139 2476/2835/2137
f 2495/2857/2156 2479/2839/2140 2477/2858/2138
f 2497/2859/2158 2481/2841/2142 2478/2838/2139
f 2491/2851/2152 2498/2860/2159 2499/2861/2160
f 2500/2862/2161 2501/2863/2162 2502/2864/2163
f 2493/2853/2154 2499/2861/2160 2503/2865/2164
f 2492/2852/2153 2502/2864/2163 2504/2866/2165
f 2493/2853/2154 2505/2867/2166 2494/2854/2155
f 2492/2852/2153 2506/2868/2167 2507/2869/2168
f 2496/2856/2157 2505/2867/2166 2508/2870/2169
f 2495/2855/2156 2506/2868/2167 2509/2871/2170
f 2496/2856/2157 2510/2872/2171 2497/2859/2158
f 2495/2857/2156 2511/2873/2172 2486/2846/2147
f 2497/2859/2158 2512/2874/2173 2487/2847/2148
f 2486/2846/2147 2513/2875/2174 2514/2876/2175
f 2488/2848/2149 2512/2874/2173 2515/2877/2176
f 2171/2509/1848 2498/2860/2159 2489/2849/2150
f 2171/2509/1848 2513/2875/2174 2516/2878/2177
f 2488/2848/2149 2501/2863/2162 2490/2850/2151
f 2517/2879/2178 2518/2880/2179 2519/2881/2180
f 2152/2490/1830 2520/2882/2181 2521/2883/2182
f 2517/2879/2178 2522/2884/2183 2148/2486/1826
f 2158/2496/1836 2523/2885/2184 2157/2495/1835
f 2145/2483/1823 2524/2886/2185 2153/2491/1831
f 2154/2492/1832 2525/2887/2186 2145/2483/1823
f 2146/2484/1824 2526/2888/2187 2520/2882/2181
f 2151/2489/1829 2527/2889/2188 2528/2890/2189
f 2529/2891/2190 2526/2888/2187 2530/2892/2191
f 2529/2891/2190 2524/2886/2185 2531/2893/2192
f 2150/2488/1828 2522/2884/2183 2527/2889/2188
f 2532/2894/2193 2509/2871/2170 2506/2868/2167
f 2152/2490/1830 2533/2895/2194 2534/2896/2195
f 2157/2495/1835 2518/2880/2179 2155/2493/1833
f 2535/2897/2196 2528/2890/2189 2536/2898/2197
f 2158/2496/1836 2533/2899/2194 2537/2900/2198
f 2528/2890/2189 2538/2901/2199 2536/2898/2197
f 2522/2884/2183 2539/2902/2200 2527/2889/2188
f 2537/2900/2198 2540/2903/2201 2523/2885/2184
f 2540/2903/2201 2518/2880/2179 2523/2885/2184
f 2541/2904/2202 2542/2905/2203 2525/2887/2186
f 2527/2889/2188 2543/2906/2204 2528/2890/2189
f 2544/2907/2205 2519/2881/2180 2518/2880/2179
f 2524/2908/2185 2545/2909/2206 2531/2910/2192
f 2546/2911/2207 2522/2884/2183 2519/2881/2180
f 2535/2897/2196 2541/2904/2202 2154/2492/1832
f 2542/2905/2203 2524/2886/2185 2525/2887/2186
f 2547/2912/2208 2533/2913/2194 2521/2914/2182
f 2526/2915/2187 2548/2916/2209 2520/2917/2181
f 2533/2899/2194 2549/2918/2210 2537/2900/2198
f 2531/2910/2192 2550/2919/2211 2526/2915/2187
f 2548/2916/2209 2521/2914/2182 2520/2917/2181
f 2551/2920/2212 2552/2921/2213 2542/2905/2203
f 2548/2916/2209 2553/2922/2214 2554/2923/2215
f 2543/2906/2204 2555/2924/2216 2556/2925/2217
f 2545/2909/2206 2553/2922/2214 2550/2919/2211
f 2538/2901/2199 2420/2777/2081 2551/2920/2212
f 2545/2909/2206 2557/2926/2218 2558/2927/2219
f 2538/2901/2199 2556/2925/2217 2418/2775/2079
f 2539/2902/2200 2559/2928/2220 2555/2924/2216
f 2547/2912/2208 2560/2929/2221 2561/2930/2222
f 2540/2931/2201 2562/2932/2223 2544/2907/2205
f 2549/2933/2210 2560/2934/2221 2563/2935/2224
f 2544/2907/2205 2564/2936/2225 2546/2911/2207
f 2548/2916/2209 2565/2937/2226 2547/2912/2208
f 2566/2938/2227 2564/2936/2225 2559/2928/2220
f 2549/2933/2210 2567/2939/2228 2540/2931/2201
f 2542/2905/2203 2557/2926/2218 2568/2940/2229
f 2569/2941/2230 2567/2939/2228 2563/2935/2224
f 2570/2942/2231 2557/2926/2218 2552/2921/2213
f 2419/2776/2080 2552/2921/2213 2420/2777/2081
f 2553/2922/2214 2571/2943/2232 2554/2923/2215
f 2555/2924/2216 2572/2944/2233 2556/2925/2217
f 2558/2927/2219 2573/2945/2234 2553/2922/2214
f 2574/2946/2235 2558/2927/2219 2557/2926/2218
f 2572/2944/2233 2418/2775/2079 2556/2925/2217
f 2559/2928/2220 2575/2947/2236 2555/2924/2216
f 2538/2901/2199 2541/2904/2202 2536/2898/2197
f 2576/2948/2237 2560/2929/2221 2565/2937/2226
f 2577/2949/2238 2562/2932/2223 2567/2939/2228
f 2560/2934/2221 2569/2941/2230 2563/2935/2224
f 2578/2950/2239 2564/2936/2225 2562/2932/2223
f 2554/2923/2215 2576/2948/2237 2565/2937/2226
f 2564/2936/2225 2579/2951/2240 2559/2928/2220
f 2580/2952/2241 2581/2953/2242 2573/2945/2234
f 2582/2954/2243 2583/2955/2244 2569/2941/2230
f 2573/2945/2234 2584/2956/2245 2571/2943/2232
f 2579/2951/2240 2585/2957/2246 2575/2947/2236
f 2419/2776/2080 2586/2958/2247 2570/2942/2231
f 2571/2943/2232 2587/2959/2248 2576/2948/2237
f 2575/2947/2236 2588/2960/2249 2572/2944/2233
f 2578/2950/2239 2589/2961/2250 2590/2962/2251
f 2577/2949/2238 2591/2963/2252 2578/2950/2239
f 2569/2941/2230 2592/2964/2253 2577/2949/2238
f 2572/2944/2233 2593/2965/2254 2594/2966/2255
f 2590/2962/2251 2595/2967/2256 2579/2951/2240
f 2594/2966/2255 2596/2968/2257 2419/2776/2080
f 2570/2942/2231 2597/2969/2258 2574/2946/2235
f 2576/2948/2237 2598/2970/2259 2582/2971/2243
f 2574/2946/2235 2599/2972/2260 2580/2952/2241
f 2144/2482/1822 2530/2892/2191 2142/2480/1820
f 2253/2604/1930 2303/2654/1980 2254/2605/1931
f 2252/2603/1929 2275/2626/1952 2301/2652/1978
f 2254/2605/1931 2304/2656/1981 2244/2600/1921
f 2252/2603/1929 2302/2653/1979 2247/2597/1924
f 2244/2594/1921 2299/2650/1976 2245/2595/1922
f 2271/2622/1948 2302/2653/1979 2297/2648/1974
f 2245/2595/1922 2295/2646/1972 2269/2620/1946
f 2272/2623/1949 2297/2648/1974 2293/2644/1970
f 2270/2621/1947 2295/2646/1972 2291/2642/1968
f 2272/2623/1949 2283/2634/1960 2262/2613/1939
f 2266/2617/1943 2285/2636/1962 2281/2632/1958
f 2270/2621/1947 2285/2636/1962 2264/2615/1941
f 2262/2613/1939 2278/2629/1955 2258/2609/1935
f 2266/2617/1943 2282/2633/1959 2260/2611/1937
f 2258/2609/1935 2280/2631/1957 2253/2604/1930
f 2260/2611/1937 2275/2626/1952 2251/2602/1928
f 2600/2973/2261 2501/2863/2162 2515/2877/2176
f 2601/2974/2262 2513/2875/2174 2602/2975/2263
f 2603/2976/2264 2501/2863/2162 2604/2977/2265
f 2600/2973/2261 2512/2874/2173 2605/2978/2266
f 2532/2894/2193 2504/2866/2165 2606/2979/2267
f 2607/2980/2268 2509/2981/2170 2608/2982/2269
f 2609/2983/2270 2503/2865/2164 2610/2984/2271
f 2607/2980/2268 2513/2875/2174 2511/2873/2172
f 2609/2983/2270 2508/2870/2169 2505/2867/2166
f 2603/2976/2264 2504/2866/2165 2502/2864/2163
f 2611/2985/2272 2508/2870/2169 2612/2986/2273
f 2613/2987/2274 2503/2865/2164 2499/2861/2160
f 2613/2987/2274 2498/2860/2159 2614/2988/2275
f 2611/2985/2272 2512/2874/2173 2510/2872/2171
f 2601/2974/2262 2498/2860/2159 2516/2878/2177
f 2040/2369/1719 2049/2378/1728 2036/2365/7
f 2615/2989/2276 2034/2363/1714 2044/2373/1723
f 2616/2990/2277 2040/2369/1719 2036/2365/7
f 2617/2991/2278 2045/2374/1724 2030/2359/1710
f 2029/2358/1709 2616/2990/2277 2036/2365/7
f 2616/2990/2277 2031/2360/1711 2041/2370/1720
f 2617/2991/2278 2029/2358/1709 2036/2365/7
f 2049/2378/1728 2042/2371/1721 2027/2356/1707
f 2043/2372/1722 2617/2991/2278 2036/2365/7
f 2035/2364/1715 2028/2357/1708 2038/2367/1717
f 2615/2989/2276 2043/2372/1722 2036/2365/7
f 2052/2382/1731 2618/2992/2279 2054/2384/1733
f 2032/2361/1712 2615/2989/2276 2036/2365/7
f 2053/2993/1732 2039/2368/1718 2618/2994/2279
f 2050/2380/1729 2048/2377/1727 2033/2362/1713
f 2600/2995/2261 2028/2357/1708 2604/2996/2265
f 2603/2997/2264 2042/2371/1721 2606/2998/2267
f 2532/2999/2193 2031/2360/1711 2608/3000/2269
f 2607/3001/2268 2045/2374/1724 2602/3002/2263
f 2601/3003/2262 2034/2363/1714 2614/3004/2275
f 2613/3005/2274 2048/2377/1727 2610/3006/2271
f 2609/3007/2270 2054/2384/1733 2612/3008/2273
f 2611/3009/2272 2039/2368/1718 2605/3010/2266
f 2600/2995/2261 2039/2368/1718 2038/2367/1717
f 2611/3011/2272 2054/2384/1733 2618/2992/2279
f 2609/3007/2270 2048/2377/1727 2047/2376/1726
f 2613/3005/2274 2034/2363/1714 2033/2362/1713
f 2601/3012/2262 2045/2374/1724 2044/2373/1723
f 2607/3001/2268 2031/2360/1711 2030/2359/1710
f 2532/2999/2193 2042/2371/1721 2041/2370/1720
f 2603/2997/2264 2028/2357/1708 2027/2356/1707
f 2619/3013/1706 2620/3014/2280 2621/3015/2281
f 2622/3016/1719 2623/3017/1728 2624/3018/7
f 2619/3013/1706 2625/3019/1715 2624/3018/7
f 2626/3020/1725 2627/3021/1729 2624/3018/7
f 2628/3022/1730 2626/3020/1725 2624/3018/7
f 2629/3023/1731 2628/3022/1730 2624/3018/7
f 2630/3024/1732 2629/3023/1731 2624/3018/7
f 2631/3025/1716 2630/3024/1732 2624/3018/7
f 2625/3019/1715 2631/3025/1716 2624/3018/7
f 1950/2237/1691 2632/3026/2282 1947/2233/1688
f 1958/2246/1699 2633/3027/2283 1950/2237/1691
f 1955/2243/1696 2634/3028/2284 2635/3029/2285
f 1956/3030/1697 2636/3031/2286 1953/3032/1694
f 1943/3033/1684 2636/3031/2286 2637/3034/2287
f 1939/3035/1680 2637/3034/2287 2638/3036/2288
f 1957/3037/1698 2639/3038/2289 1956/3030/1697
f 1952/2239/1693 2640/3039/2290 1945/2231/1686
f 1944/2230/1685 2640/3039/2290 2641/3040/2291
f 1948/2234/1689 2642/3041/2292 2643/3042/2293
f 1938/3043/1679 2642/3044/2292 1949/3045/1690
f 1958/2246/1699 2643/3042/2293 2644/3046/2294
f 1939/3035/1680 2645/3047/2295 1938/3043/1679
f 1955/2243/1696 2646/3048/2296 1952/2239/1693
f 1957/3037/1698 2641/3049/2291 2647/3050/2297
f 2648/3051/2298 2649/3052/2299 2650/3053/2300
f 2651/3054/1853 2652/3055/2301 2653/3056/2302
f 2654/3057/1805 2651/3054/1853 2653/3056/2302
f 2655/3058/2303 2656/3059/2304 2657/3060/2305
f 2652/3055/2301 2658/3061/1798 2659/3062/2306
f 2656/3059/2304 2660/3063/2307 2661/3064/2308
f 2658/3061/1798 2662/3065/2309 2659/3062/2306
f 2661/3064/2308 2663/3066/2310 2664/3067/2311
f 2662/3065/2309 2665/3068/1793 2666/3069/2312
f 2664/3067/2311 2667/3070/2313 2668/3071/2314
f 2665/3068/1793 2669/3072/1790 2666/3069/2312
f 2668/3071/2314 2670/3073/2315 2671/3074/2316
f 2669/3072/1790 2672/3075/1786 2673/3076/1787
f 2674/3077/1858 2638/3036/2288 2675/3078/1783
f 2673/3076/1787 2674/3077/1858 2675/3078/1783
f 2670/3073/2315 2676/3079/2317 2671/3074/2316
f 2677/3080/1779 2645/3047/2295 2638/3036/2288
f 2676/3079/2317 2647/3050/2297 2678/3081/2318
f 2645/3047/2295 2679/3082/1772 2642/3044/2292
f 2647/3050/2297 2680/3083/2319 2678/3081/2318
f 2679/3084/1772 2643/3042/2293 2642/3041/2292
f 2641/3040/2291 2681/3085/2320 2680/3086/2319
f 2643/3042/2293 2682/3087/1766 2644/3046/2294
f 2640/3039/2290 2683/3088/2321 2681/3085/2320
f 2644/3046/2294 2684/3089/1863 2685/3090/1768
f 2646/3048/2296 2686/3091/2322 2683/3088/2321
f 2649/3052/2299 2655/3058/2303 2657/3060/2305
f 2684/3089/1863 2687/3092/1809 2685/3090/1768
f 2635/3029/2285 2688/3093/2323 2686/3091/2322
f 2689/3094/2324 2690/3095/2325 2688/3093/2323
f 1941/2227/1682 2632/3026/2282 2634/3028/2284
f 2654/3057/1805 2691/3096/1814 2687/3092/1809
f 2692/3097/1845 2693/3098/100 2691/3096/1814
f 2694/3099/1846 2695/3100/1817 2693/3098/100
f 2696/3101/1847 2697/3102/2326 2695/3100/1817
f 2653/3056/2302 2692/3097/1845 2654/3057/1805
f 2698/3103/2327 2694/3099/1846 2692/3097/1845
f 2694/3099/1846 2699/3104/2328 2696/3101/1847
f 2696/3101/1847 2700/3105/2329 2648/3051/2298
f 2701/3106/2330 2702/3107/2331 2703/3108/2332
f 2659/3062/2306 2703/3108/2332 2652/3055/2301
f 2699/3104/2328 2655/3058/2303 2700/3105/2329
f 2702/3107/2331 2699/3104/2328 2704/3109/266
f 2703/3108/2332 2704/3109/266 2698/3103/2327
f 2652/3055/2301 2698/3103/2327 2653/3056/2302
f 2705/3110/1275 2706/3111/2333 2707/3112/2334
f 2708/3113/2335 2660/3063/2307 2706/3111/2333
f 2709/3114/2336 2705/3110/1275 2707/3112/2334
f 2666/3069/2312 2709/3114/2336 2662/3065/2309
f 2706/3111/2333 2710/3115/2337 2711/3116/2338
f 2712/3117/811 2706/3111/2333 2711/3116/2338
f 2709/3114/2336 2712/3117/811 2701/3106/2330
f 2662/3065/2309 2701/3106/2330 2659/3062/2306
f 2713/3118/2339 2710/3115/2337 2655/3058/2303
f 2712/3117/811 2713/3118/2339 2702/3107/2331
f 2666/3069/2312 2714/3119/1842 2715/3120/2340
f 2714/3119/1842 2705/3110/1275 2715/3120/2340
f 2716/3121/1844 2708/3113/2335 2705/3110/1275
f 2717/3122/1843 2663/3066/2310 2708/3113/2335
f 2673/3076/1787 2714/3119/1842 2669/3072/1790
f 2718/3123/1840 2716/3121/1844 2714/3119/1842
f 2716/3121/1844 2719/3124/1841 2717/3122/1843
f 2719/3124/1841 2667/3070/2313 2717/3122/1843
f 2675/3078/1783 2718/3123/1840 2673/3076/1787
f 2720/3125/1838 2721/3126/684 2718/3123/1840
f 2721/3126/684 2722/3127/1839 2719/3124/1841
f 2719/3124/1841 2723/3128/2341 2670/3073/2315
f 2638/3036/2288 2720/3125/1838 2675/3078/1783
f 2720/3125/1838 2636/3031/2286 2724/3129/1837
f 2636/3031/2286 2722/3127/1839 2724/3129/1837
f 2639/3038/2289 2723/3128/2341 2722/3127/1839
f 2685/3090/1768 2633/3027/2283 2644/3046/2294
f 2725/3130/1816 2632/3026/2282 2633/3027/2283
f 2632/3026/2282 2726/3131/1819 2634/3028/2284
f 2726/3131/1819 2635/3029/2285 2634/3028/2284
f 2685/3090/1768 2691/3096/1814 2725/3130/1816
f 2691/3096/1814 2727/3132/1815 2725/3130/1816
f 2693/3098/100 2726/3131/1819 2727/3132/1815
f 2695/3100/1817 2689/3094/2324 2726/3131/1819
f 2697/3102/2326 2650/3053/2300 2690/3095/2325
f 2728/3133/2342 2729/3134/2343 2730/3135/2344
f 2731/3136/2345 2665/3068/1793 2732/3137/1796
f 2733/3138/1868 2734/3139/2346 2682/3087/1766
f 2665/3068/1793 2735/3140/2347 2736/3141/1789
f 2734/3139/2346 2684/3089/1863 2682/3087/1766
f 2735/3140/2347 2672/3075/1786 2736/3141/1789
f 2737/3142/1808 2738/3143/2348 2739/3144/1804
f 2740/3145/2349 2737/3142/1808 2684/3089/1863
f 2741/3146/2350 2674/3077/1858 2672/3075/1786
f 2738/3143/2348 2651/3054/1853 2739/3144/1804
f 2674/3077/1858 2742/3147/2351 2677/3080/1779
f 2651/3054/1853 2743/3148/2352 2744/3149/1802
f 2742/3147/2351 2745/3150/1852 2677/3080/1779
f 2743/3148/2352 2658/3061/1798 2744/3149/1802
f 2745/3151/1852 2746/3152/2353 2679/3084/1772
f 2658/3061/1798 2731/3136/2345 2732/3137/1796
f 2679/3084/1772 2747/3153/2354 2733/3138/1868
f 2737/3142/1808 2654/3057/1805 2687/3092/1809
f 2748/3154/2355 2749/3155/2356 2750/3156/1126
f 2749/3155/2356 2751/3157/2357 2750/3156/1126
f 2752/3158/2358 2753/3159/2359 2750/3156/1126
f 2754/3160/2360 2752/3158/2358 2750/3156/1126
f 2755/3161/2361 2748/3154/2355 2750/3156/1126
f 2756/3162/2362 2755/3161/2361 2750/3156/1126
f 2757/3163/2363 2754/3160/2360 2750/3156/1126
f 2758/3164/2364 2756/3162/2362 2750/3156/1126
f 2759/3165/2365 2757/3163/2363 2750/3156/1126
f 2760/3166/2366 2758/3164/2364 2750/3156/1126
f 2761/3167/2367 2759/3165/2365 2750/3156/1126
f 2762/3168/2368 2760/3166/2366 2750/3156/1126
f 2763/3169/2369 2761/3167/2367 2750/3156/1126
f 2764/3170/2370 2762/3168/2368 2750/3156/1126
f 2751/3157/2357 2763/3169/2369 2750/3156/1126
f 2753/3159/2359 2764/3170/2370 2750/3156/1126
f 2765/3171/2371 2759/3172/2365 2766/3173/2372
f 2767/3174/2373 2749/3175/2356 2768/3176/2374
f 2769/3177/2375 2763/3178/2369 2770/3179/2376
f 2771/3180/2377 2764/3170/2370 2772/3181/2378
f 2770/3179/2376 2751/3182/2357 2767/3174/2373
f 2772/3181/2378 2753/3159/2359 2773/3183/2379
f 2774/3184/2380 2749/3155/2356 2748/3154/2355
f 2775/3185/2381 2757/3186/2363 2765/3171/2371
f 2766/3173/2372 2761/3187/2367 2769/3177/2375
f 2776/3188/2382 2755/3161/2361 2756/3162/2362
f 2774/3184/2380 2755/3161/2361 2777/3189/2383
f 2778/3190/2384 2762/3168/2368 2771/3180/2377
f 2776/3188/2382 2758/3164/2364 2779/3191/2385
f 2780/3192/2386 2754/3193/2360 2775/3185/2381
f 2779/3191/2385 2760/3166/2366 2778/3190/2384
f 2773/3183/2379 2752/3158/2358 2780/3192/2386
f 2781/3194/2387 2772/3181/2378 2773/3183/2379
f 2782/3195/2388 2777/3189/2383 2783/3196/2389
f 2784/3197/2390 2770/3179/2376 2785/3198/2391
f 2786/3199/2392 2769/3177/2375 2784/3197/2390
f 2787/3200/2393 2768/3176/2374 2788/3201/2394
f 2789/3202/2395 2765/3171/2371 2790/3203/2396
f 2789/3202/2395 2780/3192/2386 2775/3185/2381
f 2791/3204/2397 2772/3181/2378 2792/3205/2398
f 2781/3194/2387 2780/3192/2386 2793/3206/2399
f 2794/3207/2400 2779/3191/2385 2795/3208/2401
f 2786/3199/2392 2765/3171/2371 2766/3173/2372
f 2791/3204/2397 2778/3190/2384 2771/3180/2377
f 2787/3200/2393 2770/3179/2376 2767/3174/2373
f 2782/3195/2388 2768/3209/2374 2774/3184/2380
f 2794/3207/2400 2777/3189/2383 2776/3188/2382
f 2796/3210/2402 2779/3191/2385 2778/3190/2384
f 2797/3211/2403 2798/3212/2404 2799/3213/2405
f 2800/3214/2406 2801/3215/2407 2802/3216/2408
f 2803/3217/2409 2804/3218/2410 2805/3219/2411
f 2806/3220/2412 2807/3221/2413 2803/3217/2409
f 2808/3222/2414 2797/3211/2403 2809/3223/2415
f 2810/3224/2416 2811/3225/2417 2801/3215/2407
f 2812/3226/2418 2813/3227/2419 2814/3228/2420
f 2815/3229/2421 2809/3223/2415 2812/3226/2418
f 2816/3230/2422 2804/3218/2410 2817/3231/2423
f 2818/3232/2424 2810/3224/2416 2800/3214/2406
f 2816/3233/2422 2819/3234/2425 2820/3235/2426
f 2821/3236/2427 2822/3237/2428 2823/3238/2429
f 2824/3239/2430 2825/3240/2431 2807/3221/2413
f 2823/3238/2429 2826/3241/2432 2827/3242/2433
f 2801/3215/2407 2828/3243/2434 2829/3244/2435
f 2830/3245/2436 2826/3241/2432 2831/3246/2437
f 2832/3247/2438 2816/3230/2422 2833/3248/2439
f 2834/3249/2440 2835/3250/2441 2810/3224/2416
f 2802/3216/2408 2829/3244/2435 2821/3236/2427
f 2797/3211/2403 2813/3227/2419 2809/3223/2415
f 2836/3251/2442 2812/3226/2418 2824/3239/2430
f 2803/3217/2409 2825/3240/2431 2837/3252/2443
f 2833/3253/2439 2820/3235/2426 2838/3254/2444
f 2812/3226/2418 2839/3255/2445 2824/3239/2430
f 2840/3256/2446 2831/3246/2437 2797/3211/2403
f 2838/3254/2444 2834/3249/2440 2818/3232/2424
f 2822/3237/2428 2841/3257/2447 2826/3241/2432
f 2822/3237/2428 2828/3243/2434 2842/3258/2448
f 2843/3259/2449 2824/3239/2430 2807/3221/2413
f 2820/3235/2426 2844/3260/2450 2834/3249/2440
f 2832/3247/2438 2803/3217/2409 2805/3219/2411
f 2826/3241/2432 2798/3212/2404 2831/3246/2437
f 2813/3227/2419 2790/3203/2396 2814/3228/2420
f 2804/3218/2410 2785/3198/2391 2787/3200/2393
f 2798/3212/2404 2793/3206/2399 2799/3213/2405
f 2819/3234/2425 2788/3261/2394 2782/3195/2388
f 2819/3234/2425 2783/3196/2389 2844/3260/2450
f 2835/3250/2441 2795/3208/2401 2811/3225/2417
f 2842/3258/2448 2796/3210/2402 2791/3204/2397
f 2825/3240/2431 2785/3198/2391 2837/3252/2443
f 2813/3227/2419 2793/3206/2399 2789/3202/2395
f 2828/3243/2434 2795/3208/2401 2796/3210/2402
f 2839/3255/2445 2784/3197/2390 2825/3240/2431
f 2841/3257/2447 2791/3204/2397 2792/3205/2398
f 2798/3212/2404 2792/3205/2398 2781/3194/2387
f 2835/3250/2441 2783/3196/2389 2794/3207/2400
f 2804/3218/2410 2788/3201/2394 2817/3231/2423
f 2814/3228/2420 2786/3199/2392 2839/3255/2445
f 2845/3262/2451 2821/3236/2427 2823/3238/2429
f 2846/3263/2452 2840/3256/2446 2847/3264/2453
f 2848/3265/2454 2800/3214/2406 2802/3216/2408
f 2849/3266/2455 2830/3245/2436 2846/3263/2452
f 2847/3264/2453 2808/3222/2414 2850/3267/2456
f 2849/3266/2455 2823/3238/2429 2827/3242/2433
f 2851/3268/2457 2832/3247/2438 2833/3248/2439
f 2850/3267/2456 2815/3229/2421 2852/3269/2458
f 2853/3270/2459 2806/3220/2412 2854/3271/2460
f 2855/3272/2461 2818/3232/2424 2800/3214/2406
f 2856/3273/2462 2838/3254/2444 2818/3232/2424
f 2854/3271/2460 2832/3247/2438 2857/3274/2463
f 2858/3275/2464 2843/3259/2449 2853/3270/2459
f 2859/3276/2465 2833/3253/2439 2838/3254/2444
f 2860/3277/2466 2802/3216/2408 2821/3236/2427
f 2852/3269/2458 2836/3251/2442 2858/3275/2464
f 2861/3278/2467 2852/3269/2458 2858/3275/2464
f 2862/3279/2468 2855/3272/2461 2863/3280/2469
f 2864/3281/2470 2846/3263/2452 2847/3264/2453
f 2862/3279/2468 2859/3276/2465 2856/3273/2462
f 2864/3281/2470 2850/3267/2456 2865/3282/2471
f 2866/3283/2472 2850/3267/2456 2852/3269/2458
f 2867/3284/2473 2857/3274/2463 2868/3285/2474
f 2869/3286/2475 2857/3274/2463 2851/3268/2457
f 2870/3287/2476 2846/3263/2452 2871/3288/2477
f 2867/3284/2473 2853/3270/2459 2854/3271/2460
f 2872/3289/2478 2845/3262/2451 2873/3290/2479
f 2874/3291/2480 2855/3272/2461 2848/3265/2454
f 2869/3292/2475 2859/3276/2465 2875/3293/2481
f 2876/3294/2482 2858/3275/2464 2853/3270/2459
f 2873/3290/2479 2849/3266/2455 2870/3287/2476
f 2874/3291/2480 2860/3277/2466 2872/3289/2478
f 2877/3295/2483 2868/3285/2474 2878/3296/2484
f 2879/3297/2485 2863/3280/2469 2880/3298/2486
f 2881/3299/2487 2871/3288/2477 2882/3300/2488
f 2883/3301/2489 2866/3283/2472 2861/3278/2467
f 2884/3302/2490 2868/3285/2474 2869/3286/2475
f 2885/3303/2491 2863/3280/2469 2874/3291/2480
f 2886/3304/2492 2871/3288/2477 2864/3281/2470
f 2885/3303/2491 2872/3289/2478 2887/3305/2493
f 2884/3306/2490 2875/3293/2481 2888/3307/2494
f 2889/3308/2495 2861/3278/2467 2876/3294/2482
f 2886/3304/2492 2865/3282/2471 2890/3309/2496
f 2887/3305/2493 2873/3290/2479 2891/3310/2497
f 2879/3297/2485 2875/3293/2481 2862/3279/2468
f 2877/3295/2483 2876/3294/2482 2867/3284/2473
f 2890/3309/2496 2866/3283/2472 2892/3311/2498
f 2891/3310/2497 2870/3287/2476 2881/3299/2487
f 2742/3147/2351 2893/3312/2499 2894/3313/2500
f 2731/3136/2345 2895/3314/2501 2896/3315/2502
f 2897/3316/2503 2898/3317/2504 2899/3318/2505
f 2746/3152/2353 2900/3319/2506 2747/3153/2354
f 2901/3320/2507 2902/3321/2508 2893/3312/2499
f 2740/3145/2349 2903/3322/2509 2904/3323/2510
f 2905/3324/2511 2906/3325/2512 2731/3136/2345
f 2738/3143/2348 2903/3322/2509 2898/3317/2504
f 2907/3326/2513 2908/3327/2514 2746/3152/2353
f 2735/3140/2347 2902/3321/2508 2741/3146/2350
f 2905/3324/2511 2909/3328/2515 2910/3329/2516
f 2734/3139/2346 2911/3330/2517 2740/3145/2349
f 2742/3147/2351 2912/3331/2518 2907/3332/2513
f 2735/3140/2347 2895/3314/2501 2913/3333/2519
f 2743/3148/2352 2899/3318/2505 2909/3328/2515
f 2747/3153/2354 2914/3334/2520 2734/3139/2346
f 2915/3335/2521 2681/3085/2320 2683/3088/2321
f 2649/3052/2299 2916/3336/2522 2650/3053/2300
f 2664/3067/2311 2917/3337/2523 2661/3064/2308
f 2918/3338/2524 2676/3079/2317 2678/3081/2318
f 2919/3339/2525 2683/3088/2321 2686/3091/2322
f 2920/3340/2526 2649/3052/2299 2657/3060/2305
f 2921/3341/2527 2664/3067/2311 2668/3071/2314
f 2680/3083/2319 2918/3338/2524 2678/3081/2318
f 2688/3093/2323 2919/3339/2525 2686/3091/2322
f 2922/3342/2528 2657/3060/2305 2656/3059/2304
f 2923/3343/2529 2668/3071/2314 2671/3074/2316
f 2681/3085/2320 2924/3344/2530 2680/3086/2319
f 2916/3336/2522 2690/3095/2325 2650/3053/2300
f 2925/3345/2531 2688/3093/2323 2690/3095/2325
f 2661/3064/2308 2922/3342/2528 2656/3059/2304
f 2676/3079/2317 2923/3343/2529 2671/3074/2316
f 2926/3346/2532 2923/3343/2529 2927/3347/2533
f 2928/3348/2534 2916/3336/2522 2929/3349/2535
f 2930/3350/2536 2927/3347/2533 2918/3338/2524
f 2920/3340/2526 2928/3348/2534 2929/3349/2535
f 2931/3351/2537 2918/3338/2524 2924/3352/2530
f 2932/3353/2538 2920/3340/2526 2922/3342/2528
f 2933/3354/2539 2924/3344/2530 2934/3355/2540
f 2935/3356/2541 2922/3342/2528 2917/3337/2523
f 2936/3357/2542 2934/3355/2540 2915/3335/2521
f 2937/3358/2543 2917/3337/2523 2938/3359/2544
f 2939/3360/2545 2915/3335/2521 2919/3339/2525
f 2921/3341/2527 2937/3358/2543 2938/3359/2544
f 2940/3361/2546 2939/3360/2545 2919/3339/2525
f 2941/3362/2547 2921/3341/2527 2923/3343/2529
f 2916/3336/2522 2942/3363/2548 2925/3345/2531
f 2942/3363/2548 2940/3361/2546 2925/3345/2531
f 2942/3363/2548 2943/3364/2549 2944/3365/2550
f 2945/3366/2551 2941/3362/2547 2926/3346/2532
f 2930/3350/2536 2945/3366/2551 2926/3346/2532
f 2946/3367/2552 2947/3368/2553 2928/3348/2534
f 2931/3351/2537 2948/3369/2554 2930/3350/2536
f 2949/3370/2555 2946/3367/2552 2932/3353/2538
f 2933/3354/2539 2950/3371/2556 2931/3372/2537
f 2935/3356/2541 2949/3370/2555 2932/3353/2538
f 2936/3357/2542 2951/3373/2557 2933/3354/2539
f 2952/3374/2558 2935/3356/2541 2937/3358/2543
f 2953/3375/2559 2936/3357/2542 2939/3360/2545
f 2954/3376/2560 2937/3358/2543 2955/3377/2561
f 2943/3364/2549 2939/3360/2545 2944/3365/2550
f 2956/3378/2562 2955/3377/2561 2941/3362/2547
f 2947/3368/2553 2957/3379/2563 2928/3348/2534
f 2958/3380/2564 2953/3375/2559 2943/3364/2549
f 2959/3381/2565 2954/3376/2560 2956/3378/2562
f 2960/3382/2566 2943/3364/2549 2729/3134/2343
f 2961/3383/2567 2956/3378/2562 2945/3366/2551
f 2962/3384/2568 2730/3135/2344 2947/3368/2553
f 2963/3385/2569 2945/3366/2551 2948/3369/2554
f 2964/3386/2570 2947/3368/2553 2965/3387/2571
f 2966/3388/2572 2948/3369/2554 2950/3389/2556
f 2967/3390/2573 2965/3387/2571 2949/3370/2555
f 2968/3391/2574 2950/3371/2556 2951/3373/2557
f 2969/3392/2575 2949/3370/2555 2970/3393/2576
f 2971/3394/2577 2951/3373/2557 2972/3395/2578
f 2973/3396/2579 2970/3393/2576 2952/3374/2558
f 2974/3397/2580 2972/3395/2578 2953/3375/2559
f 2975/3398/2581 2952/3374/2558 2954/3376/2560
f 2975/3398/2581 2976/3399/2582 2621/3400/2281
f 2977/3401/2277 2622/3016/1719 2624/3018/7
f 2978/3402/1709 2977/3401/2277 2624/3018/7
f 2979/3403/2278 2978/3402/1709 2624/3018/7
f 2980/3404/1722 2979/3403/2278 2624/3018/7
f 2981/3405/2276 2980/3404/1722 2624/3018/7
f 2982/3406/1712 2981/3405/2276 2624/3018/7
f 2627/3021/1729 2982/3406/1712 2624/3018/7
f 2961/3383/2567 2983/3407/2583 2984/3408/2584
f 2966/3409/2572 2985/3410/2585 2986/3411/2586
f 2971/3394/2577 2987/3412/2587 2988/3413/2588
f 2958/3380/2564 2989/3414/2589 2990/3415/2590
f 2728/3133/2342 2991/3416/2591 2992/3417/2592
f 2964/3386/2570 2993/3418/2593 2994/3419/2594
f 2969/3392/2575 2620/3420/2280 2995/3421/2595
f 2631/3025/1716 2976/3422/2582 2984/3423/2584
f 2629/3023/1731 2983/3424/2583 2986/3411/2586
f 2626/3020/1725 2985/3410/2585 2988/3413/2588
f 2982/3406/1712 2987/3412/2587 2990/3415/2590
f 2980/3404/1722 2989/3414/2589 2992/3417/2592
f 2978/3402/1709 2991/3416/2591 2994/3419/2594
f 2622/3016/1719 2993/3418/2593 2995/3421/2595
f 2629/3023/1731 2985/3410/2585 2628/3022/1730
f 2982/3406/1712 2989/3414/2589 2981/3405/2276
f 2978/3402/1709 2993/3418/2593 2977/3401/2277
f 2619/3013/1706 2976/3422/2582 2625/3019/1715
f 2630/3024/1732 2984/3423/2584 2983/3424/2583
f 2627/3021/1729 2988/3413/2588 2987/3412/2587
f 2979/3403/2278 2992/3417/2592 2991/3416/2591
f 2623/3017/1728 2995/3421/2595 2620/3420/2280
f 2623/3425/1728 2619/3013/1706 2624/3018/7
f 2975/3398/2581 2620/3420/2280 2973/3396/2579
f 2969/3392/2575 2993/3418/2593 2967/3390/2573
f 2964/3386/2570 2991/3416/2591 2962/3384/2568
f 2728/3133/2342 2989/3414/2589 2960/3382/2566
f 2958/3380/2564 2987/3412/2587 2974/3397/2580
f 2971/3394/2577 2985/3410/2585 2968/3391/2574
f 2966/3388/2572 2983/3407/2583 2963/3385/2569
f 2961/3383/2567 2976/3399/2582 2959/3381/2565
f 1825/2104/1577 1808/2087/1560 1823/2102/1575
f 2337/2690/2013 2287/2638/1964 2286/2637/1963
f 1996/3426/1705 1747/2022/1499 1724/1998/1476
f 2957/3379/2563 2729/3134/2343 2942/3363/2548
f 2898/3317/2504 2881/3299/2487 2899/3318/2505
f 2895/3314/2501 2890/3309/2496 2892/3311/2498
f 2902/3321/2508 2877/3295/2483 2893/3312/2499
f 2908/3327/2514 2879/3297/2485 2900/3319/2506
f 2898/3317/2504 2887/3305/2493 2891/3310/2497
f 2906/3325/2512 2886/3304/2492 2890/3309/2496
f 2902/3321/2508 2883/3301/2489 2889/3308/2495
f 2912/3427/2518 2888/3307/2494 2908/3327/2514
f 2903/3322/2509 2885/3303/2491 2887/3305/2493
f 2909/3328/2515 2886/3304/2492 2910/3329/2516
f 2914/3334/2520 2885/3303/2491 2911/3330/2517
f 2894/3313/2500 2884/3302/2490 2912/3331/2518
f 2895/3314/2501 2883/3301/2489 2913/3333/2519
f 2909/3328/2515 2881/3299/2487 2882/3300/2488
f 2900/3319/2506 2880/3298/2486 2914/3334/2520
f 2894/3313/2500 2877/3295/2483 2878/3296/2484
f 2996/3428/2596 2997/3429/2597 2998/3430/2598
f 2356/2710/2032 2390/2746/2051 2393/2749/2054
f 2999/3431/2599 3000/3432/2600 3001/3433/2601
f 3002/3434/2602 3003/3435/2603 3000/3432/2600
f 3004/3436/2604 3005/3437/2605 3003/3435/2603
f 3006/3438/2606 3007/3439/2607 3005/3437/2605
f 3008/3440/2608 3007/3439/2607 3009/3441/2609
f 3010/3442/2610 3011/3443/2611 3008/3440/2608
f 3012/3444/2612 3013/3445/2613 3010/3442/2610
f 3014/3446/2614 3015/3447/2615 3012/3444/2612
f 3016/3448/2616 3017/3449/2617 3014/3446/2614
f 3016/3448/2616 3018/3450/2618 3019/3451/2619
f 3020/3452/2620 3021/3453/2621 3018/3450/2618
f 3022/3454/2622 3023/3455/2623 3021/3453/2621
f 3024/3456/2624 3023/3455/2623 3025/3457/2625
f 3026/3458/2626 3027/3459/2627 3024/3456/2624
f 3028/3460/2628 3029/3461/2629 3026/3458/2626
f 3028/3460/2628 3001/3433/2601 3030/3462/2630
f 3030/3462/2630 3031/3463/2631 3029/3461/2629
f 3032/3464/2632 3033/3465/2633 3031/3463/2631
f 3034/3466/2634 3035/3467/2635 3033/3465/2633
f 3035/3467/2635 2417/2774/2078 3036/3468/2636
f 3029/3461/2629 3037/3469/2637 3027/3459/2627
f 3031/3463/2631 3038/3470/2638 3037/3469/2637
f 3033/3465/2633 3036/3468/2636 3038/3470/2638
f 3036/3468/2636 2422/2780/2083 3039/3471/2639
f 3027/3459/2627 3040/3472/2640 3023/3455/2623
f 3037/3469/2637 3041/3473/2641 3040/3472/2640
f 3038/3470/2638 3039/3471/2639 3041/3473/2641
f 2422/3474/2083 3042/3475/2642 3039/3476/2639
f 3021/3453/2621 3040/3472/2640 3043/3477/2643
f 3043/3477/2643 3041/3478/2641 3044/3479/2644
f 3044/3479/2644 3039/3476/2639 3042/3475/2642
f 2406/2763/2067 3045/3480/2645 3042/3475/2642
f 3018/3450/2618 3043/3477/2643 3046/3481/2646
f 3046/3481/2646 3044/3479/2644 3047/3482/2647
f 3047/3482/2647 3042/3475/2642 3045/3480/2645
f 2407/2764/2068 3048/3483/2648 3045/3480/2645
f 3019/3451/2619 3046/3481/2646 3049/3484/2649
f 3049/3484/2649 3047/3482/2647 3050/3485/2650
f 3050/3485/2650 3045/3480/2645 3048/3483/2648
f 2409/2766/2070 3051/3486/2651 3048/3483/2648
f 3017/3449/2617 3049/3484/2649 3052/3487/2652
f 3052/3487/2652 3050/3485/2650 3053/3488/2653
f 3050/3485/2650 3051/3486/2651 3053/3488/2653
f 2411/2768/2072 3054/3489/2654 3051/3486/2651
f 3017/3449/2617 3055/3490/2655 3015/3447/2615
f 3052/3487/2652 3056/3491/2656 3055/3490/2655
f 3053/3488/2653 3054/3489/2654 3056/3491/2656
f 2413/2770/2074 3057/3492/2657 3054/3489/2654
f 3015/3447/2615 3058/3493/2658 3013/3445/2613
f 3055/3490/2655 3059/3494/2659 3058/3493/2658
f 3056/3491/2656 3057/3492/2657 3059/3494/2659
f 2416/2773/2077 3060/3495/2660 3057/3492/2657
f 3013/3445/2613 3061/3496/2661 3011/3443/2611
f 3058/3493/2658 3062/3497/2662 3061/3496/2661
f 3059/3494/2659 3060/3495/2660 3062/3497/2662
f 2421/2778/2082 3063/3498/2663 3060/3495/2660
f 3011/3443/2611 3064/3499/2664 3007/3439/2607
f 3061/3496/2661 3065/3500/2665 3064/3499/2664
f 3062/3497/2662 3063/3498/2663 3065/3500/2665
f 3063/3498/2663 2405/2762/2066 3066/3501/2666
f 3005/3437/2605 3064/3499/2664 3067/3502/2667
f 3067/3502/2667 3065/3500/2665 3068/3503/2668
f 3068/3503/2668 3063/3498/2663 3066/3501/2666
f 3066/3501/2666 2408/2765/2069 3069/3504/2669
f 3003/3435/2603 3067/3502/2667 3070/3505/2670
f 3070/3505/2670 3068/3503/2668 3071/3506/2671
f 3071/3506/2671 3066/3501/2666 3069/3504/2669
f 3069/3504/2669 2410/2767/2071 3072/3507/2672
f 3000/3432/2600 3070/3505/2670 3073/3508/2673
f 3073/3508/2673 3071/3506/2671 3074/3509/2674
f 3074/3509/2674 3069/3504/2669 3072/3507/2672
f 3072/3507/2672 2412/2769/2073 2414/2771/2075
f 3001/3433/2601 3073/3508/2673 3075/3510/2675
f 3075/3510/2675 3074/3509/2674 3076/3511/2676
f 3076/3511/2676 3072/3507/2672 2414/2771/2075
f 3001/3433/2601 3032/3464/2632 3030/3462/2630
f 3075/3510/2675 3034/3466/2634 3032/3464/2632
f 3034/3466/2634 2414/2771/2075 2415/2772/2076
f 2415/2772/2076 2358/2712/2034 3035/3467/2635
f 3077/3512/2677 3009/3441/2609 3006/3438/2606
f 3078/3513/2678 3025/3457/2625 3022/3454/2622
f 3009/3441/2609 3079/3514/2679 3008/3440/2608
f 3025/3457/2625 3080/3515/2680 3024/3456/2624
f 3008/3440/2608 3081/3516/2681 3010/3442/2610
f 3024/3456/2624 3082/3517/2682 3026/3458/2626
f 3010/3442/2610 3083/3518/2683 3012/3444/2612
f 3026/3458/2626 3084/3519/2684 3028/3460/2628
f 3083/3518/2683 3014/3446/2614 3012/3444/2612
f 3028/3460/2628 3085/3520/2685 2999/3431/2599
f 3086/3521/2686 3016/3448/2616 3014/3446/2614
f 3087/3522/2687 3004/3436/2604 3002/3434/2602
f 3088/3523/2688 3020/3452/2620 3016/3448/2616
f 3089/3524/2689 3006/3438/2606 3004/3436/2604
f 3090/3525/2690 3022/3454/2622 3020/3452/2620
f 3091/3526/2691 3092/3527/2692 3093/3528/2693
f 3094/3529/2694 3095/3530/2695 3096/3531/2696
f 3096/3531/2696 3097/3532/2697 3098/3533/2698
f 3098/3533/2698 3099/3534/2699 3100/3535/2700
f 3100/3535/2700 3101/3536/2701 3102/3537/2702
f 3101/3536/2701 3103/3538/2703 3102/3537/2702
f 3104/3539/2704 3105/3540/2705 3103/3538/2703
f 3106/3541/2706 3107/3542/2707 3105/3540/2705
f 3108/3543/2708 3109/3544/2709 3107/3542/2707
f 3110/3545/2710 3111/3546/2711 3109/3544/2709
f 3111/3546/2711 3112/3547/2712 3113/3548/2713
f 3113/3548/2713 3114/3549/2714 3115/3550/2715
f 3115/3550/2715 3116/3551/2716 3117/3552/2717
f 3116/3551/2716 3118/3553/2718 3117/3552/2717
f 3119/3554/2719 3120/3555/2720 3118/3553/2718
f 3121/3556/2721 3122/3557/2722 3120/3555/2720
f 3122/3557/2722 3123/3558/2723 3094/3529/2694
f 3124/3559/2724 3125/3560/2725 3121/3556/2721
f 3126/3561/2726 3127/3562/2727 3124/3559/2724
f 3128/3563/2728 3129/3564/2729 3126/3561/2726
f 3130/3565/2730 3131/3566/2731 3128/3563/2728
f 3132/3567/2732 3121/3556/2721 3119/3554/2719
f 3133/3568/2733 3124/3559/2724 3132/3567/2732
f 3134/3569/2734 3126/3561/2726 3133/3568/2733
f 3135/3570/2735 3128/3563/2728 3134/3569/2734
f 3136/3571/2736 3119/3554/2719 3116/3551/2716
f 3137/3572/2737 3132/3567/2732 3136/3571/2736
f 3138/3573/2738 3133/3568/2733 3137/3572/2737
f 3139/3574/2739 3134/3569/2734 3138/3573/2738
f 3114/3549/2714 3136/3571/2736 3116/3551/2716
f 3140/3575/2740 3137/3572/2737 3136/3571/2736
f 3141/3576/2741 3138/3573/2738 3137/3572/2737
f 3142/3577/2742 3139/3574/2739 3138/3573/2738
f 3112/3547/2712 3140/3575/2740 3114/3549/2714
f 3143/3578/2743 3141/3576/2741 3140/3575/2740
f 3144/3579/2744 3142/3577/2742 3141/3576/2741
f 3145/3580/2745 3146/3581/2746 3142/3577/2742
f 3147/3582/2747 3143/3578/2743 3112/3547/2712
f 3148/3583/2748 3144/3579/2744 3143/3578/2743
f 3149/3584/2749 3145/3580/2745 3144/3579/2744
f 3150/3585/2750 3151/3586/2751 3145/3580/2745
f 3110/3545/2710 3148/3583/2748 3147/3582/2747
f 3152/3587/2752 3149/3584/2749 3148/3583/2748
f 3153/3588/2753 3149/3584/2749 3154/3589/2754
f 3153/3588/2753 3091/3526/2691 3150/3585/2750
f 3155/3590/2755 3110/3545/2710 3108/3543/2708
f 3156/3591/2756 3152/3587/2752 3155/3590/2755
f 3157/3592/2757 3154/3589/2754 3156/3591/2756
f 3092/3527/2692 3153/3588/2753 3157/3592/2757
f 3158/3593/2758 3108/3543/2708 3106/3541/2706
f 3159/3594/2759 3155/3590/2755 3158/3593/2758
f 3160/3595/2760 3156/3591/2756 3159/3594/2759
f 3161/3596/2761 3157/3592/2757 3160/3595/2760
f 3162/3597/2762 3106/3541/2706 3104/3539/2704
f 3163/3598/2763 3158/3593/2758 3162/3597/2762
f 3164/3599/2764 3159/3594/2759 3163/3598/2763
f 3165/3600/2765 3160/3595/2760 3164/3599/2764
f 3166/3601/2766 3104/3539/2704 3101/3536/2701
f 3167/3602/2767 3162/3597/2762 3166/3601/2766
f 3168/3603/2768 3163/3598/2763 3167/3602/2767
f 3169/3604/2769 3164/3599/2764 3168/3603/2768
f 3099/3534/2699 3166/3601/2766 3101/3536/2701
f 3170/3605/2770 3167/3602/2767 3166/3601/2766
f 3171/3606/2771 3168/3603/2768 3167/3602/2767
f 3172/3607/2772 3169/3604/2769 3168/3603/2768
f 3097/3532/2697 3170/3605/2770 3099/3534/2699
f 3173/3608/2773 3171/3606/2771 3170/3605/2770
f 3174/3609/2774 3172/3607/2772 3171/3606/2771
f 3175/3610/2775 3176/3611/2776 3172/3607/2772
f 3095/3530/2695 3173/3608/2773 3097/3532/2697
f 3177/3612/2777 3174/3609/2774 3173/3608/2773
f 3178/3613/2778 3175/3610/2775 3174/3609/2774
f 3179/3614/2779 3180/3615/2780 3175/3610/2775
f 3123/3558/2723 3177/3612/2777 3095/3530/2695
f 3181/3616/2781 3178/3613/2778 3177/3612/2777
f 3182/3617/2782 3179/3614/2779 3178/3613/2778
f 3183/3618/2783 3093/3528/2693 3179/3614/2779
f 3127/3562/2727 3123/3558/2723 3125/3560/2725
f 3129/3564/2729 3181/3616/2781 3127/3562/2727
f 3129/3564/2729 3183/3618/2783 3182/3617/2782
f 3184/3619/2784 3183/3618/2783 3131/3566/2731
f 3100/3535/2700 3185/3620/2785 3098/3533/2698
f 3115/3550/2715 3186/3621/2786 3113/3548/2713
f 3102/3537/2702 3187/3622/2787 3100/3535/2700
f 3117/3552/2717 3188/3623/2788 3115/3550/2715
f 3189/3624/2789 3102/3537/2702 3103/3538/2703
f 3190/3625/2790 3117/3552/2717 3118/3553/2718
f 3191/3626/2791 3103/3538/2703 3105/3540/2705
f 3192/3627/2792 3118/3553/2718 3120/3555/2720
f 3193/3628/2793 3105/3540/2705 3107/3542/2707
f 3194/3629/2794 3120/3555/2720 3122/3557/2722
f 3195/3630/2795 3107/3542/2707 3109/3544/2709
f 3096/3531/2696 3196/3631/2796 3094/3529/2694
f 3196/3631/2796 3122/3557/2722 3094/3529/2694
f 3111/3546/2711 3195/3630/2795 3109/3544/2709
f 3098/3533/2698 3197/3632/2797 3096/3531/2696
f 3113/3548/2713 3198/3633/2798 3111/3546/2711
f 3197/3632/2797 3199/3634/2799 3196/3631/2796
f 3199/3634/2799 3194/3629/2794 3196/3631/2796
f 3198/3633/2798 3200/3635/2800 3195/3630/2795
f 3185/3620/2785 3201/3636/2801 3197/3632/2797
f 3186/3621/2786 3202/3637/2802 3198/3633/2798
f 3187/3622/2787 3203/3638/2803 3185/3620/2785
f 3188/3623/2788 3204/3639/2804 3186/3621/2786
f 3205/3640/2805 3206/3641/2806 3187/3622/2787
f 3207/3642/2807 3208/3643/2808 3188/3623/2788
f 3209/3644/2809 3205/3640/2805 3189/3624/2789
f 3210/3645/2810 3207/3642/2807 3190/3625/2790
f 3211/3646/2811 3189/3624/2789 3191/3626/2791
f 3212/3647/2812 3190/3625/2790 3192/3627/2792
f 3213/3648/2813 3191/3626/2791 3193/3628/2793
f 3214/3649/2814 3192/3627/2792 3194/3629/2794
f 3200/3635/2800 3193/3628/2793 3195/3630/2795
f 3087/3522/2687 3199/3634/2799 3201/3636/2801
f 3089/3524/2689 3201/3636/2801 3203/3638/2803
f 3077/3512/2677 3203/3638/2803 3206/3641/2806
f 3215/3650/2815 3206/3641/2806 3216/3651/2816
f 3215/3650/2815 3209/3644/2809 3079/3514/2679
f 3079/3514/2679 3211/3646/2811 3081/3516/2681
f 3081/3516/2681 3213/3648/2813 3083/3518/2683
f 3083/3518/2683 3200/3635/2800 3086/3521/2686
f 3088/3523/2688 3200/3635/2800 3202/3637/2802
f 3090/3525/2690 3202/3637/2802 3204/3639/2804
f 3078/3513/2678 3204/3639/2804 3208/3643/2808
f 3217/3652/2817 3208/3643/2808 3218/3653/2818
f 3217/3652/2817 3210/3645/2810 3080/3515/2680
f 3080/3515/2680 3212/3647/2812 3082/3517/2682
f 3082/3517/2682 3214/3649/2814 3084/3519/2684
f 3084/3519/2684 3199/3634/2799 3085/3520/2685
f 2999/3431/2599 3087/3522/2687 3002/3434/2602
f 3219/3654/2819 3220/3655/2820 3221/3656/2821
f 3222/3657/2822 3223/3658/2823 3224/3659/2824
f 3225/3660/2825 3226/3661/2826 3220/3655/2820
f 3227/3662/2827 2589/2961/2250 2591/2963/2252
f 3228/3663/2828 3229/3664/2829 3222/3657/2822
f 3230/3665/2830 3227/3666/2827 3228/3663/2828
f 3231/3667/2831 3221/3656/2821 3232/3668/2832
f 3223/3669/2823 2598/2970/2259 2587/2959/2248
f 3226/3670/2826 2587/2959/2248 2584/2956/2245
f 3220/3671/2820 2581/2953/2242 2599/2972/2260
f 3231/3667/2831 3233/3672/2833 3230/3665/2830
f 3223/3673/2823 2583/2955/2244 2598/3674/2259
f 3229/3675/2829 2592/2964/2253 2583/2955/2244
f 3229/3675/2829 2591/2963/2252 2592/2964/2253
f 3226/3670/2826 2584/2956/2245 2581/2953/2242
f 3234/3676/2834 3223/3677/2823 3226/3661/2826
f 3235/3678/2835 3236/3679/2836 3237/3680/2837
f 3238/3681/2838 3239/3682/2839 3240/3683/2840
f 3241/3684/2841 3239/3682/2839 3242/3685/2842
f 3241/3684/2841 3243/3686/2843 3244/3687/2844
f 3245/3688/2845 3246/3689/2846 3247/3690/2847
f 3248/3691/2848 3249/3692/2849 3250/3693/2850
f 3251/3694/2851 3252/3695/2852 3253/3696/2853
f 3254/3697/2854 3253/3696/2853 3255/3698/2855
f 3256/3699/2856 3257/3700/2857 3258/3701/2858
f 3259/3702/2859 3260/3703/2860 3261/3704/2861
f 3262/3705/2862 3263/3706/2863 3264/3707/2864
f 3262/3705/2862 3265/3708/2865 3266/3709/2866
f 3245/3688/2845 3267/3710/2867 3268/3711/2868
f 3268/3711/2868 3269/3712/2869 3270/3713/2870
f 3271/3714/2871 3272/3715/2872 3267/3716/2867
f 3273/3717/2873 3274/3718/2874 3275/3719/2875
f 3276/3720/2876 3250/3693/2850 3277/3721/2877
f 3278/3722/2878 3279/3723/2879 3257/3700/2857
f 3280/3724/2880 3281/3725/2881 3282/3726/2882
f 3280/3727/2880 3283/3728/2883 3284/3729/2884
f 3285/3730/2885 3286/3731/2886 3287/3732/2887
f 3288/3733/2888 3289/3734/2889 3290/3735/2890
f 3291/3736/2891 3235/3678/2835 3237/3680/2837
f 3292/3737/2892 3293/3738/2893 3235/3678/2835
f 3294/3739/2894 3295/3740/2895 3292/3741/2892
f 3296/3742/2896 3268/3711/2868 3243/3686/2843
f 3297/3743/2897 3298/3744/2898 3299/3745/2899
f 3300/3746/2900 3301/3747/2901 3302/3748/2902
f 3274/3749/2874 3303/3750/2903 3304/3751/2904
f 3305/3752/2905 3306/3753/2906 3307/3754/2907
f 3308/3755/2908 3309/3756/2909 3310/3757/2910
f 3311/3758/2911 3312/3759/2912 3313/3760/2913
f 3314/3761/2914 3315/3762/2915 3316/3763/2916
f 3293/3764/2893 3317/3765/2917 3236/3766/2836
f 3295/3767/2895 3264/3707/2864 3293/3764/2893
f 3318/3768/2918 3262/3705/2862 3295/3767/2895
f 3319/3769/2919 3246/3689/2846 3242/3685/2842
f 3304/3751/2904 3300/3746/2900 3297/3743/2897
f 3253/3696/2853 3320/3770/2920 3321/3771/2921
f 3307/3754/2907 3322/3772/2922 3305/3752/2905
f 3258/3701/2858 3249/3692/2849 3323/3773/2923
f 3324/3774/2924 3325/3775/2925 3308/3755/2908
f 3282/3776/2882 3326/3777/2926 3283/3728/2883
f 3327/3778/2927 3328/3779/2928 3329/3780/2929
f 3330/3781/2930 3331/3782/2931 3332/3783/2932
f 3263/3706/2863 3316/3763/2916 3333/3784/2933
f 3266/3709/2866 3319/3769/2919 3334/3785/2934
f 3335/3786/2935 3294/3739/2894 3292/3741/2892
f 3318/3787/2918 3336/3788/2936 3299/3789/2899
f 3243/3686/2843 3270/3713/2870 3336/3788/2936
f 3252/3695/2852 3337/3790/2937 3320/3770/2920
f 3274/3718/2874 3269/3791/2869 3275/3719/2875
f 3309/3756/2909 3338/3792/2938 3339/3793/2939
f 3340/3794/2940 3329/3780/2929 3341/3795/2941
f 3259/3702/2859 3342/3796/2942 3343/3797/2943
f 3343/3797/2943 3344/3798/2944 3345/3799/2945
f 3346/3800/2946 3347/3801/2947 3348/3802/2948
f 3304/3803/2904 3270/3713/2870 3269/3712/2869
f 3272/3715/2872 3269/3791/2869 3267/3716/2867
f 3272/3715/2872 3273/3717/2873 3275/3719/2875
f 3349/3804/2949 3309/3756/2909 3279/3723/2879
f 3350/3805/2950 3341/3806/2941 3329/3807/2929
f 3351/3808/2951 3327/3809/2927 3340/3810/2940
f 3352/3811/2952 3353/3812/2953 3354/3813/2954
f 3239/3682/2839 3355/3814/2955 3240/3683/2840
f 3356/3815/2956 3292/3737/2892 3235/3678/2835
f 3265/3708/2865 3357/3816/2957 3319/3769/2919
f 3244/3687/2844 3336/3788/2936 3294/3739/2894
f 3306/3753/2906 3320/3770/2920 3301/3747/2901
f 3325/3775/2925 3277/3817/2877 3338/3792/2938
f 3282/3726/2882 3340/3794/2940 3341/3795/2941
f 3358/3818/2958 3359/3819/2959 3351/3808/2951
f 3312/3820/2912 3360/3821/2960 3352/3811/2952
f 3313/3760/2913 3345/3799/2945 3311/3758/2911
f 3361/3822/2961 3354/3813/2954 3353/3812/2953
f 3355/3814/2955 3335/3823/2935 3356/3815/2956
f 3362/3824/2962 3244/3687/2844 3335/3786/2935
f 3299/3745/2899 3363/3825/2963 3318/3768/2918
f 3364/3826/2964 3337/3790/2937 3357/3816/2957
f 3271/3714/2871 3247/3690/2847 3252/3695/2852
f 3303/3750/2903 3306/3753/2906 3301/3747/2901
f 3254/3697/2854 3272/3715/2872 3251/3694/2851
f 3365/3827/2965 3279/3723/2879 3366/3828/2966
f 3276/3829/2876 3367/3830/2967 3248/3831/2848
f 3311/3758/2911 3344/3798/2944 3286/3731/2886
f 3368/3832/2968 3259/3702/2859 3261/3704/2861
f 3369/3833/2969 3370/3834/2970 3371/3835/2971
f 3333/3784/2933 3315/3762/2915 3330/3836/2930
f 3372/3837/2972 3356/3815/2956 3291/3736/2891
f 3373/3838/2973 3343/3797/2943 3345/3799/2945
f 3374/3839/2974 3289/3734/2889 3370/3834/2970
f 3260/3703/2860 3375/3840/2975 3376/3841/2976
f 3377/3842/2977 3290/3735/2890 3378/3843/2978
f 3379/3844/2979 3380/3845/2980 3381/3846/2981
f 3382/3847/2982 3383/3848/2983 3384/3849/2984
f 3376/3841/2976 3261/3704/2861 3260/3703/2860
f 3385/3850/2985 3375/3840/2975 3386/3851/2986
f 3385/3850/2985 3384/3849/2984 3387/3852/2987
f 3388/3853/2988 3368/3832/2968 3261/3704/2861
f 3387/3852/2987 3376/3841/2976 3385/3850/2985
f 3389/3854/2989 3354/3813/2954 3368/3832/2968
f 3371/3835/2971 3389/3854/2989 3369/3833/2969
f 3288/3733/2888 3390/3855/2990 3391/3856/2991
f 3370/3834/2970 3391/3856/2991 3371/3835/2971
f 3369/3833/2969 3388/3853/2988 3387/3852/2987
f 3392/3857/2992 3354/3813/2954 3393/3858/2993
f 3391/3856/2991 3394/3859/2994 3392/3857/2992
f 3373/3838/2973 3395/3860/2995 3375/3840/2975
f 3394/3859/2994 3352/3811/2952 3392/3857/2992
f 3386/3851/2986 3382/3847/2982 3385/3850/2985
f 3371/3835/2971 3392/3857/2992 3393/3858/2993
f 3396/3861/2996 3386/3851/2986 3397/3862/2997
f 3395/3860/2995 3312/3759/2912 3394/3863/2994
f 3377/3864/2977 3397/3862/2997 3390/3865/2990
f 3397/3862/2997 3375/3840/2975 3395/3860/2995
f 3379/3844/2979 3398/3866/2998 3382/3847/2982
f 3395/3860/2995 3390/3865/2990 3397/3862/2997
f 3365/3827/2965 3399/3867/2999 3400/3868/3000
f 3401/3869/3001 3402/3870/3002 3403/3871/3003
f 3404/3872/3004 3250/3693/2850 3249/3692/2849
f 3366/3828/2966 3405/3873/3005 3365/3827/2965
f 3338/3792/2938 3406/3874/3006 3339/3793/2939
f 3277/3721/2877 3407/3875/3007 3408/3876/3008
f 3408/3877/3008 3338/3792/2938 3277/3817/2877
f 3409/3878/3009 3401/3869/3001 3403/3871/3003
f 3410/3879/3010 3411/3880/3011 3412/3881/3012
f 3410/3879/3010 3255/3698/2855 3401/3869/3001
f 3413/3882/3013 3254/3697/2854 3410/3879/3010
f 3414/3883/3014 3415/3884/3015 3413/3882/3013
f 3405/3873/3005 3416/3885/3016 3417/3886/3017
f 3405/3873/3005 3412/3881/3012 3399/3867/2999
f 3418/3887/3018 3414/3883/3014 3416/3885/3016
f 3416/3885/3016 3413/3882/3013 3417/3886/3017
f 3414/3883/3014 3322/3888/2922 3273/3717/2873
f 3419/3889/3019 3420/3890/3020 3418/3887/3018
f 3420/3890/3020 3305/3891/2905 3322/3888/2922
f 3421/3892/3021 3305/3752/2905 3422/3893/3022
f 3423/3894/3023 3424/3895/3024 3408/3877/3008
f 3419/3889/3019 3406/3874/3006 3424/3895/3024
f 3403/3871/3003 3425/3896/3025 3421/3892/3021
f 3423/3897/3023 3403/3871/3003 3421/3892/3021
f 3419/3889/3019 3421/3898/3021 3422/3899/3022
f 3407/3875/3007 3423/3897/3023 3408/3876/3008
f 3426/3900/3026 3427/3901/3027 3428/3902/3028
f 3429/3903/3029 3428/3904/3028 3430/3905/3030
f 3431/3906/3031 3430/3907/3030 3432/3908/3032
f 3257/3700/2857 3400/3868/3000 3258/3701/2858
f 3433/3909/3033 3434/3910/3034 3435/3911/3035
f 3426/3900/3026 3436/3912/3036 3434/3910/3034
f 3429/3903/3029 3437/3913/3037 3436/3912/3036
f 3264/3707/2864 3333/3784/2933 3317/3765/2917
f 3298/3744/2898 3265/3708/2865 3363/3825/2963
f 3438/3914/3038 3439/3915/3039 3440/3916/3040
f 3441/3917/3041 3442/3918/3042 3438/3914/3038
f 3443/3919/3043 3444/3920/3044 3441/3917/3041
f 3317/3765/2917 3330/3836/2930 3445/3921/3045
f 3446/3922/3046 3440/3916/3040 3447/3923/3047
f 3448/3924/3048 3438/3914/3038 3446/3922/3046
f 3449/3925/3049 3441/3917/3041 3448/3924/3048
f 3428/3902/3028 3450/3926/3050 3451/3927/3051
f 3430/3905/3030 3451/3928/3051 3452/3929/3052
f 3432/3908/3032 3452/3930/3052 3453/3931/3053
f 3238/3681/2838 3314/3761/2914 3316/3763/2916
f 3396/3861/2996 3378/3932/2978 3380/3845/2980
f 3454/3933/3054 3447/3923/3047 3455/3934/3055
f 3456/3935/3056 3446/3922/3046 3454/3933/3054
f 3457/3936/3057 3448/3924/3048 3456/3935/3056
f 3366/3828/2966 3309/3756/2909 3339/3793/2939
f 3435/3911/3035 3454/3933/3054 3455/3934/3055
f 3434/3910/3034 3456/3935/3056 3454/3933/3054
f 3437/3913/3037 3456/3935/3056 3436/3912/3036
f 3240/3683/2840 3372/3837/2972 3314/3761/2914
f 3444/3937/3044 3451/3928/3051 3442/3938/3042
f 3444/3939/3044 3453/3931/3053 3452/3930/3052
f 3230/3665/2830 3458/3940/1332 3231/3667/2831
f 3301/3747/2901 3337/3790/2937 3302/3748/2902
f 3329/3807/2929 3459/3941/3058 3350/3805/2950
f 3263/3706/2863 3334/3785/2934 3238/3681/2838
f 3319/3769/2919 3239/3682/2839 3334/3785/2934
f 3296/3742/2896 3242/3685/2842 3246/3689/2846
f 3300/3746/2900 3364/3826/2964 3298/3744/2898
f 3270/3713/2870 3299/3789/2899 3336/3788/2936
f 3357/3816/2957 3247/3690/2847 3246/3689/2846
f 3228/3663/2828 3460/3942/3059 3230/3665/2830
f 3224/3943/2824 3461/3944/3060 3462/3945/3061
f 3222/3657/2822 3463/3946/3062 3228/3663/2828
f 3224/3659/2824 3464/3947/3063 3222/3657/2822
f 3225/3660/2825 3465/3948/3064 3466/3949/3065
f 3458/3940/1332 3219/3654/2819 3231/3667/2831
f 3234/3676/2834 3466/3949/3065 3461/3944/3060
f 3460/3942/3059 3467/3950/3066 3458/3940/1332
f 3461/3944/3060 3468/3951/3067 3469/3952/3068
f 3465/3948/3064 3467/3950/3066 3470/3953/3069
f 3470/3953/3069 3466/3949/3065 3465/3948/3064
f 3463/3946/3062 3471/3954/3070 3460/3942/3059
f 3462/3945/3061 3469/3952/3068 3472/3955/3071
f 3464/3947/3063 3473/3956/3072 3463/3946/3062
f 3462/3957/3061 3474/3958/3073 3464/3947/3063
f 3471/3954/3070 3475/3959/3074 3476/3960/3075
f 3477/3961/3076 3474/3958/3073 3472/3962/3071
f 3470/3953/3069 3478/3963/3077 3468/3951/3067
f 3467/3950/3066 3479/3964/3078 3470/3953/3069
f 3468/3951/3067 3480/3965/3079 3469/3952/3068
f 3467/3950/3066 3476/3960/3075 3481/3966/3080
f 3469/3952/3068 3477/3967/3076 3472/3955/3071
f 3473/3956/3072 3482/3968/3081 3475/3959/3074
f 3483/3969/3082 3450/3926/3050 3484/3970/3083
f 3477/3961/3076 3485/3971/3084 3482/3968/3081
f 3480/3965/3079 3486/3972/3085 3477/3967/3076
f 3478/3963/3077 3487/3973/3086 3480/3965/3079
f 3479/3964/3078 3488/3974/3087 3478/3963/3077
f 3481/3966/3080 3489/3975/3088 3479/3964/3078
f 3476/3960/3075 3490/3976/3089 3481/3966/3080
f 3484/3970/3083 3427/3901/3027 3491/3977/3090
f 3492/3978/3091 3427/3901/3027 3433/3909/3033
f 3493/3979/3092 3494/3980/3093 3495/3981/3094
f 3495/3981/3094 3484/3970/3083 3491/3977/3090
f 3496/3982/3095 3433/3909/3033 3435/3911/3035
f 3493/3979/3092 3497/3983/3096 3498/3984/3097
f 3495/3981/3094 3492/3978/3091 3497/3983/3096
f 3499/3985/3098 3435/3911/3035 3455/3934/3055
f 3498/3984/3097 3500/3986/3099 3501/3987/3100
f 3497/3983/3096 3496/3982/3095 3500/3986/3099
f 3499/3985/3098 3447/3923/3047 3502/3988/3101
f 3501/3987/3100 3503/3989/3102 3504/3990/3103
f 3500/3986/3099 3499/3985/3098 3503/3989/3102
f 3502/3988/3101 3440/3916/3040 3505/3991/3104
f 3504/3990/3103 3506/3992/3105 3507/3993/3106
f 3503/3989/3102 3502/3988/3101 3506/3992/3105
f 3505/3994/3104 3439/3995/3039 3483/3969/3082
f 3508/3996/3107 3506/3997/3105 3509/3998/3108
f 3506/3997/3105 3505/3994/3104 3509/3998/3108
f 3476/3960/3075 3510/3999/3109 3511/4000/3110
f 3512/4001/3111 3509/3998/3108 3513/4002/3112
f 3513/4002/3112 3505/3994/3104 3483/3969/3082
f 3514/4003/3113 3513/4002/3112 3494/3980/3093
f 3494/3980/3093 3483/3969/3082 3484/3970/3083
f 3485/3971/3084 3475/3959/3074 3482/3968/3081
f 3249/3692/2849 3399/3867/2999 3404/3872/3004
f 3339/3793/2939 3515/4004/3114 3366/3828/2966
f 3404/3872/3004 3409/3878/3009 3407/3875/3007
f 3399/3867/2999 3411/3880/3011 3404/3872/3004
f 3417/3886/3017 3410/3879/3010 3412/3881/3012
f 3418/3887/3018 3515/4004/3114 3406/3874/3006
f 3442/4005/3042 3450/3926/3050 3439/3995/3039
f 3227/3662/2827 2595/2967/2256 2589/2961/2250
f 3233/4006/2833 2585/2957/2246 2595/2967/2256
f 3233/4006/2833 2588/2960/2249 2585/2957/2246
f 3232/4007/2832 2593/2965/2254 2588/2960/2249
f 3232/4007/2832 2596/2968/2257 2593/2965/2254
f 3221/4008/2821 2586/2958/2247 2596/2968/2257
f 3221/4008/2821 2597/2969/2258 2586/2958/2247
f 3220/3671/2820 2599/2972/2260 2597/2969/2258
f 3226/3670/2826 3223/3669/2823 2587/2959/2248
f 3220/3671/2820 3226/3670/2826 2581/2953/2242
f 3223/3673/2823 3229/3675/2829 2583/2955/2244
f 3229/3675/2829 3227/3662/2827 2591/2963/2252
f 3227/3662/2827 3233/4006/2833 2595/2967/2256
f 3233/4006/2833 3232/4007/2832 2588/2960/2249
f 3232/4007/2832 3221/4008/2821 2596/2968/2257
f 3221/4008/2821 3220/3671/2820 2597/2969/2258
f 3378/3932/2978 3516/4009/3115 3380/3845/2980
f 3289/3734/2889 3517/4010/3116 3518/4011/3117
f 3378/3843/2978 3519/4012/3118 3520/4013/3119
f 3380/3845/2980 3521/4014/3120 3381/3846/2981
f 3290/3735/2890 3518/4011/3117 3519/4012/3118
f 3381/3846/2981 3522/4015/3121 3398/3866/2998
f 3523/4016/3122 3524/4017/3123 3517/4010/3116
f 3398/3866/2998 3524/4017/3123 3383/3848/2983
f 3519/4012/3118 3525/4018/3124 3520/4013/3119
f 3521/4014/3120 3526/4019/3125 3527/4020/3126
f 3517/4010/3116 3528/4021/3127 3529/4022/3128
f 3520/4023/3119 3526/4019/3125 3516/4009/3115
f 3524/4017/3123 3530/4024/3129 3528/4021/3127
f 3518/4011/3117 3531/4025/3130 3519/4012/3118
f 3522/4015/3121 3527/4020/3126 3530/4024/3129
f 3517/4010/3116 3532/4026/3131 3518/4011/3117
f 247/4027/99 3533/4028/3132 1240/4029/1102
f 1643/4030/1412 3534/4031/3133 1663/4032/1425
f 1446/4033/1265 3535/4034/811 1447/4035/768
f 552/4036/99 3536/4037/3134 3537/4038/100
f 3538/4039/684 1685/4040/1441 1686/4041/697
f 1515/4042/1323 3536/4037/3134 1373/4043/1203
f 803/4044/728 3533/4028/3132 3539/4045/3135
f 1446/4033/1265 3540/4046/3136 3541/4047/3137
f 1515/4048/1323 3535/4034/811 3542/4049/3138
f 1663/4032/1425 3538/4039/684 1686/4041/697
f 618/4050/99 3537/4038/100 3543/4051/100
f 1588/4052/99 3543/4051/100 3544/4053/100
f 1588/4054/99 3545/4055/100 248/4056/99
f 248/4056/99 3546/4057/100 247/4027/99
f 803/4044/728 3527/4058/3126 3526/4059/3125
f 1509/1678/1317 1593/1802/305 3547/4060/378
f 1679/1947/1436 3532/4061/3131 3529/4062/3128
f 3531/4063/3130 3532/4061/3131 1643/4030/1412
f 3546/4057/100 1680/1949/1437 3533/4028/3132
f 3548/4064/3139 1216/1307/1084 3534/4031/3133
f 3541/4047/3137 1629/1871/811 3535/4034/811
f 3537/4038/100 1520/1692/1325 1615/1833/100
f 1217/1308/684 3540/4046/3136 3538/4039/684
f 3542/4065/3138 1520/1692/1325 3536/4037/3134
f 3539/4045/3135 1680/1949/1437 1509/1678/1317
f 3541/4047/3137 1555/1742/1350 1382/1516/1212
f 3542/4049/3138 1629/1871/811 1318/1440/1161
f 3534/4031/3133 1217/1308/684 3538/4039/684
f 3543/4051/100 1615/1833/100 1065/1127/100
f 3544/4053/100 1065/1127/100 791/1116/100
f 3544/4066/100 174/176/100 3545/4055/100
f 3545/4055/100 176/178/100 3546/4057/100
f 1633/1878/1405 3547/4060/378 1593/1802/305
f 3547/4060/378 3530/4067/3129 1509/1678/1317
f 1509/1678/1317 3527/4058/3126 3539/4045/3135
f 3547/4060/378 3529/4062/3128 3528/4068/3127
f 3549/4069/3140 3550/4070/3141 3551/4071/3142
f 3552/4072/3143 3553/4073/3144 3554/4074/3145
f 3555/4075/3146 3550/4070/3141 3556/4076/3147
f 3557/4077/3148 3549/4069/3140 3558/4078/3149
f 3559/4079/3150 3560/4080/3151 3561/4081/3152
f 3562/4082/3153 3563/4083/3154 3564/4084/3155
f 3565/4085/3156 3566/4086/3157 3567/4087/3158
f 3568/4088/3159 3569/4089/3160 3570/4090/3161
f 3571/4091/3162 3551/4071/3142 3572/4092/3163
f 3573/4093/3164 3574/4094/3165 3575/4095/3166
f 3576/4096/3167 3577/4097/3168 3578/4098/3169
f 3579/4099/3170 3580/4100/3171 3581/4101/3172
f 3582/4102/3173 3583/4103/3174 3584/4104/3175
f 3585/4105/3176 3586/4106/3177 3587/4107/3178
f 771/801/699 1637/1884/1408 150/152/140
f 3588/4108/1395 3589/4109/3179 3590/4110/1396
f 3591/4111/1166 3592/4112/3180 3593/4113/3181
f 1578/1780/1369 3594/4114/3182 1579/1781/1165
f 3595/4115/3183 3596/4116/3184 3597/4117/1430
f 3593/4113/3181 3598/4118/3185 3588/4108/1395
f 1579/1781/1165 3599/4119/3186 3591/4111/1166
f 1578/1780/1369 3597/4117/1430 3600/4120/1431
f 3601/4121/3187 3589/4109/3179 3596/4116/3184
f 3596/4116/3184 3589/4109/3179 3602/4122/1126
f 3589/4109/3179 3598/4118/3185 3602/4122/1126
f 3598/4118/3185 3592/4112/3180 3602/4122/1126
f 3592/4112/3180 3599/4119/3186 3602/4122/1126
f 3599/4119/3186 3594/4114/3182 3602/4122/1126
f 3594/4114/3182 3600/4120/1431 3602/4122/1126
f 3600/4120/1431 3597/4117/1430 3602/4122/1126
f 3597/4117/1430 3596/4116/3184 3602/4122/1126
f 3603/4123/3179 3604/4124/3187 3605/4125/1396
f 3606/4126/1430 3607/4127/1369 3608/4128/3183
f 3609/4129/3182 1324/1446/1166 1323/1445/1165
f 3610/4130/3180 3611/4131/1395 3612/4132/3181
f 3613/4133/3184 3608/4128/3183 3604/4124/3187
f 3614/4134/1431 1323/1445/1165 3607/4127/1369
f 1324/1446/1166 3610/4130/3180 3612/4132/3181
f 3611/4131/1395 3603/4123/3179 3605/4125/1396
f 3615/4135/3185 3616/4136/1126 3603/4123/3179
f 3603/4123/3179 3616/4136/1126 3613/4133/3184
f 3613/4133/3184 3616/4136/1126 3606/4126/1430
f 3606/4126/1430 3616/4136/1126 3614/4134/1431
f 3614/4134/1431 3616/4136/1126 3609/4129/3182
f 3609/4129/3182 3616/4136/1126 3617/4137/3186
f 3617/4137/3186 3616/4136/1126 3610/4130/3180
f 3610/4130/3180 3616/4136/1126 3615/4135/3185
f 3618/4138/3184 1670/1929/1126 1669/1928/1430
f 3619/4139/3179 1670/1929/1126 3618/4138/3184
f 3620/4140/3185 1670/1929/1126 3619/4139/3179
f 3621/4141/3180 1670/1929/1126 3620/4140/3185
f 3622/4142/3186 1670/1929/1126 3621/4141/3180
f 3623/4143/3182 1670/1929/1126 3622/4142/3186
f 1671/1930/1431 1670/1929/1126 3623/4143/3182
f 3624/4144/1369 3623/4143/3182 3625/4145/1165
f 3626/4146/3187 1669/1928/1430 3627/4147/3183
f 3620/4140/3185 3628/4148/1396 3629/4149/1395
f 3630/4150/1166 3621/4141/3180 3631/4151/3181
f 1669/1928/1430 3624/4144/1369 3627/4147/3183
f 3619/4139/3179 3626/4146/3187 3628/4148/1396
f 3621/4141/3180 3629/4149/1395 3631/4151/3181
f 3623/4143/3182 3630/4150/1166 3625/4145/1165
f 1678/1946/1435 3628/4148/1396 3626/4146/3187
f 3632/4152/1369 3633/4153/3182 3634/4154/1165
f 3635/4155/3187 3636/4156/1430 3637/4157/3183
f 1620/1845/1395 3638/4158/3179 1621/1846/1396
f 3639/4159/3181 3640/4160/3186 3641/4161/3180
f 3637/4157/3183 3642/4162/1431 3632/4152/1369
f 1621/1846/1396 3643/4163/3184 3635/4155/3187
f 1620/1845/1395 3641/4161/3180 3644/4164/3185
f 3645/4165/1166 3633/4153/3182 3640/4160/3186
f 3640/4160/3186 3633/4153/3182 3646/4166/1126
f 3633/4153/3182 3642/4162/1431 3646/4166/1126
f 3642/4162/1431 3636/4156/1430 3646/4166/1126
f 3636/4156/1430 3643/4163/3184 3646/4166/1126
f 3643/4163/3184 3638/4158/3179 3646/4166/1126
f 3638/4158/3179 3644/4164/3185 3646/4166/1126
f 3644/4164/3185 3641/4161/3180 3646/4166/1126
f 3641/4161/3180 3640/4160/3186 3646/4166/1126
f 1528/1704/60 3645/4165/1166 3639/4159/3181
f 1621/1846/1396 3635/4155/3187 767/796/472
f 3632/4152/1369 1528/1704/60 3647/4167/1126
f 283/286/253 215/217/197 1543/1723/1340
f 3648/4168/3188 1556/1746/1351 742/769/676
f 1484/1644/1295 1576/1774/1367 1628/1867/1403
f 1484/1644/1295 1505/1670/1313 1477/1635/1289
f 1118/1189/1005 1557/1747/1352 1576/1774/1367
f 742/769/676 1557/1747/1352 743/770/677
f 1477/1635/1289 1035/1093/939 1391/1528/1217
f 1034/1092/938 3649/4169/3189 936/981/852
f 1460/1608/1277 992/1043/899 975/1024/883
f 1035/1093/939 936/981/852 1391/1528/1217
f 1459/1607/1276 595/612/544 992/1043/899
f 1460/1608/1277 281/284/251 411/420/376
f 1549/1732/1344 457/467/419 595/612/544
f 3649/4170/3189 457/467/419 184/186/167
f 411/420/376 283/286/253 1543/1723/1340
f 115/117/108 3648/4168/3188 215/217/197
f 3650/4171/3190 3651/4172/3191 3652/4173/3192
f 3653/4174/3193 3651/4172/3191 3654/4175/3194
f 3655/4176/3195 3656/4177/3196 3657/4178/3197
f 3658/4179/3198 3659/4180/3199 3650/4171/3190
f 3660/4181/3200 3654/4175/3194 3656/4177/3196
f 3661/4182/3201 3657/4183/3197 3662/4184/3202
f 3663/4185/3203 3664/4186/3204 3658/4179/3198
f 3665/4187/3205 3666/4188/3206 3667/4189/3207
f 3668/4190/3208 3669/4191/3209 3670/4192/3210
f 3671/4193/3211 3672/4194/3212 3673/4195/3213
f 3674/4196/3214 3667/4189/3207 3675/4197/3215
f 3676/4198/3216 3670/4192/3210 3666/4188/3206
f 3677/4199/3217 3672/4194/3212 3669/4200/3209
f 3678/4201/3218 3679/4202/3219 3671/4193/3211
f 3674/4196/3214 3680/4203/3220 3678/4201/3218
f 3666/4188/3206 3658/4179/3198 3667/4189/3207
f 3670/4192/3210 3655/4204/3195 3661/4182/3201
f 3672/4194/3212 3653/4174/3193 3660/4181/3200
f 3667/4189/3207 3650/4171/3190 3675/4197/3215
f 3666/4188/3206 3661/4182/3201 3663/4185/3203
f 3669/4200/3209 3660/4181/3200 3655/4176/3195
f 3680/4203/3220 3653/4174/3193 3679/4202/3219
f 3675/4197/3215 3652/4173/3192 3680/4203/3220
f 3681/4205/3221 3678/4201/3218 3682/4206/3222
f 3682/4206/3222 3671/4193/3211 3683/4207/3223
f 3684/4208/3224 3677/4199/3217 3685/4209/3225
f 3686/4210/3226 3668/4190/3208 3676/4198/3216
f 3681/4205/3221 3665/4187/3205 3674/4196/3214
f 3683/4207/3223 3673/4195/3213 3684/4208/3224
f 3687/4211/3227 3677/4212/3217 3668/4190/3208
f 3688/4213/3228 3676/4198/3216 3665/4187/3205
f 3689/4214/3229 3690/4215/3230 3691/4216/3231
f 3692/4217/3232 3693/4218/3233 3689/4214/3229
f 3694/4219/3234 3695/4220/3235 3696/4221/3236
f 3697/4222/3237 3690/4215/3230 3698/4223/3238
f 3699/4224/3239 3696/4221/3236 3700/4225/3240
f 3701/4226/3241 3698/4223/3238 3695/4220/3235
f 3702/4227/3242 3703/4228/3243 3704/4229/3244
f 3705/4230/3245 3706/4231/3246 3707/4232/3247
f 3708/4233/3248 3709/4234/3249 3710/4235/3250
f 3711/4236/3251 3712/4237/3252 3703/4228/3243
f 3705/4230/3245 3704/4229/3244 3713/4238/3253
f 3707/4239/3247 3714/4240/3254 3708/4233/3248
f 3710/4235/3250 3715/4241/3255 3716/4242/3256
f 3717/4243/3257 3715/4241/3255 3712/4237/3252
f 3704/4229/3244 3697/4222/3237 3701/4226/3241
f 3706/4231/3246 3694/4219/3234 3699/4224/3239
f 3714/4240/3254 3692/4217/3232 3709/4234/3249
f 3703/4228/3243 3691/4216/3231 3697/4222/3237
f 3713/4238/3253 3701/4226/3241 3694/4219/3234
f 3706/4244/3246 3718/4245/3258 3714/4240/3254
f 3709/4234/3249 3689/4214/3229 3715/4241/3255
f 3715/4241/3255 3691/4216/3231 3712/4237/3252
f 3682/4206/3222 3717/4243/3257 3681/4205/3221
f 3683/4207/3223 3716/4242/3256 3682/4206/3222
f 3685/4209/3225 3708/4233/3248 3684/4208/3224
f 3687/4211/3227 3702/4227/3242 3705/4230/3245
f 3688/4213/3228 3717/4243/3257 3711/4236/3251
f 3684/4208/3224 3710/4235/3250 3683/4207/3223
f 3685/4246/3225 3705/4230/3245 3707/4232/3247
f 3686/4210/3226 3711/4236/3251 3702/4227/3242
f 3387/3852/2987 3374/3839/2974 3369/3833/2969
f 319/1580/286 1608/1824/7 1381/4247/1211
f 1635/1881/1406 1634/1880/7 663/1412/605
f 3663/4185/3203 3662/4184/3202 3719/4248/3259
f 3719/4248/3259 3720/4249/3260 3721/4250/3261
f 3722/4251/3262 3721/4250/3261 3723/4252/3263
f 3659/4180/3199 3722/4251/3262 3724/4253/3264
f 3725/4254/3265 3726/4255/3266 3727/4256/3267
f 3728/4257/3268 3729/4258/3269 3730/4259/3270
f 3731/4260/3271 3732/4261/3272 3733/4262/3273
f 3727/4256/3267 3734/4263/3274 3735/4264/3275
f 3728/4257/3268 3736/4265/3276 3725/4266/3265
f 3737/4267/3277 3733/4262/3273 3729/4258/3269
f 3738/4268/3278 3732/4261/3272 3739/4269/3279
f 3237/3680/2837 3740/4270/3280 3291/3736/2891
f 3330/3781/2930 3347/4271/2947 3445/4272/3045
f 3445/4272/3045 3347/4271/2947 3741/4273/3281
f 3348/4274/2948 3331/3782/2931 3742/4275/3282
f 3332/3783/2932 3331/3782/2931 3348/4274/2948
f 3743/4276/3283 3443/3919/3043 3449/3925/3049
f 3744/4277/3284 3449/3925/3049 3457/3936/3057
f 3437/3913/3037 3744/4277/3284 3457/3936/3057
f 3745/4278/3285 3746/4279/3286 3740/4280/3280
f 3315/4281/2915 3746/4279/3286 3745/4278/3285
f 3700/4282/3240 3718/4245/3258 3699/4283/3239
f 3747/4284/3287 3718/4245/3258 3748/4285/3288
f 3693/4218/3233 3745/4278/3285 3740/4280/3280
f 3690/4215/3230 3693/4218/3233 3740/4286/3280
f 3431/3906/3031 3724/4287/3264 3722/4288/3262
f 3723/4289/3263 3431/3906/3031 3722/4288/3262
f 3749/4290/3289 3443/3919/3043 3750/4291/3290
f 3750/4292/3290 3743/4293/3283 3751/4294/3291
f 3432/4295/3032 3752/4296/3292 3724/4287/3264
f 3751/4294/3291 3744/4297/3284 3720/4249/3260
f 3744/4297/3284 3721/4250/3261 3720/4249/3260
f 3291/3736/2891 3746/4298/3286 3314/3761/2914
f 3310/4299/2910 3255/3698/2855 3253/3696/2853
f 3753/4300/3293 3278/3722/2878 3256/3699/2856
f 3425/3896/3025 3310/4299/2910 3306/3753/2906
f 3323/3773/2923 3367/4301/2967 3754/4302/3294
f 3256/3699/2856 3323/3773/2923 3754/4302/3294
f 3755/4303/3295 3756/4304/3296 3757/4305/3297
f 3286/3731/2886 3758/4306/3298 3759/4307/3299
f 3361/3822/2961 3760/4308/3300 3755/4303/3295
f 3761/4309/3301 3287/3732/2887 3762/4310/3302
f 3287/3732/2887 3761/4309/3301 3763/4311/3303
f 3344/3798/2944 3758/4306/3298 3286/3731/2886
f 3342/3796/2942 3764/4312/3304 3765/4313/3305
f 3360/3821/2960 3766/4314/3306 3760/4308/3300
f 3283/3728/2883 3278/3722/2878 3284/3729/2884
f 3767/4315/3307 3757/4305/3297 3768/4316/3308
f 3324/3774/2924 3350/3805/2950 3459/3941/3058
f 3769/4317/3309 3765/4313/3305 3770/4318/3310
f 3763/4319/3303 3761/4320/3301 3762/4321/3302
f 3765/4313/3305 3764/4312/3304 3732/4261/3272
f 3367/3830/2967 3459/3941/3058 3771/4322/3311
f 3358/3818/2958 3772/4323/3312 3773/4324/3313
f 3774/4325/3314 3775/4326/3315 3776/4327/3316
f 3777/4328/3317 3367/4329/2967 3778/4330/3318
f 3778/4331/3318 3459/3941/3058 3328/4332/2928
f 3326/3777/2926 3308/3755/2908 3310/3757/2910
f 3728/4257/3268 3725/4266/3265 3774/4325/3314
f 3727/4256/3267 3753/4333/3293 3725/4254/3265
f 3349/3804/2949 3326/3777/2926 3310/3757/2910
f 3754/4334/3294 3775/4326/3315 3774/4325/3314
f 3753/4335/3293 3280/3727/2880 3284/3729/2884
f 3779/4336/3319 3780/4337/3320 3777/4328/3317
f 3384/3849/2984 3523/4016/3122 3374/3839/2974
f 3735/4264/3275 3781/4338/3321 3738/4268/3278
f 3753/4300/3293 3256/3699/2856 3754/4302/3294
f 3754/4339/3294 3725/4254/3265 3753/4333/3293
f 3507/3993/3106 3487/3973/3086 3504/3990/3103
f 3507/4340/3106 3485/3971/3084 3486/4341/3085
f 3508/3996/3107 3510/3999/3109 3485/3971/3084
f 3512/4001/3111 3511/4000/3110 3510/3999/3109
f 3514/4003/3113 3490/3976/3089 3511/4000/3110
f 3498/3984/3097 3490/3976/3089 3493/3979/3092
f 3501/3987/3100 3489/3975/3088 3498/3984/3097
f 3504/3990/3103 3488/3974/3087 3501/3987/3100
f 1674/1935/653 1595/1805/652 3782/4342/7
f 1595/1805/652 1295/1411/914 3782/4342/7
f 1295/1411/914 1294/1410/915 3782/4342/7
f 1294/1410/915 1674/1935/653 3782/4342/7
f 1061/1123/958 3783/4343/1370 1257/1362/7
f 3783/4343/1370 822/858/745 1257/1362/7
f 822/858/745 951/998/863 1257/1362/7
f 1586/1790/745 3784/4344/863 1587/1791/7
f 3784/4344/863 1360/1490/958 1587/1791/7
f 1360/1490/958 1582/1785/1370 1587/1791/7
f 1009/1063/915 717/741/653 1010/1064/7
f 717/741/653 716/740/652 1010/1064/7
f 716/740/652 1008/1062/914 1010/1064/7
f 3773/4324/3313 3737/4267/3277 3776/4327/3316
f 3738/4268/3278 3772/4323/3312 3280/3724/2880
f 3735/4264/3275 3738/4268/3278 3280/3724/2880
f 3785/4345/7 3786/4346/3322 3787/4347/3323
f 1184/1270/1057 1057/1119/954 1392/1529/1218
f 1040/1098/944 3788/4348/3324 1041/1099/945
f 380/388/345 3789/4349/3325 381/389/346
f 1134/1208/1018 3790/4350/3326 1135/1209/1019
f 1085/1152/979 3791/4351/3327 1086/1153/980
f 650/669/593 3792/4352/3328 648/667/591
f 1468/1624/1283 3793/4353/3329 1367/1498/1198
f 994/1047/901 3794/4354/3330 1467/1623/1282
f 1462/1612/1279 3795/4355/3331 993/1046/900
f 1839/2119/1591 3796/4356/3332 1461/1611/1278
f 1625/1864/1400 3797/4357/3333 1626/1865/1401
f 1650/1905/1418 3798/4358/3334 1625/1906/1400
f 1493/1656/1303 3799/4359/3335 1494/1657/1304
f 957/1005/867 3800/4360/3336 958/1006/868
f 1672/1932/1432 3801/4361/3337 1673/1933/1433
f 3564/4084/3155 3802/4362/3338 3552/4072/3143
f 3554/4074/3145 3803/4363/3339 3576/4096/3167
f 3578/4098/3169 3804/4364/3340 3571/4091/3162
f 3572/4092/3163 3805/4365/3341 3565/4085/3156
f 3567/4087/3158 3806/4366/3342 3559/4079/3150
f 3581/4101/3172 3807/4367/3343 3562/4082/3153
f 3570/4090/3161 3808/4368/3344 3579/4099/3170
f 3558/4369/3149 3809/4370/3345 3568/4088/3159
f 3575/4095/3166 3810/4371/3346 3557/4077/3148
f 3587/4107/3178 3811/4372/3347 3573/4093/3164
f 3584/4104/3175 3812/4373/3348 3585/4105/3176
f 3556/4076/3147 3813/4374/3349 3582/4102/3173
f 2998/3430/2598 3814/4375/3350 3555/4075/3146
f 3561/4081/3152 3815/4376/3351 2996/3428/2596
f 3798/4377/3334 3816/4378/3352 3797/4357/3333
f 3798/4358/3334 3817/4379/3353 3818/4380/3354
f 3817/4379/3353 1693/1967/1445 3819/4381/3355
f 3799/4359/3335 3819/4381/3355 1693/1967/1445
f 3799/4359/3335 3820/4382/3356 3821/4383/3357
f 3816/4378/3352 3822/4384/3358 3823/4385/3359
f 1838/2118/1590 3823/4385/3359 3824/4386/3360
f 1838/2118/1590 3825/4387/3361 3796/4356/3332
f 3826/4388/3362 3796/4356/3332 3825/4387/3361
f 1699/1973/1451 3826/4388/3362 3827/4389/3363
f 1699/1973/1451 3828/4390/3364 3795/4355/3331
f 3829/4391/3365 3795/4355/3331 3828/4390/3364
f 1837/2117/1589 3829/4391/3365 3830/4392/3366
f 1837/2117/1589 3831/4393/3367 3794/4354/3330
f 3832/4394/3368 3794/4354/3330 3831/4393/3367
f 1695/1969/1447 3832/4394/3368 3833/4395/3369
f 1695/1969/1447 3834/4396/3370 3793/4353/3329
f 3835/4397/3371 3793/4353/3329 3834/4396/3370
f 1713/1987/1465 3835/4397/3371 3836/4398/3371
f 1713/1987/1465 3837/4399/3371 3792/4352/3328
f 3838/4400/3371 3792/4352/3328 3837/4399/3371
f 1835/2115/1587 3838/4400/3371 3839/4401/3371
f 1835/2115/1587 3840/4402/3371 3791/4351/3327
f 3841/4403/3372 3791/4351/3327 3840/4402/3371
f 1712/1986/1464 3841/4403/3372 3842/4404/3373
f 1712/1986/1464 3843/4405/3374 1697/1971/1449
f 3844/4406/3375 1697/1971/1449 3843/4405/3374
f 3790/4350/3326 3844/4406/3375 3845/4407/3376
f 3790/4350/3326 3846/4408/3377 1692/1966/1444
f 3847/4409/3378 1692/1966/1444 3846/4408/3377
f 3789/4349/3325 3847/4409/3378 3848/4410/3379
f 3789/4349/3325 3849/4411/3380 1698/1972/1450
f 3850/4412/3381 1698/1972/1450 3849/4411/3380
f 3788/4348/3324 3850/4412/3381 3851/4413/3382
f 3788/4348/3324 3852/4414/3383 1690/1964/1442
f 3853/4415/3384 3852/4414/3383 3854/4416/3385
f 3801/4361/3337 3853/4415/3384 3855/4417/3386
f 3801/4361/3337 3856/4418/3387 1694/1968/1446
f 3857/4419/3388 1694/1968/1446 3856/4418/3387
f 3800/4360/3336 3857/4419/3388 3858/4420/3389
f 3800/4360/3336 3859/4421/3390 1691/1965/1443
f 3859/4421/3390 3860/4422/3391 3820/4382/3356
f 3861/4423/3392 3862/4424/3393 3863/4425/3394
f 3864/4426/3395 3865/4427/3374 3866/4428/3396
f 3867/4429/3377 3868/4430/3397 3869/4431/3372
f 3870/4432/3380 3871/4433/3398 3872/4434/3375
f 3873/4435/3383 3874/4436/3399 3875/4437/3378
f 3876/4438/3400 3877/4439/3401 3878/4440/3381
f 3879/4441/3371 3880/4442/3385 3881/4443/3384
f 3882/4444/3371 3883/4445/3371 3884/4446/3371
f 3885/4447/3352 3886/4448/3371 3887/4449/3371
f 3888/4450/3361 3889/4451/3396 3890/4452/3353
f 3891/4453/3364 3892/4454/3358 3893/4455/3359
f 3894/4456/3367 3895/4457/3402 3896/4458/3362
f 3897/4459/3403 3898/4460/3370 3854/4416/3385
f 3899/4461/3404 3900/4462/3405 3901/4463/3368
f 3557/4464/3148 3896/4458/3362 3902/4465/3363
f 3575/4466/3166 3902/4465/3363 3891/4453/3364
f 3575/4466/3166 3891/4453/3364 3893/4455/3359
f 3587/4107/3178 3903/4467/3360 3888/4450/3361
f 3587/4107/3178 3888/4450/3361 3890/4452/3353
f 3584/4104/3175 3904/4468/3354 3885/4447/3352
f 3584/4104/3175 3885/4447/3352 3887/4449/3371
f 3556/4076/3147 3905/4469/3371 3882/4444/3371
f 3556/4076/3147 3882/4444/3371 3884/4446/3371
f 2998/3430/2598 3906/4470/3371 3879/4441/3371
f 2998/3430/2598 3879/4441/3371 3881/4443/3384
f 3561/4081/3152 3907/4471/3386 3876/4438/3400
f 3561/4081/3152 3876/4438/3400 3878/4440/3381
f 3567/4472/3158 3908/4473/3382 3873/4435/3383
f 3567/4472/3158 3873/4435/3383 3875/4437/3378
f 3572/4474/3163 3909/4475/3379 3870/4432/3380
f 3572/4474/3163 3870/4432/3380 3872/4434/3375
f 3578/4476/3169 3910/4477/3376 3867/4429/3377
f 3578/4476/3169 3867/4429/3377 3869/4431/3372
f 3554/4478/3145 3911/4479/3373 3865/4427/3374
f 3554/4478/3145 3865/4427/3374 3912/4480/3406
f 3564/4481/3155 3913/4482/3407 3861/4423/3392
f 3564/4481/3155 3861/4423/3392 3863/4425/3394
f 3581/4483/3172 3914/4484/3408 3899/4461/3404
f 3581/4483/3172 3901/4463/3368 3915/4485/3369
f 3570/4486/3161 3915/4485/3369 3898/4460/3370
f 3916/4487/3365 3917/4488/3366 3568/4489/3159
f 3894/4456/3367 3558/4490/3149 3917/4488/3366
f 3878/4440/3381 3918/4491/3409 3908/4492/3382
f 3898/4460/3370 3919/4493/3410 3920/4494/3411
f 3894/4456/3367 3921/4495/3412 3922/4496/3401
f 3829/4391/3365 3923/4497/3413 3924/4498/3414
f 3901/4463/3368 3925/4499/3415 3926/4500/3416
f 3894/4456/3367 3927/4501/3417 3928/4502/3418
f 3831/4393/3367 3929/4503/3412 3877/4439/3401
f 3853/4415/3384 3930/4504/3419 3855/4417/3386
f 3916/4487/3365 3931/4505/3413 3932/4506/3414
f 3834/4396/3370 3933/4507/3410 3934/4508/3411
f 3915/4485/3369 3926/4500/3416 3919/4493/3410
f 3850/4412/3381 3935/4509/3409 3851/4413/3382
f 3936/4510/3405 3937/4511/3420 3938/4512/3415
f 3854/4416/3385 3939/4513/3421 3853/4415/3384
f 3883/4445/3371 3940/4514/3371 3884/4446/3371
f 3906/4470/3371 3940/4514/3371 3879/4441/3371
f 3940/4514/3371 3836/4398/3371 3835/4397/3371
f 3940/4514/3371 3941/4515/3371 3879/4441/3371
f 3931/4505/3413 3935/4509/3409 3921/4495/3412
f 3942/4516/3422 3943/4517/3423 3944/4518/3424
f 3945/4519/3425 3946/4520/3426 3947/4521/3427
f 3948/4522/3428 3949/4523/3429 3950/4524/3430
f 3951/4525/3421 3952/4526/3431 3938/4512/3415
f 3953/4527/3432 3929/4503/3412 3923/4497/3413
f 3954/4528/3433 3955/4529/3424 3956/4530/3423
f 3957/4531/3427 3958/4532/3434 3959/4533/3425
f 3960/4534/3435 3961/4535/3430 3962/4536/3429
f 3963/4537/3436 3964/4538/3437 3965/4539/3438
f 3966/4540/3439 3967/4541/3440 3968/4542/3441
f 3926/4500/3416 3925/4499/3415 3969/4543/3431
f 3851/4413/3382 3970/4544/3442 3852/4414/3383
f 3898/4460/3370 3969/4543/3431 3854/4416/3385
f 3830/4392/3366 3924/4498/3414 3971/4545/3417
f 3849/4411/3380 3943/4517/3423 3895/4457/3402
f 3855/4417/3386 3972/4546/3420 3856/4418/3387
f 3877/4439/3401 3953/4547/3432 3878/4440/3381
f 3973/4548/3399 3974/4549/3433 3847/4409/3378
f 3908/4473/3382 3975/4550/3442 3873/4435/3383
f 3902/4465/3363 3942/4516/3422 3976/4551/3443
f 3977/4552/3403 3975/4550/3442 3923/4497/3413
f 3847/4409/3378 3978/4553/3444 3848/4410/3379
f 3831/4393/3367 3971/4545/3417 3979/4554/3418
f 3896/4458/3362 3943/4517/3423 3942/4516/3422
f 3874/4436/3399 3980/4555/3445 3955/4529/3424
f 3891/4453/3364 3976/4551/3443 3981/4556/3445
f 3826/4388/3362 3956/4530/3423 3982/4557/3422
f 3973/4548/3399 3981/4556/3445 3944/4518/3424
f 3875/4437/3378 3983/4558/3444 3909/4475/3379
f 3848/4410/3379 3984/4559/3446 3849/4411/3380
f 3827/4389/3363 3982/4557/3422 3985/4560/3443
f 3846/4408/3377 3945/4519/3425 3892/4454/3358
f 3874/4436/3399 3954/4528/3433 3875/4437/3378
f 3844/4406/3375 3947/4521/3427 3986/4561/3447
f 3909/4475/3379 3987/4562/3446 3870/4432/3380
f 3903/4563/3360 3988/4564/3448 3989/4565/3434
f 3870/4432/3380 3956/4530/3423 3990/4566/3402
f 3844/4406/3375 3946/4520/3426 3845/4407/3376
f 3828/4390/3364 3985/4560/3443 3980/4555/3445
f 3892/4454/3358 3988/4564/3448 3893/4455/3359
f 3871/4433/3398 3991/4567/3449 3957/4531/3427
f 3888/4450/3361 3989/4568/3434 3992/4569/3449
f 3822/4384/3358 3993/4570/3448 3823/4385/3359
f 3994/4571/3398 3992/4569/3449 3947/4521/3427
f 3872/4434/3375 3995/4572/3426 3910/4477/3376
f 3845/4407/3376 3996/4573/3450 3846/4408/3377
f 3824/4386/3360 3993/4570/3448 3958/4532/3434
f 3843/4405/3374 3949/4523/3429 3889/4451/3396
f 3872/4434/3375 3957/4531/3427 3997/4574/3447
f 3841/4403/3372 3950/4524/3430 3998/4575/3435
f 3910/4477/3376 3999/4576/3450 3867/4429/3377
f 3904/4468/3354 3948/4522/3428 4000/4577/3451
f 3867/4429/3377 3959/4533/3425 3822/4384/3358
f 3841/4403/3372 4001/4578/3452 3842/4404/3373
f 3825/4387/3361 3958/4532/3434 3991/4567/3449
f 3889/4451/3396 3948/4522/3428 3890/4452/3353
f 3868/4430/3397 4002/4579/3453 3961/4580/3430
f 3885/4447/3352 4000/4577/3451 4003/4581/3453
f 3866/4428/3396 4004/4582/3428 3817/4379/3353
f 4005/4583/3397 4003/4581/3453 3950/4524/3430
f 3869/4431/3372 4006/4584/3452 3911/4585/3373
f 3842/4404/3373 4007/4586/3454 3843/4405/3374
f 3818/4380/3354 4004/4582/3428 4008/4587/3451
f 3869/4431/3372 3961/4580/3430 3960/4588/3435
f 3911/4479/3373 4009/4589/3454 3865/4427/3374
f 3865/4427/3374 3962/4536/3429 3866/4428/3396
f 3816/4378/3352 4008/4590/3451 4002/4579/3453
f 3864/4426/3395 4010/4591/3455 3964/4538/3437
f 3860/4422/3391 4011/4592/3456 3820/4382/3356
f 3913/4482/3407 3963/4537/3436 4012/4593/3457
f 3820/4382/3356 4013/4594/3458 3821/4383/3357
f 3912/4480/3406 3964/4538/3437 3963/4537/3436
f 3913/4482/3407 4014/4595/3459 3861/4423/3392
f 3861/4423/3392 3965/4539/3438 3860/4422/3391
f 3819/4381/3355 4013/4594/3458 4010/4591/3455
f 3862/4424/3393 4015/4596/3460 3967/4541/3440
f 4016/4597/3461 4017/4598/3462 3857/4419/3388
f 3914/4484/3408 3966/4540/3439 4018/4599/3463
f 3857/4419/3388 4019/4600/3464 3858/4420/3389
f 3834/4396/3370 3952/4526/3431 3880/4442/3385
f 3863/4425/3394 3967/4541/3440 3966/4540/3439
f 3832/4394/3368 3938/4512/3415 4020/4601/3416
f 3914/4484/3408 4021/4602/3465 3899/4461/3404
f 3881/4443/3384 4022/4603/3419 3907/4471/3386
f 3899/4461/3404 3968/4542/3441 4016/4597/3461
f 3833/4395/3369 4020/4601/3416 3933/4507/3410
f 3897/4459/3403 3970/4544/3442 3931/4505/3413
f 3859/4421/3390 4019/4600/3464 4015/4596/3460
f 3880/4442/3385 3951/4525/3421 3881/4443/3384
f 3922/4496/3401 4023/4604/3432 3850/4412/3381
f 3900/4462/3405 3972/4546/3420 3925/4499/3415
f 3907/4471/3386 3937/4511/3420 3876/4438/3400
f 3917/4488/3366 3932/4506/3414 3927/4501/3417
f 4024/4605/3371 3886/4448/3371 3840/4402/3371
f 4024/4605/3371 3905/4469/3371 3887/4449/3371
f 3839/4401/3371 4024/4605/3371 3840/4402/3371
f 4025/4606/3371 4024/4605/3371 3838/4400/3371
f 1647/1902/227 3627/4147/3183 3624/4144/1369
f 767/796/472 3629/4149/1395 3628/4148/1396
f 1647/1902/227 3630/4150/1166 3647/4167/1126
f 1647/1902/227 3601/4121/3187 3595/4115/3183
f 1579/1781/1165 3591/4111/1166 104/4607/98
f 3588/4108/1395 1647/1902/227 3647/4167/1126
f 962/1010/60 3612/4132/3181 3611/4131/1395
f 104/4607/98 3607/4127/1369 1323/1445/1165
f 1528/1704/60 3604/4124/3187 3647/4167/1126
f 104/4607/98 3604/4124/3187 3608/4128/3183
f 767/796/472 3632/4152/1369 3647/4167/1126
f 767/796/472 3630/4150/1166 3631/4151/3181
f 104/4607/98 3588/4108/1395 3647/4167/1126
f 3749/4608/3289 3751/4609/3291 3656/4177/3196
f 3752/4610/3292 3659/4180/3199 3724/4253/3264
f 3664/4186/3204 3721/4250/3261 3722/4251/3262
f 3775/4326/3315 3773/4324/3313 3776/4327/3316
f 3358/3818/2958 3340/3810/2940 3281/3725/2881
f 3777/4328/3317 3351/3808/2951 3359/3819/2959
f 3772/4323/3312 3731/4260/3271 3773/4324/3313
f 1464/1620/1280 1607/1823/811 1559/1749/1354
f 4026/4611/3466 1607/1823/811 1341/1466/1177
f 4027/4612/3467 4028/4613/3468 4029/4614/3469
f 4030/4615/3470 301/304/269 300/303/268
f 1604/1820/1384 4031/4616/3471 1602/1818/1382
f 4032/4617/3472 4033/4618/3473 4034/4619/3474
f 4035/4620/3475 4036/4621/3476 4037/4622/3477
f 4038/4623/3478 4039/4624/3479 810/843/733
f 4040/4625/3480 1172/1255/1048 4041/4626/3481
f 4042/4627/3482 4043/4628/3483 4044/4629/3484
f 1301/1420/1146 4045/4630/3485 1299/1418/1144
f 4046/4631/3486 4047/4632/3487 4048/4633/3488
f 4049/4634/3489 4050/4635/3490 4051/4636/3491
f 4052/4637/3492 4053/4638/3493 4054/4639/3494
f 4055/4640/3495 4056/4641/3496 4057/4642/3497
f 4058/4643/3498 4059/4644/3499 1300/1419/1145
f 4060/4645/3500 4061/4646/3501 4062/4647/3502
f 4063/4648/3503 4064/4649/3504 4065/4650/3505
f 4066/4651/3506 811/844/734 4067/4652/3507
f 4068/4653/3508 4069/4654/3509 4070/4655/3510
f 4071/4656/3511 4072/4657/3512 299/302/267
f 4073/4658/3513 4074/4659/3514 4075/4660/3515
f 4076/4661/3516 1126/1197/1013 4077/4662/3517
f 4078/4663/3518 4079/4664/3519 1171/1254/1047
f 4080/4665/3520 4081/4666/3521 4082/4667/3522
f 4083/4668/3523 4084/4669/3524 4085/4670/3525
f 1392/1529/1218 4086/4671/3526 4087/4672/3527
f 882/920/803 4088/4673/3528 4089/4674/3529
f 1251/1351/1110 4090/4675/3530 82/82/76
f 873/910/794 4091/4676/3531 230/232/210
f 260/4677/235 4092/4678/3532 781/811/235
f 506/516/464 898/936/818 4093/4679/3533
f 506/516/464 4094/4680/3534 844/880/766
f 4091/4676/3531 4095/4681/3535 230/232/210
f 231/233/210 4095/4681/3535 4096/4682/3536
f 341/346/308 4097/4683/3537 4098/4684/3538
f 1646/1899/1415 4099/4685/3539 263/266/238
f 4099/4685/3539 4100/4686/3540 263/266/238
f 264/267/238 4100/4686/3540 4101/4687/3541
f 249/251/224 4102/4688/3542 4103/4689/3543
f 250/252/225 4104/4690/3544 1512/1683/1320
f 340/345/307 4105/4691/3545 4106/4692/3546
f 4104/4690/3544 4107/4693/3547 1512/1683/1320
f 4108/4694/848 4109/4695/3548 931/974/848
f 4096/4682/3536 4110/4696/3549 231/233/210
f 505/515/463 4110/4696/3549 897/935/817
f 4098/4684/3538 4111/4697/3550 4108/4694/848
f 4106/4692/3546 4112/4698/3551 340/345/307
f 4097/4683/3537 4113/4699/3552 4098/4684/3538
f 1506/1671/1314 4114/4700/3553 273/276/7
f 1613/1831/1391 440/450/7 4115/4701/3554
f 4049/4634/3489 4116/4702/3555 4083/4668/3523
f 4074/4659/3514 4117/4703/3556 4075/4660/3515
f 1057/1119/954 4118/4704/3557 4119/4705/3558
f 1531/1710/1331 1675/1937/1434 1532/1711/7
f 4120/4706/3559 4057/4642/3497 4079/4664/3519
f 656/675/7 1401/1538/1226 4121/4707/3560
f 4048/4633/3488 4067/4652/3507 4046/4631/3486
f 379/387/7 4114/4700/3553 4122/4708/3561
f 1283/1397/1133 3786/4346/3322 1282/1396/7
f 4041/4626/3481 4123/4709/3562 4040/4625/3480
f 4044/4629/3484 4124/4710/3563 4042/4627/3482
f 1665/4711/1427 503/513/7 4125/4712/3564
f 4126/4713/3565 4062/4647/3502 4061/4646/3501
f 419/428/384 1667/1926/7 1666/1925/1428
f 4127/4714/3566 118/120/110 117/119/7
f 4128/4715/3567 4059/4644/3499 4129/4716/3568
f 4130/4717/3569 4131/4718/3570 4071/4656/3511
f 4127/4714/3566 1561/1754/7 1614/1832/1392
f 4132/4719/3571 4082/4667/3522 4081/4666/3521
f 360/366/326 1597/1809/1378 358/364/7
f 4133/4720/3572 4037/4622/3477 4036/4621/3476
f 4027/4612/3467 4077/4662/3517 4134/4721/3573
f 502/512/7 13/13/7 289/292/7
f 159/161/7 590/607/539 741/767/675
f 92/92/86 358/364/7 625/644/7
f 148/150/7 40/565/36 1667/1926/7
f 1667/4722/7 42/42/38 503/513/7
f 159/161/7 551/563/503 148/150/7
f 4085/4670/3525 4070/4655/3510 4069/4654/3509
f 4135/4723/3574 4034/4619/3474 4033/4618/3473
f 4136/4724/3575 8/8/7 1683/1953/1439
f 4121/4707/3560 655/674/598 656/675/7
f 109/110/103 656/675/7 110/111/7
f 4122/4708/3561 359/365/325 379/387/7
f 4137/4725/3576 4053/4638/3493 4050/4635/3490
f 4065/4650/3505 4138/4726/3577 4052/4637/3492
f 4139/4727/3578 4140/4728/3579 4063/4648/3503
f 116/118/109 1399/1536/1224 284/287/7
f 284/287/7 858/895/779 1254/1356/1113
f 1307/1428/7 197/199/180 858/895/779
f 197/199/180 178/180/7 195/197/178
f 1173/1256/7 237/239/7 220/222/7
f 222/224/202 1532/1711/7 449/459/413
f 449/459/413 304/307/7 779/809/707
f 530/542/486 304/307/7 1282/1396/7
f 288/291/257 1282/1396/7 3785/4345/7
f 4031/4616/3471 4029/4614/3469 4028/4613/3468
f 1548/4729/1343 4108/4694/848 1101/1171/992
f 339/344/306 4098/4684/3538 1548/4729/1343
f 844/880/766 4141/4730/3580 260/262/235
f 4087/4672/3527 794/826/720 1392/1529/1218
f 1512/1683/1320 4142/4731/3581 881/919/802
f 4094/4680/3534 4143/4732/3582 844/880/766
f 4144/4733/3583 4145/4734/3584 341/346/308
f 795/827/721 1646/1899/1415 793/825/719
f 1250/1350/1109 4146/4735/3585 4147/4736/3586
f 4142/4731/3581 4088/4673/3528 881/919/802
f 4148/4737/3587 249/251/224 4103/4689/3543
f 4101/4687/3541 4105/4691/3545 264/267/238
f 4109/4695/3548 4102/4688/3542 931/974/848
f 4149/4738/3588 873/910/794 896/934/816
f 1516/1687/768 1528/1704/60 1445/1592/768
f 4090/4675/3530 4118/4704/3557 82/82/76
f 4111/4697/3550 4150/4739/3589 4108/4694/848
f 341/346/308 4112/4698/3551 4144/4733/3583
f 4141/4730/3580 4151/4740/3590 260/262/235
f 4089/4674/3529 4152/4741/3591 882/920/803
f 4092/4678/3532 4146/4735/3585 781/811/235
f 4093/4679/3533 4153/4742/3592 506/516/464
f 4119/4705/3558 4086/4671/3526 1057/1119/954
f 4154/4743/3593 1250/1350/1109 4147/4736/3586
f 896/934/816 4152/4741/3591 4149/4738/3588
f 4029/4614/3469 3787/4347/3323 4027/4612/3467
f 4030/4615/3470 158/160/148 147/149/138
f 4155/4744/3594 4125/4712/3564 365/372/331
f 4032/4617/3472 4136/4724/3575 1683/1953/1439
f 4035/4620/3475 1682/1952/1438 1642/1894/1411
f 4038/4623/3478 116/118/109 4117/4703/3556
f 4041/4626/3481 1362/1493/1193 1363/1494/1194
f 4043/4628/3483 179/181/163 4044/4629/3484
f 1301/1420/1146 1665/1924/1427 1603/4745/1383
f 4048/4633/3488 721/745/657 720/744/656
f 4050/4635/3490 626/645/571 4051/4636/3491
f 4053/4638/3493 4115/4701/3554 439/449/404
f 4056/4641/3496 302/305/270 4057/4642/3497
f 4059/4644/3499 419/428/384 1300/1419/1145
f 4060/4645/3500 655/674/598 4121/4707/3560
f 4140/4728/3579 1613/1831/1391 4064/4649/3504
f 809/842/732 1306/1427/1151 1305/1426/1150
f 4070/4655/3510 4122/4708/3561 4068/4653/3508
f 4072/4657/3512 1401/1538/1226 1400/1537/1225
f 4075/4660/3515 4127/4714/3566 4073/4658/3513
f 1124/1195/1011 3786/4346/3322 1283/1397/1133
f 4079/4664/3519 1531/1710/1331 1171/1254/1047
f 4082/4667/3522 1506/1671/1314 4080/4665/3520
f 4084/4669/3524 1597/1809/1378 360/366/326
f 1125/1196/1012 4086/4671/3526 4119/4705/3558
f 4132/4719/3571 4142/4731/3581 4069/4654/3509
f 4028/4613/3468 4154/4743/3593 4147/4736/3586
f 4133/4720/3572 4149/4738/3588 4033/4618/3473
f 1126/1197/1013 4090/4675/3530 4077/4662/3517
f 1602/1818/1382 4146/4735/3585 4092/4678/3532
f 4128/4715/3567 4093/4679/3533 301/304/269
f 4081/4666/3521 4152/4741/3591 4089/4674/3529
f 4126/4713/3565 4091/4676/3531 4036/4621/3476
f 810/843/733 4145/4734/3584 4144/4733/3583
f 4040/4625/3480 795/827/721 1170/1253/1046
f 4120/4706/3559 794/826/720 4087/4672/3527
f 4042/4627/3482 4099/4685/3539 4123/4709/3562
f 4045/4630/3485 4141/4730/3580 1299/1418/1144
f 4137/4725/3576 4148/4737/3587 4103/4689/3543
f 4124/4710/3563 4105/4691/3545 4101/4687/3541
f 4058/4643/3498 4094/4680/3534 4129/4716/3568
f 4085/4670/3525 4104/4690/3544 4083/4668/3523
f 4052/4637/3492 4102/4688/3542 4109/4695/3548
f 4061/4646/3501 4110/4696/3549 4096/4682/3536
f 4065/4650/3505 4111/4697/3550 4063/4648/3503
f 4071/4656/3511 898/936/818 897/935/817
f 4067/4652/3507 4112/4698/3551 4106/4692/3546
f 4139/4727/3578 4097/4683/3537 4074/4659/3514
f 4155/4744/3594 366/373/332 4029/4614/3469
f 4154/4743/3593 4077/4662/3517 4090/4675/3530
f 3787/4347/3323 4076/4661/3516 4027/4612/3467
f 4147/4736/3586 4031/4616/3471 4028/4613/3468
f 4093/4679/3533 299/302/267 301/304/269
f 1400/1537/1225 300/303/268 4072/4657/3512
f 4059/4644/3499 147/149/138 149/151/139
f 4153/4742/3592 4129/4716/3568 4094/4680/3534
f 4151/4746/3590 1602/1818/1382 4092/4678/3532
f 4125/4712/3564 1603/1819/1383 1665/4711/1427
f 4149/4738/3588 4135/4723/3574 4033/4618/3473
f 4136/4724/3575 4080/4665/3520 1506/1671/1314
f 4037/4622/3477 1683/1953/1439 1682/1952/1438
f 4156/4747/3595 4036/4621/3476 4091/4676/3531
f 4062/4647/3502 1642/1894/1411 655/674/598
f 4096/4682/3536 4126/4713/3565 4061/4646/3501
f 4145/4734/3584 4074/4659/3514 4097/4683/3537
f 116/118/109 4075/4660/3515 4117/4703/3556
f 4038/4623/3478 1305/1426/1150 1399/1536/1224
f 4144/4733/3583 811/844/734 810/843/733
f 4043/4628/3483 1363/1494/1194 177/179/162
f 4157/4748/3596 4123/4709/3562 4099/4685/3539
f 795/827/721 4078/4663/3518 1170/1253/1046
f 1362/1493/1193 1171/1254/1047 1531/1710/1331
f 4101/4687/3541 4042/4627/3482 4124/4710/3563
f 179/181/163 4047/4632/3487 4044/4629/3484
f 4143/4732/3582 1299/1418/1144 4141/4730/3580
f 1666/1925/1428 1300/1419/1145 419/428/384
f 4048/4633/3488 1306/1427/1151 4066/4651/3506
f 4106/4692/3546 4046/4631/3486 4067/4652/3507
f 4103/4689/3543 4054/4639/3494 4137/4725/3576
f 624/643/570 4053/4638/3493 439/449/404
f 4116/4702/3555 626/645/571 1597/1809/1378
f 4148/4737/3587 4083/4668/3523 4104/4690/3544
f 4150/4739/3589 4052/4637/3492 4109/4695/3548
f 4115/4701/3554 4064/4649/3504 1613/1831/1391
f 4119/4705/3558 1126/1197/1013 1125/1196/1012
f 1283/1397/1133 4056/4641/3496 1124/1195/1011
f 4087/4672/3527 4055/4640/3495 4120/4706/3559
f 302/305/270 4079/4664/3519 4057/4642/3497
f 4131/4718/3570 4121/4707/3560 1401/1538/1226
f 897/935/817 4130/4717/3569 4071/4656/3511
f 4073/4658/3513 1614/1832/1392 4140/4728/3579
f 4113/4699/3552 4063/4648/3503 4111/4697/3550
f 4089/4674/3529 4132/4719/3571 4081/4666/3521
f 4122/4708/3561 4082/4667/3522 4068/4653/3508
f 4070/4655/3510 360/366/326 359/365/325
f 4142/4731/3581 4085/4670/3525 4069/4654/3509
f 3787/4347/3323 289/292/7 3785/4345/7
f 1084/1150/978 342/347/309 1272/1382/1128
f 59/59/53 1007/1061/913 60/60/54
f 1553/4749/1348 718/742/654 4158/4750/3597
f 927/969/844 1644/1896/1413 1007/1061/913
f 50/50/45 718/742/654 669/688/611
f 976/1025/884 669/688/611 671/690/613
f 1644/1896/1413 343/348/310 1553/1738/1348
f 323/327/290 322/326/289 1619/4751/1394
f 1198/1286/1070 1027/1084/932 1560/1753/1355
f 1475/1632/1287 1437/1583/1259 1027/1084/932
f 1420/1560/1244 1198/1286/1070 1560/1753/1355
f 909/948/828 707/729/645 708/730/646
f 909/948/828 321/325/288 1420/1560/1244
f 1437/1583/1259 20/20/16 687/708/627
f 1/1/1 435/444/400 2/2/2
f 4/4/4 119/121/111 5/5/5
f 10/10/8 929/972/846 11/11/9
f 13/13/7 921/961/839 14/14/11
f 16/16/12 448/458/412 17/17/13
f 19/19/15 1605/1821/1385 20/20/16
f 22/22/18 1535/1714/909 23/23/19
f 25/25/21 861/898/782 26/26/22
f 28/28/24 266/269/240 29/29/25
f 31/31/27 1499/1663/1309 32/32/28
f 34/34/30 1223/1317/1090 35/35/31
f 37/37/33 4159/4752/3598 38/38/34
f 40/40/36 204/4753/187 41/41/37
f 43/43/39 641/660/585 44/44/40
f 46/46/42 387/395/352 47/47/43
f 49/49/44 4158/4750/3597 50/50/45
f 55/55/49 1117/1187/1004 56/56/50
f 58/58/52 1289/1405/1138 59/59/53
f 61/61/55 1005/1059/911 62/62/56
f 38/38/34 4159/4752/3598 64/64/58
f 66/66/60 856/1606/60 67/67/61
f 69/69/63 107/988/101 70/70/64
f 72/72/66 309/4754/276 73/73/67
f 75/75/69 253/255/228 76/76/70
f 78/78/72 703/725/641 79/79/73
f 81/81/75 1251/1351/1110 82/82/76
f 84/84/78 1622/1857/1397 85/85/79
f 87/87/81 513/524/470 88/88/82
f 90/90/84 1350/1479/1182 91/91/85
f 80/80/74 660/679/602 93/93/87
f 95/95/89 528/540/484 96/96/90
f 98/98/92 691/713/631 99/99/93
f 101/101/95 1610/1827/1388 102/102/96
f 104/104/98 619/1792/99 105/105/99
f 107/107/101 564/578/513 108/108/102
f 9/9/7 1394/1531/1220 7/7/7
f 1394/1531/1220 109/110/103 7/7/7
f 111/112/104 509/519/467 112/113/105
f 113/115/106 812/845/735 114/116/107
f 116/118/109 284/287/7 117/119/7
f 119/121/111 198/200/181 120/122/112
f 121/123/113 790/820/717 122/124/114
f 124/126/116 332/336/299 125/127/117
f 35/35/31 1224/1318/7 127/129/7
f 57/57/51 1/1/1 3/3/3
f 130/132/121 1229/1355/1092 131/133/122
f 133/135/124 843/879/765 134/136/125
f 136/138/127 607/626/556 137/139/128
f 139/141/130 1526/1700/1328 140/142/131
f 141/143/132 1239/1334/1101 142/144/133
f 144/146/135 308/311/275 145/147/136
f 147/149/138 159/161/7 148/150/7
f 150/152/140 1637/1884/1408 151/153/141
f 153/155/143 336/1799/303 154/156/144
f 26/26/22 1123/1194/1010 156/158/146
f 160/162/149 47/47/43 161/163/150
f 163/165/7 1381/1515/1211 164/166/152
f 168/170/156 1564/1759/1357 169/171/157
f 171/173/159 1099/1948/990 172/174/160
f 174/176/100 382/822/347 175/177/99
f 177/179/162 237/239/7 178/180/7
f 180/182/164 912/951/313 181/183/18
f 183/185/166 3649/4170/3189 184/186/167
f 186/188/169 603/4755/552 187/189/170
f 189/191/172 1514/1685/1322 190/192/173
f 192/194/175 725/749/660 193/195/176
f 195/197/178 617/711/565 196/198/179
f 198/200/181 1572/1769/1363 199/201/182
f 200/202/183 1335/1458/1173 201/203/184
f 203/205/186 792/824/718 204/206/187
f 206/208/189 857/1936/778 207/209/190
f 208/210/191 71/71/65 70/70/64
f 158/160/148 1400/1537/1225 210/212/7
f 211/213/193 1649/1904/1417 212/214/194
f 214/216/196 1543/1723/1340 215/217/197
f 217/219/199 1585/1789/1373 218/220/200
f 222/224/202 234/236/213 1173/1256/7
f 1173/1256/7 220/222/7 222/224/202
f 223/225/203 1558/1748/1353 224/226/204
f 226/228/206 431/440/396 227/229/207
f 229/231/209 937/1779/853 230/232/210
f 135/137/126 134/136/125 232/234/211
f 234/236/213 222/224/202 235/237/214
f 177/179/162 1363/1494/1194 220/222/7
f 238/240/125 1278/1388/765 239/241/216
f 241/243/218 578/592/527 242/244/219
f 244/246/221 765/794/694 245/247/222
f 247/249/99 1102/1172/99 105/105/99
f 251/253/226 1456/1603/1274 932/975/849
f 932/975/849 249/251/224 251/253/226
f 252/254/227 1326/1448/1143 76/76/70
f 254/256/229 790/820/717 121/123/113
f 256/258/231 700/722/638 257/259/232
f 259/261/234 844/880/766 260/262/235
f 214/265/196 216/445/198 263/266/238
f 28/28/24 747/774/681 265/268/239
f 226/228/206 228/230/208 267/270/241
f 269/272/243 36/36/32 270/273/244
f 272/275/246 487/497/7 273/276/7
f 275/278/248 1222/1313/1089 276/279/249
f 281/284/251 745/772/679 282/285/252
f 284/287/7 1254/1356/1113 285/288/254
f 286/289/255 234/236/213 236/238/215
f 13/13/7 307/310/274 288/291/257
f 288/291/257 3785/4345/7 289/292/7
f 290/293/258 1405/1542/1230 291/294/259
f 293/296/261 761/789/692 294/297/262
f 296/299/264 500/510/460 297/300/265
f 299/302/267 4072/4657/3512 300/303/268
f 152/154/142 151/153/141 305/308/272
f 307/310/274 367/375/333 308/311/275
f 309/312/276 4/4/4 6/6/6
f 310/314/277 819/855/742 311/315/278
f 313/317/280 1552/1737/1347 314/318/281
f 316/320/283 706/728/644 254/256/229
f 232/234/211 678/698/619 95/95/89
f 206/208/189 78/78/72 80/80/74
f 318/322/285 518/4756/474 319/323/286
f 321/325/288 708/730/646 322/326/289
f 140/142/131 1526/1700/1328 324/328/291
f 326/330/293 483/493/444 327/331/294
f 329/333/296 730/4757/665 330/334/297
f 240/242/217 239/241/216 332/336/299
f 333/337/300 518/4756/474 318/322/285
f 70/109/64 108/108/102 335/339/302
f 336/341/303 355/361/322 337/342/304
f 339/344/306 412/1923/377 340/345/307
f 342/347/309 1084/1150/978 343/348/310
f 345/350/312 1568/1764/1360 346/351/313
f 348/353/315 244/606/221 349/354/316
f 350/355/317 1554/1741/1349 351/356/318
f 209/340/192 335/339/302 353/358/320
f 153/360/143 1078/1142/972 355/361/322
f 356/362/323 98/98/92 100/100/94
f 358/364/7 379/387/7 359/365/325
f 142/144/133 999/1052/905 361/367/327
f 363/369/329 1397/1534/1223 364/370/330
f 365/372/331 502/512/7 289/292/7
f 307/310/274 13/13/7 15/15/7
f 367/375/333 51/51/46 145/147/136
f 329/333/296 331/335/298 368/376/334
f 370/378/336 1623/1861/1398 371/379/337
f 373/381/339 1600/1816/1380 374/382/340
f 376/384/342 1097/1166/988 377/385/343
f 91/91/85 764/793/693 379/387/7
f 1640/4758/1410 382/390/347 381/389/346
f 382/390/347 1135/1209/1019 380/388/345
f 383/391/348 1292/1408/1141 384/392/349
f 191/193/174 1271/1378/1127 386/394/351
f 317/321/284 536/548/491 388/396/353
f 390/398/355 1376/1508/1206 391/399/356
f 393/401/358 893/931/813 394/402/359
f 396/404/361 373/381/339 375/383/341
f 398/406/363 602/619/551 63/63/57
f 400/408/365 585/601/534 401/409/366
f 403/411/368 430/439/395 404/412/369
f 406/414/371 614/633/562 407/415/372
f 262/264/237 167/169/155 409/417/374
f 339/419/306 1460/1608/1277 411/420/376
f 413/422/378 437/447/402 414/423/379
f 416/425/381 813/847/736 417/426/382
f 420/429/385 1508/1675/1316 421/430/386
f 423/432/388 889/1839/483 424/433/389
f 426/435/391 698/720/636 427/436/392
f 429/438/394 1601/1817/1381 430/439/395
f 44/44/40 642/661/586 227/229/207
f 432/441/397 556/570/505 72/72/66
f 433/442/398 383/391/348 385/393/350
f 435/444/400 1646/1899/1415 263/266/238
f 436/446/401 1676/1938/1229 437/447/402
f 439/449/404 4115/4701/3554 440/450/7
f 441/451/405 1566/4759/1358 442/452/406
f 361/367/327 999/1052/905 444/454/408
f 446/456/410 357/363/324 447/457/411
f 449/459/413 780/810/708 235/237/214
f 450/460/414 1385/1519/941 451/461/117
f 405/413/370 1383/1517/1213 453/463/415
f 455/465/417 673/4760/615 456/466/418
f 392/400/357 391/399/356 458/468/420
f 460/470/422 1343/1468/1179 461/471/423
f 463/473/425 812/845/735 464/474/426
f 466/476/428 497/507/457 467/477/429
f 469/479/431 841/877/764 470/480/432
f 472/482/434 943/989/858 473/483/435
f 475/485/437 1390/1526/669 476/486/99
f 434/443/399 1314/1435/1158 481/491/442
f 318/322/285 320/324/287 483/493/444
f 485/495/446 71/71/65 208/210/191
f 272/275/246 1564/1759/1357 9/9/7
f 9/9/7 8/8/7 272/275/246
f 491/501/451 544/556/498 492/502/452
f 494/504/454 1228/1322/1091 495/505/455
f 461/471/423 686/707/626 443/453/407
f 497/507/457 399/407/364 485/495/446
f 384/392/349 1292/1408/1141 498/508/458
f 500/510/460 1476/4761/1288 501/511/461
f 42/42/38 921/961/839 502/512/7
f 921/961/839 13/13/7 502/512/7
f 504/514/462 696/718/634 505/515/463
f 507/517/465 75/75/69 77/77/71
f 286/374/255 287/1157/256 367/375/333
f 509/519/467 426/435/391 428/437/393
f 510/521/303 636/655/144 511/522/468
f 474/484/436 473/483/435 513/524/470
f 514/525/471 1246/1345/1106 515/526/472
f 333/528/300 771/1727/699 517/529/7
f 519/531/475 1291/1407/1140 520/532/476
f 522/534/478 475/485/437 477/487/438
f 524/536/480 870/907/791 525/537/481
f 527/539/483 941/986/388 528/540/484
f 308/311/275 144/146/135 530/542/486
f 128/130/119 127/129/7 531/543/7
f 533/545/488 1421/1561/672 534/546/489
f 317/321/284 95/95/89 97/97/91
f 537/549/492 1365/1496/1196 538/550/493
f 539/551/494 1287/1403/1136 540/552/495
f 542/554/472 1178/1263/472 543/555/497
f 545/557/499 736/761/671 546/558/500
f 548/560/490 739/764/489 549/561/414
f 551/563/503 205/848/188 204/564/187
f 552/566/99 618/637/99 553/567/99
f 555/569/504 1489/1651/1299 556/570/505
f 558/572/507 1507/1674/1315 466/476/428
f 2/2/2 435/444/400 216/445/198
f 560/574/509 1652/1909/1232 561/575/510
f 563/577/512 702/724/640 564/578/513
f 257/259/232 89/89/83 565/579/514
f 566/580/515 684/705/624 567/581/516
f 569/583/518 906/945/825 570/584/519
f 572/586/521 925/967/842 573/587/522
f 575/589/524 1479/1639/1291 576/590/525
f 578/592/527 753/780/686 292/295/260
f 569/583/518 571/585/520 579/593/528
f 581/595/530 275/278/248 277/280/250
f 185/597/168 932/975/849 583/598/532
f 584/600/533 1433/1575/1255 585/601/534
f 586/602/535 609/628/558 587/603/536
f 319/323/286 1381/4762/1211 589/605/538
f 244/606/221 246/766/223 590/607/539
f 591/608/540 1503/1668/1311 592/609/541
f 457/467/419 456/466/418 594/611/543
f 596/613/545 788/818/715 597/614/546
f 162/164/151 161/163/150 599/616/548
f 601/618/550 61/61/55 63/63/57
f 186/620/169 690/712/630 14/621/11
f 102/102/96 472/482/434 474/484/436
f 485/495/446 62/62/56 69/69/63
f 604/623/553 1488/1648/1298 605/624/554
f 100/100/94 99/99/93 607/626/556
f 608/627/557 616/635/564 609/628/558
f 610/629/7 913/952/831 611/630/559
f 406/414/371 640/659/584 613/632/561
f 88/88/82 119/121/111 4/4/4
f 186/188/169 188/190/171 616/635/564
f 618/637/99 1588/4763/99 619/638/99
f 101/101/95 103/103/97 620/639/566
f 622/641/568 986/1036/596 295/298/263
f 624/643/570 280/283/7 625/644/7
f 627/646/572 1000/1053/906 628/647/573
f 630/649/575 64/64/58 33/33/29
f 632/651/577 1063/1125/960 182/184/165
f 634/653/579 1439/1586/1261 635/654/580
f 311/315/278 1107/1177/994 637/656/581
f 639/658/583 369/377/335 368/376/334
f 641/660/585 1380/1514/1210 642/661/586
f 643/662/587 682/703/622 644/663/588
f 645/664/98 1069/1133/98 646/665/589
f 387/395/352 386/394/351 161/163/150
f 1085/1152/979 649/668/592 648/667/591
f 649/668/592 1452/4764/1270 650/669/593
f 495/505/455 1228/1322/1091 651/670/594
f 521/533/477 520/532/476 378/386/344
f 399/407/364 63/63/57 62/62/56
f 655/674/598 1642/1894/1411 110/111/7
f 657/676/599 1538/1718/1336 658/677/600
f 660/679/602 140/142/131 325/329/292
f 662/681/604 1635/1887/1406 663/682/605
f 456/466/418 673/4760/615 665/684/607
f 210/212/7 656/675/7 349/354/316
f 666/685/608 1574/1771/1365 667/686/609
f 669/688/611 719/743/655 670/689/612
f 672/691/614 1616/1834/1393 665/692/607
f 674/694/616 1312/1433/1156 675/695/617
f 677/697/116 529/541/485 678/698/619
f 112/700/105 921/961/839 42/42/38
f 93/93/87 660/679/602 661/680/603
f 643/662/587 1422/1562/1245 681/702/621
f 387/395/352 1076/1140/970 189/191/172
f 683/704/623 1584/1787/1372 684/705/624
f 461/471/423 800/833/726 685/706/625
f 687/708/627 1434/1577/1256 688/709/628
f 617/711/565 195/197/178 690/712/630
f 691/713/631 581/595/530 582/596/531
f 403/411/368 1032/1090/936 692/714/632
f 429/438/394 692/714/632 693/715/7
f 608/627/557 586/602/535 695/717/633
f 696/718/634 229/231/209 231/233/210
f 697/719/635 354/1872/321 698/720/636
f 699/721/637 1157/1238/1036 621/640/567
f 701/723/639 1189/1275/1062 702/724/640
f 703/725/641 695/717/633 704/726/642
f 316/320/283 194/196/177 193/195/176
f 707/729/645 1619/1844/1394 322/326/289
f 709/731/647 285/288/254 94/732/88
f 710/734/648 1188/1274/1061 711/735/649
f 713/737/431 1524/1697/1297 714/738/488
f 715/739/651 1379/1513/1209 716/740/652
f 718/742/654 4160/4765/3599 719/743/655
f 723/747/658 1575/1870/1366 724/748/659
f 726/750/661 1030/4766/935 727/751/662
f 402/410/367 401/409/366 601/618/550
f 729/753/664 773/803/701 330/754/297
f 731/756/666 569/583/518 580/594/529
f 490/500/450 850/886/772 52/52/47
f 733/758/668 1510/1679/1318 175/177/99
f 735/760/670 945/991/860 736/761/671
f 593/610/542 592/609/541 524/536/480
f 737/762/672 1571/1768/689 738/763/673
f 447/457/411 136/138/127 138/140/129
f 246/766/223 1028/4767/933 741/767/675
f 261/768/236 783/1941/710 742/769/676
f 744/771/678 362/368/328 745/772/679
f 747/774/681 267/270/241 748/775/7
f 749/776/682 1610/1827/1388 101/101/95
f 751/778/684 433/442/398 752/779/685
f 753/780/686 1441/1588/1263 290/293/258
f 754/781/687 1151/1232/259 755/782/260
f 188/190/171 187/189/170 428/783/393
f 274/277/247 545/557/499 547/559/501
f 757/785/689 658/677/600 758/786/690
f 293/296/261 847/883/769 760/788/691
f 133/135/124 135/137/126 22/22/18
f 196/790/179 617/636/565 616/635/564
f 240/242/217 124/126/116 762/791/485
f 274/277/247 273/276/7 379/387/7
f 765/794/694 364/370/330 766/795/695
f 767/796/472 1678/1946/1435 768/797/696
f 770/800/698 1408/4768/1233 771/801/699
f 771/801/699 150/152/140 306/799/273
f 150/152/140 152/154/142 306/799/273
f 729/753/664 885/923/806 772/802/700
f 202/204/185 201/203/184 774/804/702
f 776/806/704 1470/1627/1285 777/807/705
f 779/809/707 865/902/786 780/810/708
f 781/811/235 1250/1350/1109 782/812/709
f 76/76/70 1517/1688/1124 784/814/711
f 727/751/662 1030/4766/935 785/815/712
f 787/817/714 1498/1662/1308 788/818/715
f 789/819/716 697/719/635 122/124/114
f 791/821/100 1056/4769/953 382/822/347
f 676/823/618 845/1860/767 622/641/568
f 192/194/175 766/795/695 723/747/658
f 792/824/718 121/123/113 123/125/115
f 793/825/719 1392/1529/1218 794/826/720
f 386/394/351 876/1379/797 599/616/548
f 764/793/693 735/760/670 545/557/499
f 628/647/573 1000/1053/906 796/828/722
f 797/829/723 416/1279/381 701/830/639
f 799/832/725 1348/1476/595 800/833/726
f 802/835/305 831/867/754 803/836/728
f 805/838/729 1122/1193/1009 806/839/730
f 511/522/468 644/663/588 808/841/378
f 809/842/732 4038/4623/3478 810/843/733
f 703/725/641 705/727/643 139/141/130
f 113/115/106 445/455/409 464/474/426
f 786/846/713 1221/1312/1088 417/426/382
f 741/767/675 1028/4767/933 205/848/188
f 814/849/737 1627/1866/1402 577/591/526
f 816/851/739 562/576/511 561/575/510
f 818/853/741 1444/1591/1264 776/806/704
f 822/858/745 3783/4343/1370 579/593/528
f 823/859/746 977/1026/885 824/860/747
f 255/257/230 121/123/113 792/824/718
f 425/434/390 1164/1246/1041 826/862/749
f 831/867/754 1648/1903/1416 832/868/755
f 834/870/757 840/1744/763 835/871/758
f 24/24/20 23/23/19 837/873/760
f 839/875/762 1552/1737/1347 313/317/280
f 841/877/764 924/965/502 842/878/216
f 504/514/462 506/516/464 844/880/766
f 845/881/767 1482/1642/809 507/517/465
f 847/883/769 1130/1202/342 848/884/770
f 852/888/774 1279/1391/1132 853/889/775
f 855/891/777 1002/1548/908 856/892/60
f 197/199/180 196/198/179 857/894/778
f 859/896/780 920/959/838 860/897/781
f 862/899/783 1660/1917/1422 863/900/784
f 865/902/786 981/1030/889 866/903/787
f 820/856/743 600/1395/549 867/904/788
f 11/11/9 1359/1489/1191 869/906/790
f 870/907/791 728/752/663 727/751/662
f 874/911/795 1537/1716/1335 872/909/793
f 872/909/793 896/934/816 873/910/794
f 875/912/796 990/1041/897 25/25/21
f 409/417/374 167/169/155 166/168/154
f 877/914/798 1537/1716/1335 874/911/795
f 160/162/149 310/1315/277 878/916/799
f 880/918/801 1049/1109/950 881/919/802
f 883/921/804 1684/1956/1440 884/922/805
f 886/924/807 895/933/815 887/925/808
f 124/126/116 126/128/118 889/927/483
f 890/928/810 799/832/725 891/929/811
f 481/491/442 537/549/492 394/402/359
f 894/932/814 1562/1755/1356 895/933/815
f 872/909/793 880/918/801 882/920/803
f 899/937/305 634/653/579 636/655/144
f 628/647/573 446/456/410 448/458/412
f 900/938/819 49/1739/44 287/290/256
f 467/939/429 789/4770/716 790/820/717
f 901/940/820 1253/1354/1112 902/941/821
f 906/945/825 1209/1298/1079 907/946/826
f 908/947/827 1351/1480/1183 909/948/828
f 180/182/164 540/552/495 911/950/830
f 913/952/831 784/814/711 914/953/832
f 915/954/833 1438/1745/1260 916/955/834
f 918/957/836 1659/1916/1421 919/958/837
f 603/960/552 14/14/11 921/961/839
f 565/579/514 615/634/563 922/962/840
f 534/964/489 450/460/414 924/965/502
f 925/967/842 631/650/576 926/968/843
f 927/969/844 1272/1382/1128 342/347/309
f 155/157/145 1136/1211/1020 928/970/845
f 877/971/798 1456/1603/1274 929/972/846
f 931/974/848 249/251/224 932/975/849
f 933/976/266 1315/1437/266 84/84/78
f 934/977/850 1338/1463/1174 674/978/616
f 229/980/209 1391/1528/1217 936/981/852
f 704/726/642 1079/1143/973 938/983/854
f 939/984/855 659/678/601 940/985/856
f 942/987/857 563/1205/512 107/988/101
f 459/469/421 458/468/420 943/989/858
f 432/441/397 74/74/68 723/747/658
f 735/760/670 1350/1479/1182 944/990/859
f 946/992/7 1094/1365/985 947/993/466
f 950/996/862 709/731/647 93/733/87
f 907/946/826 1061/1123/958 951/998/863
f 952/999/89 763/1349/619 762/1000/485
f 954/1002/864 1353/1673/1185 955/1003/865
f 959/1007/869 1660/1934/1422 1673/1933/1433
f 1673/1933/1433 957/1005/867 959/1007/869
f 565/579/514 89/89/83 88/88/82
f 960/1008/870 4161/4771/3600 961/1009/871
f 765/794/694 192/194/175 194/196/177
f 962/1010/60 1516/1687/768 963/1011/872
f 714/738/488 1657/1914/91 965/1013/90
f 966/1014/874 1546/1728/1342 967/1015/875
f 969/1017/877 1668/1927/1429 970/1018/878
f 972/1020/880 1609/1851/1387 973/1021/881
f 112/113/105 509/519/467 187/520/170
f 975/1024/883 746/773/680 745/772/679
f 146/148/137 145/147/136 976/1025/884
f 823/859/746 315/319/282 807/840/731
f 1173/1256/7 690/712/630 237/239/7
f 690/712/630 195/197/178 237/239/7
f 978/1027/886 1200/1288/1072 979/1028/887
f 981/1030/889 146/148/137 58/58/52
f 936/981/852 3649/4169/3189 183/1032/166
f 983/1033/891 996/1049/902 984/1034/892
f 473/483/435 1572/1769/1363 198/200/181
f 986/1036/596 1465/1621/344 293/296/261
f 987/1037/894 1109/1179/996 988/1038/895
f 875/912/796 132/4772/123 131/1040/122
f 595/612/544 594/611/543 991/1042/898
f 257/259/232 620/639/566 87/87/81
f 725/749/660 724/748/659 558/1044/507
f 994/1047/901 1466/1622/1281 770/1045/698
f 770/1045/698 1462/1612/1279 993/1046/900
f 564/578/513 702/724/640 98/98/92
f 642/661/586 1388/1524/7 995/1048/7
f 996/1049/902 1095/1164/986 997/1050/903
f 30/30/26 29/29/25 444/454/408
f 353/358/320 335/339/302 1000/1053/906
f 855/1054/777 422/431/387 1001/1055/907
f 182/184/165 181/183/18 1003/1057/909
f 1004/1058/910 798/831/724 942/987/857
f 646/665/589 1599/1814/1379 1006/1060/912
f 981/1030/889 60/60/54 1007/1061/913
f 610/1065/7 612/1782/560 1011/1066/916
f 1013/1068/918 1143/1221/1027 1014/1069/919
f 637/656/581 1174/1257/1049 1016/1071/921
f 901/940/820 903/942/822 1018/1073/923
f 664/683/606 663/682/605 1020/1075/925
f 1386/4773/1215 1022/1078/927 982/1077/890
f 1022/1078/927 573/587/522 926/968/843
f 1023/1079/928 1271/1378/1127 191/193/174
f 1024/1080/929 1501/1666/1275 893/931/813
f 1024/1080/929 1304/1649/1149 778/1081/706
f 1026/1083/931 27/27/23 26/26/22
f 945/991/860 1560/1753/1355 1027/1084/932
f 1028/1085/933 1245/1344/1105 203/205/186
f 1029/1086/934 1594/1804/1376 373/381/339
f 1030/1696/935 1255/1358/1114 1031/4774/227
f 405/413/370 454/464/416 1032/1090/936
f 1033/1091/937 672/691/614 1034/1092/938
f 1036/1094/940 605/624/554 400/408/365
f 357/363/324 100/100/94 136/138/127
f 739/764/489 738/763/673 1037/1095/941
f 1039/1097/943 1191/4775/1064 1015/1070/920
f 1191/4775/1064 1108/1178/995 1015/1070/920
f 862/1100/783 1640/4758/1410 381/389/346
f 381/389/346 1040/1098/944 862/1100/783
f 138/140/129 137/139/128 749/776/682
f 123/125/115 426/435/391 509/519/467
f 131/1040/122 1230/1324/1093 1042/1101/946
f 168/1102/156 170/1578/158 1043/1103/947
f 1045/1105/770 376/384/342 1046/1106/227
f 1048/1108/949 1512/1683/1320 881/919/802
f 1050/1110/43 48/48/43 1051/1111/951
f 1053/1113/7 1336/1460/7 1054/1114/7
f 791/1116/100 1065/1127/100 649/1117/592
f 83/83/77 82/82/76 1057/1119/954
f 154/156/144 1247/1346/580 1059/1121/956
f 526/538/482 525/537/481 1004/1058/910
f 579/593/528 3783/4343/1370 1061/1123/958
f 1062/1124/959 180/182/164 182/184/165
f 1013/1068/918 1091/1159/961 1064/1126/961
f 1065/1127/100 1615/1833/100 476/486/99
f 629/648/574 628/647/573 16/16/12
f 427/1129/392 353/4776/320 627/1130/572
f 1068/1132/964 1387/1523/1216 1069/1133/98
f 715/739/651 717/741/653 1009/1063/915
f 1071/1135/966 1668/1927/1429 969/1017/877
f 1073/1137/968 1478/1636/1290 83/83/77
f 454/464/416 453/463/415 1074/1138/697
f 46/46/42 1165/1247/1042 1076/1140/970
f 1077/1141/971 211/213/193 213/215/195
f 588/604/537 1066/4777/962 1079/1143/973
f 1080/1144/974 754/781/687 1081/1145/975
f 51/51/46 50/50/45 976/1025/884
f 1079/1147/973 18/18/14 1083/1148/977
f 1084/1150/978 4160/4765/3599 718/742/654
f 1696/1970/1448 1056/4778/953 1086/1153/980
f 1056/4778/953 649/668/592 1086/1153/980
f 219/221/201 218/220/200 1087/1154/981
f 212/214/194 755/782/260 1089/1156/686
f 1051/1111/951 48/48/43 47/47/43
f 287/1157/256 49/49/44 51/51/46
f 1013/1068/918 312/316/279 1090/1158/961
f 879/917/800 834/870/757 836/872/759
f 1026/1083/931 211/213/193 1077/1141/971
f 1083/1148/977 699/721/637 700/722/638
f 891/929/811 799/832/725 801/834/727
f 586/602/535 588/604/537 704/726/642
f 312/316/279 311/315/278 638/657/582
f 946/1161/7 1158/1239/917 1093/1162/984
f 1095/1164/986 277/280/250 276/279/249
f 1096/1165/987 413/422/378 1097/1166/988
f 853/889/775 1279/1391/1132 1099/1168/990
f 774/804/702 201/203/184 45/45/41
f 865/902/786 144/146/135 146/148/137
f 1101/1171/992 4108/4694/848 931/974/848
f 106/106/100 105/105/99 1102/1172/99
f 1104/1174/465 1565/1760/69 1105/1175/71
f 61/61/55 1060/1122/957 1004/1058/910
f 78/78/72 207/209/190 695/717/633
f 821/857/744 1167/1249/1043 1106/1176/993
f 796/828/722 356/362/323 357/363/324
f 1050/1110/43 647/666/590 46/46/42
f 1109/1179/996 1039/1276/943 1110/1180/997
f 1111/1181/998 731/756/666 732/757/667
f 1112/1182/999 825/1216/748 1113/1183/1000
f 780/810/708 866/903/787 1115/1185/1002
f 864/901/785 863/900/784 560/574/509
f 1116/1186/1003 1183/1269/1056 56/56/50
f 259/1188/234 261/768/236 743/770/677
f 1119/1190/1006 839/4779/762 1120/1191/1007
f 860/897/781 1243/1803/1103 1122/1193/1009
f 18/18/14 17/17/13 699/721/637
f 1124/1195/1011 4056/4641/3496 1125/1196/1012
f 758/1198/690 930/973/847 929/972/846
f 1127/1199/1014 1197/1285/1069 1128/1200/811
f 1130/1202/342 252/254/227 253/255/228
f 592/609/541 1590/1795/1375 1131/1203/1016
f 846/882/768 507/517/465 508/518/466
f 798/831/724 701/830/639 563/1205/512
f 1133/1206/1017 1552/1737/1347 839/875/762
f 382/390/347 1056/4778/953 1134/1208/1018
f 1056/4778/953 1696/1970/1448 1134/1208/1018
f 824/1210/747 132/1775/123 1136/1211/1020
f 1138/1213/1022 668/1856/610 1139/1214/1023
f 825/1216/748 824/1210/747 1137/1212/1021
f 27/27/23 1077/1141/971 928/1217/845
f 970/1018/878 1212/1302/1082 918/957/836
f 312/316/279 1014/1069/919 878/1218/799
f 1141/1219/1025 270/273/244 128/130/119
f 903/942/822 902/941/821 1142/1220/1026
f 721/745/657 179/181/163 178/180/7
f 338/1222/305 1150/1231/560 1144/1223/559
f 985/1035/893 984/1034/892 1146/1225/1028
f 414/423/379 1264/1371/1121 1148/1227/1030
f 208/210/191 209/211/192 354/1229/321
f 1150/1231/560 946/992/7 948/994/831
f 1151/1232/259 1542/1722/60 1152/1233/219
f 271/274/245 1075/1139/969 1074/1138/697
f 1004/1058/910 525/537/481 797/829/723
f 1154/1235/1033 223/225/203 1155/1236/1034
f 975/1024/883 992/1043/899 991/1042/898
f 699/721/637 17/17/13 740/765/674
f 1158/1239/917 1547/1730/1324 519/531/475
f 144/146/135 865/902/786 779/809/707
f 567/581/516 684/705/624 814/849/737
f 1160/1241/1038 1270/1377/1126 1161/1242/1039
f 129/1244/120 3/1301/3 1163/1245/1040
f 46/46/42 647/666/590 1006/1060/912
f 1006/1060/912 1599/1814/1379 1166/1248/100
f 756/784/688 428/783/393 427/1129/392
f 365/372/331 4125/4712/3564 503/513/7
f 1113/1183/1000 825/1216/748 1082/1146/976
f 1168/1250/1044 4161/4780/3600 960/1251/870
f 1037/1095/941 1116/1186/1003 1117/1187/1004
f 1170/1253/1046 4078/4663/3518 1171/1254/1047
f 1173/1256/7 15/1381/7 14/621/11
f 919/1258/837 1659/1916/1421 1175/1259/1050
f 424/1261/389 55/55/49 57/57/51
f 953/1001/484 423/432/388 1177/1262/856
f 125/127/117 1117/1187/1004 55/55/49
f 949/995/861 515/526/472 1178/1263/472
f 1042/1101/946 1072/1136/967 969/1017/877
f 1180/1265/1053 969/1017/877 971/1019/879
f 1181/1266/1054 1262/1369/1119 1071/1135/966
f 840/876/763 313/317/280 1182/1267/1055
f 1183/1269/1056 1073/1137/968 1058/1120/955
f 1175/1259/1050 1218/1309/1085 1185/1271/1058
f 1187/1273/1060 1624/1862/1399 1133/1206/1017
f 817/852/740 1223/1317/1090 34/34/30
f 710/734/648 1569/1765/1361 1187/1273/1060
f 98/98/92 702/724/640 1189/1275/1062
f 1039/1276/943 1109/1179/996 1190/1277/1063
f 871/908/792 813/1424/736 416/1279/381
f 1192/1280/1065 1425/1566/1247 1193/1281/60
f 1195/1283/1067 1149/1228/1031 1196/1284/1068
f 1198/1286/1070 321/325/288 323/327/290
f 1200/1288/1072 1284/1400/1134 1201/1289/714
f 1202/1290/227 1215/1368/227 1203/1291/1073
f 1195/1283/1067 415/424/380 414/423/379
f 444/454/408 29/29/25 1205/1293/1075
f 878/916/799 1120/1743/1007 834/870/757
f 1207/1295/1077 1110/1180/997 1208/1296/1078
f 1169/1297/1045 960/1008/870 1209/1298/1079
f 1210/1299/1080 1112/1182/999 1114/1184/1001
f 3/1301/3 2/1336/2 782/812/709
f 1089/1156/686 1298/1417/527 337/342/304
f 1212/1302/1082 970/1018/878 1213/1303/378
f 335/339/302 108/108/102 796/828/722
f 1019/1074/924 1018/1073/923 1215/1305/227
f 1216/1307/1084 1153/1234/1032 1074/1138/697
f 870/907/791 871/908/792 797/829/723
f 1175/1259/1050 1659/1916/1421 1214/1304/1083
f 1219/1310/1086 436/446/401 438/448/403
f 1064/1126/961 1091/1159/961 384/392/349
f 1166/1248/100 189/191/172 1076/1140/970
f 438/448/403 437/447/402 413/422/378
f 1221/1312/1088 1204/1292/1074 1203/1291/1073
f 467/477/429 497/507/457 486/496/447
f 310/1315/277 160/162/149 162/164/151
f 1223/1317/1090 1687/1961/7 1224/1318/7
f 1225/1319/212 1281/4781/211 1226/1320/284
f 1208/1296/1078 4162/4782/3601 1228/1322/1091
f 1229/1323/1092 1263/1370/1120 1230/1324/1093
f 1231/1325/1094 1655/1912/1308 1232/1326/1095
f 1051/1111/951 160/162/149 879/917/800
f 1189/1275/1062 418/427/383 581/595/530
f 1066/1128/962 16/16/12 18/18/14
f 1190/1277/1063 1275/4783/1131 1207/1328/1077
f 1098/1167/989 1097/1166/988 376/384/342
f 1122/1193/1009 1243/1803/1103 1234/1329/1096
f 1208/1296/1078 1110/1180/997 1039/1276/943
f 1236/1331/1098 652/671/595 651/670/594
f 907/946/826 1209/1298/1079 580/594/529
f 740/765/674 138/140/129 750/777/683
f 267/270/241 747/774/681 28/28/24
f 1237/1332/1099 651/670/594 1219/1310/1086
f 637/656/581 1017/1072/922 1238/1333/1100
f 1239/1334/1101 30/30/26 999/1052/905
f 1148/1227/1030 1264/1371/1121 352/357/319
f 1240/1335/1102 833/869/756 1102/1172/99
f 315/319/282 314/318/281 805/838/729
f 783/813/710 782/812/709 2/1336/2
f 1144/1223/559 948/994/831 1241/1338/711
f 1243/1340/1103 919/1258/837 1176/1260/1051
f 1197/1285/1069 1196/1284/1068 1236/1342/1098
f 1196/1284/1068 1149/1228/1031 1148/1227/1030
f 1245/1344/1105 316/320/283 255/257/230
f 1018/1073/923 1064/1126/961 1246/1345/1106
f 1115/1185/1002 900/938/819 236/238/215
f 1247/1346/580 1677/1939/1261 1248/1347/1107
f 1226/1320/284 1281/4781/211 763/1349/619
f 81/81/75 1163/1245/1040 782/812/709
f 782/812/709 1250/1350/1109 81/81/75
f 56/56/50 1183/1269/1056 1184/1270/1057
f 1211/1353/1081 712/1357/650 902/941/821
f 130/132/121 806/839/730 1234/1329/1096
f 17/17/13 448/458/412 447/457/411
f 549/561/414 1037/1095/941 125/127/117
f 857/894/778 206/4784/189 1254/1356/1113
f 1113/1183/1000 1569/1765/1361 710/734/648
f 859/896/780 971/1019/879 918/957/836
f 1148/1227/1030 968/1016/876 967/1015/875
f 712/1357/650 711/1751/649 1142/1220/1026
f 1255/1358/1114 1050/1110/43 1052/1112/952
f 836/872/759 835/871/758 1210/1360/1080
f 26/26/22 861/898/782 860/897/781
f 997/1050/903 516/527/473 949/995/861
f 1042/1101/946 1180/1265/1053 25/25/21
f 821/857/744 1107/1177/994 311/315/278
f 1255/1358/1114 645/664/98 647/666/590
f 984/1034/892 996/1049/902 998/1051/904
f 1259/1364/1117 4162/4782/3601 1208/1296/1078
f 1094/1365/985 1522/1694/768 1104/1174/465
f 607/626/556 1523/1695/1327 983/1033/891
f 1260/1366/1118 521/533/477 653/672/596
f 966/1014/874 968/1016/876 352/357/319
f 1215/1368/227 1246/1345/1106 514/525/471
f 1262/1369/1119 1185/1271/1058 1213/1303/378
f 785/1089/712 1031/1088/227 1202/1290/227
f 1234/1341/1096 1176/1260/1051 1263/1370/1120
f 276/279/249 514/525/471 516/527/473
f 1080/1144/974 1082/1146/976 1137/1212/1021
f 540/552/495 1287/1403/1136 1231/1325/1094
f 1264/1371/1121 1676/1938/1229 350/355/317
f 498/508/458 1292/1408/1141 751/778/684
f 1097/1166/988 413/422/378 415/424/380
f 1266/1373/1123 1060/1122/957 61/61/55
f 1267/1374/1124 1270/1377/1126 1160/1241/1038
f 1269/1376/70 1297/1416/1143 1270/1377/1126
f 1271/1378/1127 409/4785/374 876/1379/797
f 731/756/666 1169/1252/1045 906/945/825
f 480/490/441 4161/4786/3600 1015/1070/920
f 4161/4786/3600 1168/1380/1044 1015/1070/920
f 15/1381/7 1173/1256/7 234/236/213
f 361/367/327 445/455/409 113/115/106
f 1247/1346/580 1249/1348/1108 1080/1144/974
f 734/759/669 560/574/509 562/576/511
f 1059/1121/956 1137/1212/1021 1136/1211/1020
f 59/59/53 1491/1654/1301 1272/1382/1128
f 1205/1293/1075 662/681/604 664/683/606
f 1274/1384/1130 989/1039/896 988/1038/895
f 1276/1386/124 1525/1698/432 1277/1387/764
f 1068/1389/964 726/750/661 728/752/663
f 1230/1324/1093 1263/1370/1120 1186/1272/1059
f 1266/1373/1123 593/610/542 526/538/482
f 204/206/187 792/824/718 111/112/104
f 181/183/18 1280/1392/126 1225/1390/212
f 852/888/774 1612/1830/1390 1021/1076/926
f 1280/1392/126 238/240/125 1281/1393/211
f 126/128/118 55/55/49 424/1261/389
f 599/1394/548 1492/1655/1302 867/904/788
f 1282/1396/7 304/307/7 303/306/271
f 835/1268/758 1182/1267/1055 1112/1398/999
f 1284/1400/1134 1227/1321/354 1285/1401/353
f 1286/1402/1135 1656/1913/1420 1287/1403/1136
f 1052/1112/952 1051/1111/951 1092/1160/983
f 1289/1405/1138 671/690/613 670/689/612
f 998/1051/904 949/995/861 1179/1264/1052
f 238/240/125 240/242/217 763/792/619
f 1270/1377/1126 1297/1416/1143 1291/1407/1140
f 1145/1224/579 1677/1939/1261 1247/1346/580
f 383/391/348 433/442/398 751/778/684
f 1293/1409/1142 1662/1919/1424 1294/1410/915
f 1248/1347/1107 1542/1722/60 1151/1232/259
f 734/759/669 175/177/99 382/822/347
f 976/1025/884 671/690/613 1289/1405/1138
f 663/1412/605 1634/1880/7 1296/1413/7
f 1003/1415/909 1225/1319/212 1227/1321/354
f 1047/1107/228 1046/1106/227 1297/1416/1143
f 1089/1156/686 755/782/260 1152/1233/219
f 1299/1418/1144 4058/4643/3498 1300/1419/1145
f 1302/1421/1147 987/1037/894 989/1039/896
f 1241/1338/711 1267/1374/1124 1268/1375/1125
f 1005/1059/911 942/987/857 69/69/63
f 501/511/461 410/1843/375 1023/1079/928
f 727/751/662 786/816/713 813/1424/736
f 1031/1359/227 1052/1112/952 1019/1074/924
f 296/854/264 776/806/704 778/808/706
f 1180/1265/1053 859/896/780 861/898/782
f 1246/1345/1106 1064/1126/961 499/509/459
f 1308/1429/1152 1577/1776/1368 1309/1430/1153
f 1311/1432/1155 1328/1450/1167 1312/1433/1156
f 491/501/451 493/503/453 752/779/685
f 1314/1435/1158 1364/1495/1195 537/549/492
f 818/1436/741 296/299/264 298/301/266
f 297/300/265 1023/1079/928 190/192/173
f 199/201/182 1572/1769/1363 1316/1438/1159
f 38/38/34 65/65/59 890/928/810
f 1318/1440/1161 1629/1871/811 1319/1441/768
f 884/922/805 4026/4611/3466 772/802/700
f 639/658/583 640/659/584 406/414/371
f 295/298/263 294/297/262 935/979/851
f 224/226/204 1375/1507/1205 1321/1443/1163
f 3612/4132/3181 964/1012/873 1324/1446/1166
f 964/1012/873 1322/1444/1164 1324/1446/1166
f 1325/1447/1039 1389/1525/1126 1326/1448/1143
f 800/833/726 1348/1476/595 630/649/575
f 404/412/369 430/439/395 1308/1429/1152
f 1328/1450/1167 1541/1721/1339 849/885/771
f 1330/1452/1169 1541/1721/1339 1328/1450/1167
f 838/1453/761 1689/1963/7 1331/1454/7
f 1333/1456/1171 576/590/525 974/1022/882
f 1335/1458/1173 328/1707/295 327/1459/294
f 1336/1460/7 1689/1963/7 838/1453/761
f 849/885/771 848/884/770 1337/1462/808
f 1338/1463/1174 934/977/850 1339/1464/1175
f 772/802/700 4026/4611/3466 1341/1466/1177
f 801/834/727 800/833/726 461/471/423
f 1344/1469/98 86/86/80 646/665/589
f 808/1470/378 1372/1504/1202 1345/1471/1180
f 846/1473/768 1132/1960/985 1346/1474/984
f 65/65/59 64/64/58 630/649/575
f 1349/1477/1181 730/4757/665 329/333/296
f 700/722/638 621/640/567 620/639/566
f 1350/1479/1182 90/90/84 910/949/829
f 1351/1480/1183 1434/4787/1256 1352/1481/1184
f 1353/1482/1185 1410/1549/1235 1344/1469/98
f 905/944/824 1179/1264/1052 1178/1263/472
f 1354/1484/1186 1025/1082/930 1355/1485/1187
f 1357/1487/1189 392/400/357 459/469/421
f 11/11/9 251/253/226 1048/1108/949
f 32/32/28 1140/1215/1024 926/968/843
f 1140/1215/1024 829/4788/752 982/1077/890
f 689/710/629 688/709/628 170/172/158
f 1360/1490/958 3784/4344/863 1361/1491/1192
f 1362/1493/1193 221/223/7 220/222/7
f 1364/1495/1195 1596/1808/1377 1365/1496/1196
f 650/669/593 1452/4764/1270 1366/1497/1197
f 1366/1497/1197 1468/1624/1283 1367/1498/1198
f 773/803/701 1609/1826/1387 972/1499/880
f 1368/1500/1094 1568/1764/1360 345/350/312
f 991/1042/898 775/805/703 744/771/678
f 1370/1502/1200 39/39/35 38/38/34
f 635/654/580 643/662/587 511/522/468
f 1370/1502/1200 1317/1439/1160 1371/1503/1201
f 1373/1505/1203 552/566/99 554/568/99
f 1194/1282/1066 68/1847/62 1375/1507/1205
f 914/953/832 1439/1586/1261 634/653/579
f 347/352/314 24/24/20 838/874/761
f 1378/1511/1208 729/753/664 730/755/665
f 1379/1513/1209 1573/1770/1364 1008/1062/914
f 1382/1516/1212 1555/1742/1350 453/463/415
f 1319/1441/768 1383/1517/1213 405/413/370
f 1179/1264/1052 905/944/824 1384/1518/1214
f 10/10/8 12/12/10 451/461/117
f 488/1521/448 1476/4761/1288 500/510/460
f 1377/1509/1207 1344/1469/98 1069/1133/98
f 692/714/632 532/544/487 1388/1524/7
f 243/245/220 1472/1629/1038 1389/1525/1126
f 1390/1526/669 1451/1598/1269 649/1117/592
f 696/1527/634 1477/1635/1289 1391/1528/1217
f 1252/1352/1111 1184/1270/1057 1392/1529/1218
f 546/558/500 689/710/629 169/171/157
f 32/32/28 1480/1640/1292 1138/1213/1022
f 9/9/7 1545/1806/7 1393/1530/1219
f 1132/1204/985 508/518/466 913/952/831
f 1159/1240/1037 1409/1546/1234 294/297/262
f 1395/1532/1221 1432/1574/1254 883/921/804
f 585/601/534 1436/1582/1258 1396/1533/1222
f 1397/1534/1223 557/571/506 556/570/505
f 1327/1449/1140 1326/1448/1143 252/254/227
f 1399/1536/1224 1305/1426/1150 1307/1428/7
f 96/96/90 1421/1561/672 533/545/488
f 1359/1489/1191 1048/1108/949 1049/1109/950
f 1403/1540/1228 460/470/422 462/472/424
f 892/930/812 891/929/811 1405/1542/1230
f 1406/1543/1231 1458/1605/509 1407/1544/1232
f 1347/1475/1118 1443/1590/477 986/1036/596
f 1409/1546/1234 934/977/850 935/979/851
f 682/703/622 1343/1468/1179 460/470/422
f 991/1042/898 594/611/543 202/204/185
f 759/1547/673 1385/1519/941 450/460/414
f 1002/1548/908 933/976/266 1410/1549/1235
f 1411/1550/118 527/539/483 529/541/485
f 849/885/771 1541/1721/1339 760/788/691
f 916/1551/834 1419/1626/1243 1412/1552/1236
f 1414/1554/1238 1022/1078/927 1415/1555/1239
f 244/246/221 348/371/315 364/370/330
f 1155/1236/1034 1551/1736/1346 1417/1557/1241
f 1320/1442/1162 406/414/371 408/416/373
f 944/990/859 910/949/829 909/948/828
f 1421/1561/672 757/785/689 759/787/673
f 291/294/259 1405/1542/1230 1422/1562/1245
f 1394/1531/1220 1393/1530/1219 1424/1564/1246
f 1425/1566/1247 1457/1604/1275 1426/1567/1248
f 261/1568/236 260/4677/235 781/811/235
f 1427/1569/1249 1606/1822/1386 1428/1570/1250
f 853/889/775 334/338/301 1430/1572/1252
f 331/335/298 1479/1639/1291 575/589/524
f 1395/1532/1221 1455/1602/1273 1431/1573/1253
f 120/122/112 199/201/182 1433/1575/1255
f 1322/1444/1164 964/1012/873 963/1011/872
f 687/708/627 20/20/16 1352/1576/1184
f 170/1578/158 688/1835/628 908/947/827
f 672/691/614 673/693/615 455/1579/417
f 517/529/7 1608/1824/7 319/1580/286
f 661/680/603 555/569/504 1435/1581/1257
f 1436/1582/1258 1418/1558/1242 591/608/540
f 736/761/671 1027/1084/932 1437/1583/1259
f 1438/1584/1260 1320/1442/1162 1419/1559/1243
f 612/631/560 611/630/559 634/653/579
f 1337/1462/808 848/884/770 253/255/228
f 1350/1479/1182 735/760/670 764/793/693
f 1439/1586/1261 1473/1630/1107 1423/1563/1108
f 372/380/338 371/379/337 1033/1091/937
f 1441/1588/1263 1371/1503/1201 892/930/812
f 1442/1589/475 1327/1449/1140 1398/1535/476
f 1413/1553/1237 1412/1552/1236 1444/1591/1264
f 940/985/856 757/785/689 1421/1561/672
f 855/1054/777 1426/1567/1248 420/429/385
f 1445/1592/768 1485/1645/1296 1446/1593/1265
f 974/1022/882 973/1021/881 1448/1595/1266
f 1402/1539/1227 1049/1109/950 880/918/801
f 1083/1148/977 256/258/231 1450/1597/1268
f 818/1436/741 1315/1437/266 933/976/266
f 1335/1458/1173 43/43/39 45/45/41
f 1451/1598/1269 1366/1798/1197 1452/1599/1270
f 513/524/470 198/200/181 119/121/111
f 767/796/472 769/798/697 1453/1600/1271
f 1334/1457/1172 1448/1595/1266 1455/1602/1273
f 583/598/532 932/975/849 1456/1603/1274
f 640/659/584 368/376/334 575/589/524
f 1332/1455/1170 1331/1454/7 163/165/7
f 1425/1566/1247 542/554/472 544/556/498
f 1458/1605/509 1310/1431/1154 1309/1430/1153
f 856/1606/60 1410/1549/1235 1353/1482/1185
f 1451/1598/1269 1390/1526/669 1458/1605/509
f 1087/1154/981 372/380/338 1440/1587/1262
f 339/419/306 1548/1731/1343 1459/1607/1276
f 1313/1434/1157 1312/1433/1156 674/694/616
f 924/965/502 450/460/414 452/462/299
f 298/301/266 190/192/173 84/84/78
f 750/777/683 101/101/95 621/640/567
f 490/500/450 395/403/360 851/887/773
f 492/502/452 1265/1372/1122 751/778/684
f 1462/1612/1279 770/1045/698 306/1610/273
f 306/1610/273 1839/2119/1591 1461/1611/1278
f 939/984/855 1449/1596/1267 657/676/599
f 1304/1613/1149 489/1522/449 500/510/460
f 1357/1487/1189 1567/1763/1359 390/398/355
f 615/634/563 4/4/4 309/312/276
f 1355/1485/1187 777/1618/705 407/1614/372
f 510/1616/303 512/1472/469 1345/1471/1180
f 1025/1082/930 778/1081/706 777/1618/705
f 109/110/103 1394/1531/1220 363/1565/329
f 1338/1463/1174 1340/1465/1176 1349/1512/1181
f 1397/1534/1223 432/441/397 766/795/695
f 1431/1573/1253 1429/1571/1251 1428/1570/1250
f 1398/1535/476 252/254/227 1130/1202/342
f 451/461/117 1411/1550/118 677/697/116
f 1468/1624/1283 1366/1497/1197 1466/1622/1281
f 1466/1622/1281 994/1047/901 1467/1623/1282
f 1384/1518/1214 1567/1763/1359 1357/1487/1189
f 393/401/358 395/403/360 490/500/450
f 363/369/329 1424/1767/1246 557/571/506
f 1469/1625/1284 1024/1080/929 1025/1082/930
f 1419/1626/1243 408/1796/373 1470/1627/1285
f 1448/1595/1266 973/1021/881 1427/1569/1249
f 258/260/233 565/579/514 923/963/841
f 1472/1629/1038 1519/1691/60 1473/1630/1107
f 1475/1632/1287 1497/1660/1307 19/19/15
f 488/498/448 52/52/47 54/54/48
f 814/849/737 815/850/738 1409/1546/1234
f 504/1634/462 1484/1644/1295 1477/1635/1289
f 1457/1604/1275 1502/1667/1275 1469/1625/1284
f 1478/1636/1290 826/862/749 81/81/75
f 788/818/715 1369/1677/1199 164/1637/152
f 1316/1438/1159 1558/1748/1353 223/225/203
f 452/462/299 677/697/116 679/699/217
f 330/334/297 972/1020/880 1479/1639/1291
f 948/994/831 947/993/466 1105/1175/71
f 1480/1640/1292 1527/1701/1329 1481/1641/1293
f 535/966/490 924/965/502 841/877/764
f 1433/1575/1255 1156/1237/1035 1436/1582/1258
f 1329/1451/1168 1337/1462/808 1482/1642/809
f 374/382/340 1600/1816/1380 1483/1643/1294
f 504/1634/462 259/1188/234 1118/1189/1005
f 543/555/497 1265/1372/1122 492/502/452
f 1453/1600/1271 1685/4789/1441 1446/1593/1265
f 388/396/353 536/548/491 1486/1646/1297
f 604/623/553 6/6/6 5/5/5
f 1304/1649/1149 1024/1080/929 393/401/358
f 1486/1646/1297 469/1858/431 471/1650/433
f 276/279/249 1222/1313/1089 1203/1291/1073
f 577/591/526 576/590/525 1333/1456/1171
f 1489/1651/1299 1500/1665/1310 72/72/66
f 12/12/10 869/906/790 1411/1550/118
f 1410/1549/1235 933/976/266 86/86/80
f 1139/1652/1023 1499/1663/1309 31/31/27
f 59/59/53 1289/1405/1138 1290/1406/1139
f 1495/1658/1305 959/1007/869 958/1006/868
f 958/1006/868 1493/1656/1303 1495/1658/1305
f 1402/1539/1227 1449/1596/1267 939/984/855
f 1198/1286/1070 1199/1287/1071 1497/1660/1307
f 1487/1647/1095 471/1650/433 1368/1661/1094
f 623/642/569 935/979/851 674/978/616
f 668/687/610 667/686/609 1499/1663/1309
f 1075/1139/969 1141/1219/1025 1032/1090/936
f 922/1664/840 309/4790/276 72/72/66
f 491/501/451 482/492/443 1501/1666/1275
f 550/562/502 549/561/414 332/336/299
f 1418/1558/1242 1417/1557/1241 1503/1668/1311
f 854/890/776 1430/1572/1252 370/378/336
f 1390/1526/669 475/485/437 1310/1431/1154
f 458/468/420 1558/1748/1353 1316/1438/1159
f 64/64/58 4159/4752/3598 31/31/27
f 1440/1587/1262 1033/1091/937 1035/1093/939
f 31/31/27 4159/4752/3598 37/37/33
f 487/497/7 4136/4724/3575 1506/1671/1314
f 954/1002/864 1321/1443/1163 67/1672/61
f 1479/1639/1291 972/1020/880 974/1022/882
f 1455/1602/1273 1448/1595/1266 1429/1571/1251
f 212/214/194 1649/1904/1417 1081/1145/975
f 606/625/555 605/624/554 1036/1094/940
f 1123/1194/1010 1122/1193/1009 805/838/729
f 1508/1675/1316 568/1788/517 917/1676/835
f 788/818/715 1498/1662/1308 1368/1661/1094
f 1509/1678/1317 1680/1949/1437 1510/1679/1318
f 1105/1175/71 1269/1376/70 1267/1374/1124
f 164/1681/152 1369/1501/1199 345/350/312
f 938/983/854 1450/1699/1268 139/141/130
f 251/253/226 250/252/225 1512/1683/1320
f 320/324/287 589/605/538 327/331/294
f 23/23/19 1539/1719/1337 1513/1684/1321
f 1514/1685/1322 1622/1857/1397 84/84/78
f 841/877/764 843/879/765 133/135/124
f 1445/1592/768 1447/1594/768 1516/1687/768
f 1447/1594/768 1515/1686/1323 1516/1687/768
f 1469/1625/1284 1502/1667/1275 1501/1666/1275
f 1326/1448/1143 1389/1525/1126 1517/1688/1124
f 1276/1386/124 1278/1388/765 238/240/125
f 1518/1689/1324 1325/1447/1039 1327/1449/1140
f 1043/1103/947 908/947/827 910/949/829
f 1312/1433/1156 1328/1450/1167 1329/1451/1168
f 1131/1203/1016 728/752/663 870/907/791
f 724/1690/659 606/625/555 1507/1674/1315
f 1359/1489/1191 1402/1539/1227 1496/1659/1306
f 1254/1356/1113 206/4784/189 94/732/88
f 1519/1691/60 291/294/259 1423/1563/1108
f 1318/1440/1161 523/535/479 477/487/438
f 1521/1693/1326 377/385/343 415/424/380
f 1444/1591/1264 1412/1552/1236 1470/1627/1285
f 1046/1106/227 376/384/342 378/386/344
f 1522/1694/768 1581/1784/767 888/926/809
f 1042/1101/946 1230/1324/1093 1181/1266/1054
f 99/99/93 582/596/531 1523/1695/1327
f 1030/1696/935 726/1423/661 645/664/98
f 1285/1401/353 1658/1915/491 1524/1697/1297
f 1017/1072/922 1364/1495/1195 1314/1435/1158
f 1525/1698/432 1233/1327/433 713/737/431
f 313/317/280 315/319/282 823/859/746
f 1450/1699/1268 1471/1811/1286 1526/1700/1328
f 1527/1701/1329 1573/1770/1364 1379/1513/1209
f 462/472/424 443/453/407 442/452/406
f 1029/1086/934 396/404/361 1483/1702/1294
f 1016/1071/921 1596/1808/1377 1364/1495/1195
f 1028/1085/933 246/248/223 245/247/222
f 1485/1645/1296 1445/1592/768 1528/1704/60
f 1449/1596/1267 880/918/801 872/909/793
f 1407/1544/1232 1309/1430/1153 1530/1706/7
f 200/202/183 665/684/607 328/1707/295
f 468/1708/430 467/939/429 254/256/229
f 1094/1163/985 1093/1162/984 1260/1366/1118
f 853/889/775 171/1169/159 333/337/300
f 221/223/7 1362/1493/1193 1531/1710/1331
f 876/913/797 166/168/154 1492/1655/1302
f 85/85/79 1599/1814/1379 646/665/589
f 816/851/739 34/34/30 1533/1712/1332
f 1021/1076/926 1020/1075/925 1099/1168/990
f 1535/1714/909 233/235/212 389/397/354
f 1438/1584/1260 1330/1778/1169 639/658/583
f 324/328/291 1500/1665/1310 1489/1651/1299
f 103/103/97 474/484/436 87/87/81
f 1537/1716/1335 877/914/798 930/1717/847
f 292/295/260 291/294/259 1519/1691/60
f 1539/1719/1337 596/613/545 598/615/547
f 986/1036/596 1443/1590/477 1398/1535/476
f 1540/1720/1338 760/788/691 1541/1721/1339
f 1542/1722/60 1160/1241/1038 1162/1243/220
f 412/421/377 411/420/376 1543/1723/1340
f 680/997/620 1435/1850/1257 1544/1724/1341
f 1044/1104/948 279/282/7 1545/1725/7
f 232/234/211 317/321/284 389/397/354
f 1236/1331/1098 1237/1332/1099 894/932/814
f 528/540/484 941/986/388 940/985/856
f 1536/1715/1334 389/397/354 388/396/353
f 1407/1544/1232 517/529/7 771/1727/699
f 1266/1373/1123 1396/1533/1222 591/608/540
f 1346/1474/984 1012/1067/917 1518/1689/1324
f 486/496/447 208/210/191 697/1230/635
f 1546/1728/1342 496/4791/456 495/1729/455
f 1161/1242/1039 1291/1407/1140 519/531/475
f 1548/1731/1343 1101/1959/992 1549/1732/1344
f 1109/1733/996 987/1037/894 1550/1734/1345
f 225/227/205 1321/1443/1163 954/1002/864
f 1417/1557/1241 1551/1736/1346 954/1002/864
f 1133/1206/1017 1624/1862/1399 314/318/281
f 1553/1738/1348 4158/4792/3597 49/1739/44
f 1235/1330/1097 1039/1276/943 1038/1740/942
f 1074/1138/697 453/463/415 1555/1742/1350
f 416/425/381 418/427/383 1189/1275/1062
f 1120/1743/1007 839/4793/762 840/1744/763
f 1409/1546/1234 815/850/738 1333/1456/1171
f 135/137/126 233/235/212 1535/1714/909
f 1540/1720/1338 1330/1452/1169 1438/1745/1260
f 572/586/521 686/707/626 685/706/625
f 77/77/71 784/814/711 913/952/831
f 1556/1746/1351 463/473/425 217/219/199
f 458/468/420 391/399/356 224/226/204
f 581/595/530 418/427/383 417/426/382
f 1465/1621/344 1130/1202/342 847/883/769
f 1559/1749/1354 1684/1956/1440 883/921/804
f 1052/1112/952 1288/1404/1137 901/940/820
f 529/541/485 528/540/484 95/95/89
f 966/1014/874 1111/1181/998 961/1009/871
f 104/1750/98 1598/1812/100 553/567/99
f 1238/1333/1100 1314/1435/1158 434/443/399
f 711/1751/649 1119/1190/1006 1121/1192/1008
f 162/164/151 600/617/549 820/1752/743
f 945/991/860 944/990/859 1420/1560/1244
f 1561/1754/7 709/731/647 950/996/862
f 515/526/472 499/509/459 543/555/497
f 1018/1073/923 903/942/822 1143/1221/1027
f 1534/1713/1333 1511/1680/1319 1510/1679/1318
f 1562/1755/1356 1220/1311/1087 438/448/403
f 1297/1416/1143 1046/1106/227 520/532/476
f 1563/1756/7 1054/1114/7 1513/1757/1321
f 1564/1759/1357 272/275/246 547/559/501
f 1565/1760/69 887/925/808 1045/1105/770
f 1490/1653/1300 37/37/33 442/1761/406
f 905/944/824 904/943/823 1567/1763/1359
f 1368/1500/1094 471/481/433 470/480/432
f 572/586/521 441/451/405 443/453/407
f 1569/1765/1361 1649/1904/1417 211/213/193
f 756/784/688 1067/1131/963 587/603/536
f 1570/1766/1362 1073/1137/968 1183/1269/1056
f 1435/1581/1257 555/569/504 557/571/506
f 1571/1768/689 1583/1786/1371 1570/1766/1362
f 995/1048/7 1618/1841/7 228/230/208
f 901/940/820 1288/1404/1137 1256/1361/1115
f 943/989/858 1316/1438/1159 1572/1769/1363
f 1573/1770/1364 1527/1701/1329 1574/1771/1365
f 1111/1181/998 1168/1250/1044 1169/1252/1045
f 73/313/67 6/6/6 604/623/553
f 1517/1688/1124 1474/1631/1125 914/953/832
f 1557/1747/1352 217/219/199 219/221/201
f 1376/1508/1206 1375/1507/1205 224/226/204
f 132/1775/123 875/4794/796 928/970/845
f 430/439/395 1601/1817/1381 1577/1776/1368
f 1311/1777/1155 369/377/335 639/658/583
f 874/911/795 873/910/794 230/232/210
f 832/868/755 1648/1903/1416 1578/1780/1369
f 1648/1903/1416 3595/4115/3183 1578/1780/1369
f 612/1782/560 899/1855/305 1580/1783/304
f 745/772/679 362/368/328 361/367/327
f 1339/1464/1175 1455/1602/1273 1395/1532/1221
f 1055/1115/7 1054/1114/7 1563/1756/7
f 1581/1784/767 1129/1942/1015 886/924/807
f 1513/1757/1321 1054/1114/7 1336/1460/7
f 682/703/622 681/702/621 801/834/727
f 374/382/340 1586/1790/745 1582/1785/1370
f 1177/1262/856 827/863/750 1583/1786/1371
f 1026/1083/931 157/159/147 1187/1273/1060
f 371/379/337 1616/1834/1393 672/691/614
f 407/415/372 614/633/562 1584/1787/1372
f 223/225/203 225/227/205 1551/1736/1346
f 1219/1310/1086 4162/4782/3601 1259/1364/1117
f 1356/1486/1188 566/1869/515 568/1788/517
f 108/108/102 564/578/513 356/362/323
f 1209/1298/1079 960/1008/870 732/757/667
f 463/473/425 465/475/427 1585/1789/1373
f 1488/1648/1298 584/600/533 400/408/365
f 1293/1409/1142 1303/1422/1148 989/1039/896
f 1288/1404/1137 1092/1160/983 836/872/759
f 248/250/99 105/105/99 619/1792/99
f 1375/1507/1205 68/1847/62 67/1672/61
f 1584/1787/1372 1627/1866/1402 814/849/737
f 592/609/541 1503/1668/1311 1589/1794/1374
f 408/1796/373 407/4795/372 777/807/705
f 482/492/443 752/779/685 433/442/398
f 117/119/7 285/288/254 709/731/647
f 279/282/7 1544/1724/1341 1393/1797/1219
f 1406/1543/1231 1466/1828/1281 1366/1798/1197
f 336/1799/303 338/1222/305 1145/1224/579
f 1591/1800/218 1547/1730/1324 1158/1239/917
f 269/272/243 1633/1878/1405 1593/1802/305
f 920/959/838 919/958/837 1243/1803/1103
f 1237/1332/1099 1220/1311/1087 1562/1755/1356
f 1583/1786/1371 827/863/750 826/862/749
f 417/426/382 1221/1312/1088 1222/1313/1089
f 950/996/862 1544/1724/1341 278/281/7
f 1544/1724/1341 279/282/7 278/281/7
f 1245/1344/1105 245/247/222 194/196/177
f 573/587/522 1022/1078/927 1414/1554/1238
f 1523/1695/1327 1095/1164/986 996/1049/902
f 122/124/114 698/720/636 426/435/391
f 1293/1409/1142 1295/1411/914 1595/1805/652
f 785/1089/712 1204/1292/1074 1221/1312/1088
f 1545/1806/7 9/9/7 1564/1759/1357
f 1403/1807/1228 1404/1955/1229 39/39/35
f 635/654/580 1423/1563/1108 1422/1562/1245
f 1430/1572/1252 334/338/301 318/322/285
f 1437/1583/1259 687/708/627 689/710/629
f 193/195/176 558/1044/507 468/1708/430
f 625/644/7 358/364/7 1597/1809/1378
f 1192/1280/1065 904/943/823 542/554/472
f 421/430/386 1413/1553/1237 1001/1055/907
f 1389/1525/1126 1472/1629/1038 1474/1631/1125
f 923/1810/841 922/1664/840 1500/1665/1310
f 574/588/523 573/587/522 1594/1804/1376
f 1471/1811/1286 923/1810/841 324/328/291
f 1156/1237/1035 1155/1236/1034 1418/1558/1242
f 1582/1785/1370 1360/1490/958 397/405/362
f 1598/1812/100 1681/1951/100 554/568/99
f 102/102/96 1358/1488/1190 459/469/421
f 398/406/363 1036/1094/940 402/410/367
f 1167/1249/1043 821/857/744 820/856/743
f 679/699/217 678/698/619 232/234/211
f 1193/1281/60 1426/1567/1248 855/1054/777
f 85/85/79 1622/1857/1397 1166/1248/100
f 501/1815/461 654/673/597 262/264/237
f 567/581/516 1159/1240/1037 1540/1720/1338
f 456/466/418 200/202/183 202/204/185
f 1405/1542/1230 891/929/811 681/702/621
f 659/678/601 658/677/600 757/785/689
f 1594/1804/1376 1414/1554/1238 1600/1816/1380
f 1601/1817/1381 429/438/394 694/716/7
f 1480/1640/1292 32/32/28 1499/1663/1309
f 1602/1818/1382 4045/4796/3485 1603/1819/1383
f 1605/1821/1385 4163/4797/3602 1352/1576/1184
f 1606/1822/1386 1341/1466/1177 1607/1823/811
f 904/943/823 1192/1280/1065 390/398/355
f 1536/1715/1334 787/817/714 596/613/545
f 1608/1824/7 1563/1756/7 598/1758/547
f 772/802/700 1342/1467/1178 1609/1826/1387
f 482/492/443 481/491/442 893/931/813
f 1457/1604/1275 544/556/498 491/501/451
f 1333/1456/1171 1334/1457/1172 1339/1464/1175
f 1147/1226/1029 1358/1488/1190 102/102/96
f 1408/1545/1233 770/4798/698 1466/1828/1281
f 325/329/292 1489/1651/1299 555/569/504
f 1611/1829/1389 1664/1922/1426 1612/1830/1390
f 914/953/832 1474/1631/1125 1473/1630/1107
f 1615/1833/100 1520/1692/1325 477/487/438
f 1616/1834/1393 326/330/293 328/332/295
f 199/201/182 1154/1235/1033 1156/1237/1035
f 1575/1773/1366 604/623/553 606/625/555
f 688/1835/628 1434/4787/1256 1351/1480/1183
f 1063/1836/960 1639/1886/7 1617/1837/7
f 347/352/314 346/351/313 22/22/18
f 1527/1701/1329 1480/1640/1292 667/686/609
f 401/409/366 1396/1533/1222 1266/1373/1123
f 1431/1573/1253 1464/1620/1280 1559/1749/1354
f 54/54/48 654/673/597 501/1815/461
f 1311/1777/1155 1313/1478/1157 329/333/296
f 1141/1219/1025 532/544/487 692/714/632
f 775/805/703 774/804/702 143/145/134
f 1361/1491/1192 3784/4344/863 1586/1790/745
f 5/5/5 120/122/112 584/600/533
f 984/1034/892 1258/1363/1116 1384/1518/1214
f 953/1001/484 762/1000/485 889/1839/483
f 917/1676/835 916/1551/834 1413/1553/1237
f 1580/1783/304 1463/1617/322 753/780/686
f 1354/1484/1186 1356/1486/1188 1508/1675/1316
f 956/1004/866 955/1003/865 1377/1840/1207
f 242/244/219 1519/1691/60 1472/1629/1038
f 995/1048/7 1388/1524/7 532/544/487
f 589/1842/538 1381/1515/1211 1380/1514/1210
f 410/1843/375 409/4785/374 1271/1378/1127
f 1352/1481/1184 4163/4799/3602 1619/1844/1394
f 568/582/517 567/581/516 915/954/833
f 1450/1597/1268 256/258/231 258/260/233
f 1427/1569/1249 1342/1467/1178 1341/1466/1177
f 1070/1772/965 1009/1063/915 1008/1062/914
f 1454/1601/1272 1529/1705/1330 1620/1845/1395
f 1529/1705/1330 3639/4159/3181 1620/1845/1395
f 1337/1462/808 75/75/69 507/517/465
f 1194/1282/1066 1193/1281/60 66/1813/60
f 1395/1532/1221 1378/1511/1208 1349/1512/1181
f 572/586/521 574/588/523 1415/1848/1239
f 1146/1225/1028 1357/1487/1189 1358/1488/1190
f 1200/1288/1072 633/4800/578 1003/1415/909
f 97/97/91 533/545/488 1486/1646/1297
f 1503/1668/1311 1417/1557/1241 956/1004/866
f 1424/1849/1246 1393/1797/1219 1544/1724/1341
f 1609/1851/1387 1342/1467/1178 1427/1569/1249
f 1496/1659/1306 939/984/855 941/986/388
f 164/1852/152 1381/4247/1211 1608/1824/7
f 644/663/588 460/470/422 1403/1540/1228
f 171/173/159 173/175/161 771/801/699
f 583/915/532 874/911/795 937/1779/853
f 1540/1720/1338 1159/1240/1037 761/789/692
f 899/1855/305 510/1616/303 1463/1617/322
f 439/449/404 278/281/7 280/283/7
f 1481/1641/1293 666/1859/608 668/1856/610
f 758/1198/690 10/10/8 1385/1519/941
f 1514/1685/1322 189/191/172 1166/1248/100
f 388/396/353 1487/1647/1095 1498/1662/1308
f 241/243/218 243/245/220 1325/1447/1039
f 1378/1511/1208 883/921/804 885/923/806
f 1426/1567/1248 1469/1625/1284 1354/1484/1186
f 1002/1056/908 1001/1055/907 1444/1591/1264
f 1568/1764/1360 470/480/432 133/135/124
f 1403/1807/1228 1370/1502/1200 1372/1504/1202
f 1012/1067/917 1011/1066/916 241/243/218
f 1486/1646/1297 533/545/488 535/547/490
f 1379/1513/1209 715/739/651 666/1859/608
f 845/1860/767 846/1473/768 1347/1475/1118
f 394/402/359 538/550/493 851/887/773
f 1430/1572/1252 484/494/445 1623/1861/1398
f 1624/1862/1399 156/158/146 805/838/729
f 1371/1503/1201 1317/1439/1160 890/928/810
f 1839/2119/1591 306/1610/273 1626/1865/1401
f 306/1610/273 305/1863/272 1626/1865/1401
f 1162/1243/220 1161/1242/1039 1547/1730/1324
f 1627/1866/1402 613/632/561 575/589/524
f 1628/1867/1403 1088/1155/982 1440/1587/1262
f 1589/1794/1374 1377/1840/1207 1387/1868/1216
f 1355/1485/1187 683/1615/623 566/1869/515
f 79/79/73 140/142/131 660/679/602
f 74/74/68 73/73/67 1575/1870/1366
f 279/282/7 1044/1104/948 92/92/86
f 92/92/86 625/644/7 280/283/7
f 1382/1516/1212 1383/1517/1213 1319/1441/768
f 354/1872/321 353/4801/320 427/436/392
f 1106/1176/993 1174/1257/1049 637/656/581
f 1187/1273/1060 157/159/147 156/158/146
f 1533/1712/1332 34/34/30 36/36/32
f 213/215/195 1089/1156/686 355/361/322
f 425/434/390 424/433/389 129/1244/120
f 172/174/160 1661/1918/1423 959/4802/869
f 959/4802/869 1495/1873/1305 172/174/160
f 1495/1873/1305 1636/1882/1407 1630/1874/1404
f 1286/1875/1135 539/1889/494 1631/1876/7
f 269/272/243 271/274/245 1153/1234/1032
f 965/1013/90 1177/1262/856 1571/1768/689
f 632/1879/577 978/1892/886 1634/1880/7
f 305/308/272 151/153/141 1636/1882/1407
f 390/398/355 1192/1280/1065 1194/1282/1066
f 1630/1874/1404 1636/1882/1407 151/153/141
f 465/475/427 464/474/426 1206/1294/1076
f 1228/1322/1091 4162/4782/3601 1219/1310/1086
f 541/1888/496 1641/1893/7 1631/1876/7
f 1640/1890/1410 862/899/783 864/901/785
f 1105/1175/71 1565/1760/69 1047/1107/228
f 638/657/582 1238/1333/1100 385/393/350
f 1273/1383/1129 664/683/606 1021/1076/926
f 980/1891/888 1654/1911/7 1634/1880/7
f 966/1014/874 351/356/318 1168/1250/1044
f 1268/1375/1125 1160/1241/1038 1542/1722/60
f 541/1888/496 1062/1838/959 1617/1837/7
f 1642/1894/1411 1682/1952/1438 7/7/7
f 1104/1174/465 888/926/809 887/925/808
f 1643/1895/1412 1645/1898/1414 802/835/305
f 1644/1896/1413 1553/1738/1348 900/938/819
f 1550/1734/1345 1274/1384/1130 1275/1385/1131
f 632/1897/577 1635/1887/1406 1639/1886/7
f 911/950/830 1525/1698/432 1276/1386/124
f 1643/1895/1412 1663/4803/1425 768/797/696
f 435/444/400 1/1/1 1252/1352/1111
f 1252/1352/1111 793/825/719 1646/1899/1415
f 1581/1900/767 1261/1367/568 1127/1199/1014
f 632/1901/577 633/4800/578 1200/1288/1072
f 1112/1398/999 1182/1267/1055 823/859/746
f 466/476/428 398/406/363 399/407/364
f 831/867/754 802/835/305 1647/1902/227
f 1298/1417/527 1152/1233/219 1162/1243/220
f 1628/1867/1403 1576/1774/1367 219/221/201
f 866/903/787 1007/1061/913 1644/1896/1413
f 1113/1183/1000 1081/1145/975 1649/1904/1417
f 1188/1274/1061 1133/1206/1017 1119/1207/1006
f 305/1907/272 1495/1658/1305 1650/1905/1418
f 1495/1658/1305 1494/1657/1304 1650/1905/1418
f 1062/1124/959 541/553/496 540/552/495
f 56/56/50 1252/1352/1111 1/1/1
f 807/840/731 806/839/730 130/132/121
f 181/183/18 912/951/313 1276/1386/124
f 1181/1266/1054 1186/1272/1059 1185/1271/1058
f 1647/1902/227 802/835/305 1645/1898/1414
f 1611/1829/1389 852/888/774 854/890/776
f 1652/1909/1232 1296/1413/7 1653/1910/7
f 1286/1875/1135 1632/1877/7 1654/1911/7
f 824/860/747 977/1026/885 130/132/121
f 1249/1348/1108 1151/1232/259 754/781/687
f 1637/1884/1408 173/175/161 172/174/160
f 423/432/388 425/434/390 827/863/750
f 979/1028/887 1201/1289/714 1655/1912/1308
f 1593/1802/305 1511/1680/1319 1534/1713/1333
f 952/999/89 953/1001/484 965/1013/90
f 1226/1320/284 952/999/89 1657/1914/91
f 437/447/402 1676/1938/1229 1264/1371/1121
f 188/190/171 756/784/688 609/628/558
f 918/957/836 1212/1302/1082 1214/1304/1083
f 114/116/107 812/845/735 463/473/425
f 1660/1917/1422 959/4802/869 1661/1918/1423
f 1662/1919/1424 1293/1409/1142 1274/1384/1130
f 218/220/200 1611/1829/1389 1504/1669/1312
f 351/356/318 1554/1741/1349 1038/1740/942
f 1037/1095/941 738/763/673 1570/1766/1362
f 498/508/458 1265/1372/1122 543/555/497
f 1218/1309/1085 1214/1304/1083 1213/1303/378
f 748/775/7 1618/1841/7 532/544/487
f 350/355/317 1259/1364/1117 1235/1330/1097
f 1142/1220/1026 1121/1192/1008 1014/1069/919
f 1663/1920/1425 1686/1958/697 769/798/697
f 1307/1428/7 1306/1427/1151 720/744/656
f 265/268/239 1635/1887/1406 662/681/604
f 1164/1246/1041 1163/1245/1040 81/81/75
f 1263/1370/1120 1176/1260/1051 1175/1259/1050
f 1150/1921/560 1592/1801/916 1158/1239/917
f 1638/1885/1409 1273/1383/1129 1612/1830/1390
f 1090/1158/961 385/393/350 384/392/349
f 172/174/160 1296/1413/7 1652/1909/1232
f 228/230/208 1618/1841/7 748/775/7
f 465/475/427 1638/1885/1409 1664/1922/1426
f 1521/1693/1326 1195/1283/1067 1197/1285/1069
f 653/672/596 378/386/344 377/385/343
f 412/1923/377 214/265/196 264/267/238
f 1232/1326/1095 1524/1697/1297 713/737/431
f 143/145/134 142/144/133 362/368/328
f 1668/1927/1429 1071/1135/966 1213/1303/378
f 1287/1403/1136 1656/1913/1420 1655/1912/1308
f 863/900/784 1661/1918/1423 1652/1909/1232
f 1236/1342/1098 1196/1284/1068 1244/1343/1104
f 887/925/808 895/933/815 1098/1167/989
f 1256/1361/1115 1210/1360/1080 1211/1353/1081
f 895/933/815 1562/1755/1356 1096/1165/987
f 1227/1321/354 1226/1320/284 1658/1915/491
f 1660/1934/1422 862/1100/783 1041/1099/945
f 1041/1099/945 1672/1932/1432 1660/1934/1422
f 337/342/304 1298/1417/527 1591/1800/218
f 980/1029/888 979/1028/887 1656/1913/1420
f 519/531/475 521/533/477 1260/1366/1118
f 928/1217/845 1077/1141/971 1078/1142/972
f 1662/1919/1424 1302/1421/1147 1674/1935/653
f 196/790/179 608/627/557 207/209/190
f 1121/1192/1008 1120/1191/1007 878/1218/799
f 653/672/596 1521/1693/1326 1127/1199/1014
f 338/343/305 337/342/304 1592/1801/916
f 749/776/682 137/139/128 983/1033/891
f 1585/1789/1373 1664/1922/1426 1611/1829/1389
f 445/455/409 444/454/408 1206/1294/1076
f 226/228/206 268/271/242 1239/1334/1101
f 987/1037/894 1302/1421/1147 1662/1919/1424
f 1231/1325/1094 1233/1327/433 1525/1698/432
f 1675/1937/1434 302/305/270 304/307/7
f 436/446/401 1259/1364/1117 350/355/317
f 1239/1334/1101 268/271/242 28/28/24
f 1242/1339/832 1268/1375/1125 1248/1347/1107
f 266/269/240 662/681/604 1205/1293/1075
f 1145/1224/579 1144/1223/559 1242/1339/832
f 1387/1868/1216 1068/1389/964 1131/1203/1016
f 559/1940/508 3648/4168/3188 742/769/676
f 1114/1184/1001 710/734/648 712/736/650
f 215/217/197 3648/4168/3188 559/1940/508
f 1128/1726/811 894/932/814 886/924/807
f 1522/1709/768 1260/1366/1118 1261/1367/568
f 1244/1343/1104 967/1015/875 495/1729/455
f 1275/1385/1131 988/1038/895 1110/1180/997
f 714/738/488 737/762/672 739/764/489
f 1067/1131/963 627/1130/572 629/1943/574
f 587/603/536 629/1943/574 1066/1944/962
f 1277/1387/764 550/562/502 239/241/216
f 1075/1139/969 271/274/245 270/273/244
f 833/869/756 1240/1335/1102 803/1945/728
f 283/286/253 282/285/252 113/115/106
f 1303/1422/1148 1595/1805/652 1674/1935/653
f 1678/1946/1435 1651/1908/1419 1645/1898/1414
f 1534/1713/1333 733/758/668 562/576/511
f 1103/1173/100 1102/1172/99 833/869/756
f 1638/1885/1409 1206/1294/1076 1205/1293/1075
f 1524/1697/1297 1658/1915/491 1657/1914/91
f 1679/1947/1436 1633/1878/1405 1153/1234/1032
f 713/737/431 548/560/490 550/562/502
f 1099/1948/990 1020/1414/925 1296/1413/7
f 176/178/100 175/177/99 1510/1679/1318
f 951/998/863 822/858/745 571/585/520
f 1655/1912/1308 1201/1289/714 1285/1401/353
f 36/36/32 35/35/31 128/130/119
f 582/596/531 277/280/250 1095/1164/986
f 396/1950/361 397/1492/362 1361/1491/1192
f 1584/1787/1372 614/633/562 613/632/561
f 658/677/600 1538/1718/1336 930/1717/847
f 517/529/7 1530/1706/7 1563/1756/7
f 484/494/445 483/493/444 326/330/293
f 1372/1504/1202 1371/1503/1201 1441/1588/1263
f 1345/1471/1180 1441/1588/1263 753/780/686
f 1100/1170/991 431/440/396 226/228/206
f 1681/1951/100 1322/1444/1164 1374/1506/1204
f 1347/1475/1118 1346/1474/984 1442/1589/475
f 749/776/682 985/1035/893 1147/1226/1029
f 1580/1783/304 578/592/527 241/243/218
f 327/1459/294 589/1842/538 641/660/585
f 65/65/59 1348/1476/595 799/832/725
f 1504/1669/1312 370/378/336 372/380/338
f 1507/1674/1315 1036/1094/940 398/406/363
f 522/534/478 523/535/479 1319/1441/768
f 345/350/312 347/352/314 1332/1510/1170
f 1456/1603/1274 251/253/226 11/11/9
f 8/8/7 7/7/7 1682/1952/1438
f 1600/1816/1380 1414/1554/1238 1416/1556/1240
f 1100/1170/991 45/45/41 44/44/40
f 574/588/523 1029/1086/934 1416/1703/1240
f 715/739/651 1070/1134/965 1574/1954/1365
f 442/1761/406 37/37/33 39/39/35
f 869/906/790 1496/1659/1306 527/539/483
f 630/649/575 631/650/576 925/967/842
f 1485/1645/1296 1529/1705/1330 1454/1601/1272
f 1515/1686/1323 1373/1505/1203 1374/1506/1204
f 842/878/216 679/699/217 134/136/125
f 1684/1956/1440 1559/1749/1354 1607/1823/811
f 1685/1957/1441 1453/1600/1271 769/798/697
f 522/534/478 1308/1429/1152 1310/1431/1154
f 676/696/618 675/695/617 1482/1642/809
f 1101/1959/992 185/187/168 184/186/167
f 1044/1104/948 1043/1103/947 90/90/84
f 774/804/702 1100/1170/991 141/143/132
f 33/33/29 32/32/28 926/968/843
f 872/909/793 1537/1716/1335 1538/1718/1336
f 1535/1714/909 1536/1715/1334 1539/1719/1337
f 371/379/337 1623/1861/1398 326/330/293
f 1132/1960/985 610/1065/7 1012/1067/917
f 1583/1786/1371 1478/1636/1290 1073/1137/968
f 1632/1877/7 1631/1876/7 1687/1961/7
f 1654/1911/7 1632/1877/7 1688/1962/7
f 1296/1413/7 1634/1880/7 1654/1911/7
f 1687/1961/7 1631/1876/7 1641/1893/7
f 1224/1318/7 1641/1893/7 1617/1837/7
f 1617/1837/7 1639/1886/7 531/543/7
f 1688/1962/7 1687/1961/7 1223/1317/1090
f 1653/1910/7 1688/1962/7 817/852/740
f 265/268/239 747/774/681 531/543/7
f 694/716/7 693/715/7 1331/1454/7
f 1041/1099/945 3788/4348/3324 1690/1964/1442
f 1601/1817/1381 1053/1113/7 1055/1115/7
f 958/1006/868 3800/4360/3336 1691/1965/1443
f 1135/1209/1019 3790/4350/3326 1692/1966/1444
f 1494/1657/1304 3799/4359/3335 1693/1967/1445
f 1053/1113/7 694/716/7 1689/1963/7
f 1577/1776/1368 1055/1115/7 1530/1706/7
f 1673/1933/1433 3801/4361/3337 1694/1968/1446
f 1467/1623/1282 3794/4354/3330 1695/1969/1447
f 1696/1970/1448 1712/1986/1464 1697/1971/1449
f 381/389/346 3789/4349/3325 1698/1972/1450
f 1380/1514/1210 163/165/7 1388/1524/7
f 1388/1524/7 163/165/7 1331/1454/7
f 1461/1611/1278 3796/4356/3332 1699/1973/1451
f 1700/1974/1452 1865/2146/1606 1701/1975/1453
f 1703/1977/1455 1840/2120/1592 1704/1978/1456
f 1706/1980/1458 1847/2127/1597 1707/1981/1459
f 1709/1983/1461 1878/2160/1619 1710/1984/1462
f 1086/1153/980 3791/4351/3327 1712/1986/1464
f 1367/1498/1198 3793/4353/3329 1713/1987/1465
f 1714/1988/1466 1836/2116/1588 1706/1980/1458
f 1715/1989/1467 1700/1974/1452 1702/1976/1454
f 1717/1991/1469 1765/2040/1517 1718/1992/1470
f 1720/1994/1472 1748/2023/1500 1721/1995/1473
f 1723/1997/1475 1996/3426/1705 1724/1998/1476
f 1726/2000/1478 1722/1996/1474 1721/1995/1473
f 1728/2002/1480 1731/2005/1483 1729/2003/1481
f 1728/2002/1480 1723/1997/1475 1725/1999/1477
f 1726/2000/1478 1727/2001/1479 1732/2006/1484
f 1734/2008/1486 1730/2004/1482 1729/2003/1481
f 1733/2007/1485 1732/2006/1484 1736/2010/1488
f 1738/2012/1490 1734/2008/1486 1735/2009/1487
f 1737/2011/1489 1736/2010/1488 1739/2013/1491
f 1738/2012/1490 1717/1991/1469 1719/1993/1471
f 1740/2014/1492 1739/2013/1491 1742/2016/1494
f 1744/2018/1496 1741/2015/1493 1719/1993/1471
f 1746/2020/1498 1743/4804/1495 1742/2021/1494
f 1744/2018/1496 1745/2019/1497 1748/2023/1500
f 1749/2024/1501 1856/2137/1602 1750/2025/1502
f 1739/2013/1491 1766/2041/1518 1752/2027/1504
f 1719/1993/1471 1718/1992/1470 1753/2028/1505
f 1742/2021/1494 1752/2077/1504 1754/2029/1506
f 1745/2019/1497 1753/2028/1505 1755/2030/1507
f 1747/2022/1499 1754/2029/1506 1756/2031/1508
f 1748/2023/1500 1755/2030/1507 1757/2032/1509
f 1724/1998/1476 1756/2031/1508 1758/2033/1510
f 1721/1995/1473 1757/2032/1509 1759/2034/1511
f 1731/2005/1483 1761/2036/1513 1760/2035/1512
f 1725/1999/1477 1758/2033/1510 1761/2036/1513
f 1727/2001/1479 1759/2034/1511 1762/2037/1514
f 1729/2003/1481 1760/2035/1512 1763/2038/1515
f 1732/2006/1484 1762/2037/1514 1764/2039/1516
f 1735/2009/1487 1763/2038/1515 1765/2040/1517
f 1736/2010/1488 1764/2039/1516 1766/2041/1518
f 1767/2042/1519 1799/2075/1551 1768/2043/1520
f 1770/2045/1522 1795/2071/1547 1771/2046/1523
f 1773/2048/1525 1800/2076/1552 1774/2049/1526
f 1776/2051/1528 1767/2042/1519 1769/2044/1521
f 1778/2053/1530 1781/2056/1533 1779/2054/1531
f 1775/2050/1527 1774/2049/1526 1781/2056/1533
f 1776/2051/1528 1777/2052/1529 1782/2057/1534
f 1780/2055/1532 1779/2054/1531 1784/2059/1536
f 1786/2061/1538 1783/2058/1535 1782/2057/1534
f 1785/2060/1537 1784/2059/1536 1788/2063/1540
f 1786/2061/1538 1787/2062/1539 1790/2065/1542
f 1789/2064/1541 1788/2063/1540 1792/2067/1544
f 1794/2069/1546 1791/2078/1543 1790/2070/1542
f 1796/2072/1548 1793/2068/1545 1792/2067/1544
f 1794/2069/1546 1795/2071/1547 1770/2045/1522
f 1796/2072/1548 1797/2073/1549 1768/2043/1520
f 1798/2074/1550 1770/2045/1522 1800/2076/1552
f 1798/2074/1550 1773/2048/1525 1756/2031/1508
f 1753/2028/1505 1796/2072/1548 1799/2075/1551
f 1794/2069/1546 1798/2074/1550 1754/2029/1506
f 1718/1992/1470 1793/2068/1545 1796/2072/1548
f 1791/2078/1543 1794/2069/1546 1752/2077/1504
f 1789/2064/1541 1793/2068/1545 1718/1992/1470
f 1764/2039/1516 1786/2061/1538 1791/2066/1543
f 1785/2060/1537 1789/2064/1541 1765/2040/1517
f 1762/2037/1514 1783/2058/1535 1786/2061/1538
f 1780/2055/1532 1785/2060/1537 1763/2038/1515
f 1759/2034/1511 1776/2051/1528 1783/2058/1535
f 1775/2050/1527 1778/2053/1530 1761/2036/1513
f 1778/2053/1530 1780/2055/1532 1760/2035/1512
f 1757/2032/1509 1767/2042/1519 1776/2051/1528
f 1773/2048/1525 1775/2050/1527 1758/2033/1510
f 1755/2030/1507 1799/2075/1551 1767/2042/1519
f 1768/2043/1520 1797/2073/1549 1801/2080/1553
f 1800/2076/1552 1770/2045/1522 1772/2047/1524
f 1769/2044/1521 1768/2043/1520 1802/2081/1554
f 1774/2049/1526 1800/2076/1552 1803/2082/1555
f 1777/2052/1529 1769/2044/1521 1804/2083/1556
f 1781/2056/1533 1808/2087/1560 1807/2086/1559
f 1781/2056/1533 1774/2049/1526 1805/2084/1557
f 1777/2052/1529 1806/2085/1558 1809/2088/1561
f 1779/2054/1531 1807/2086/1559 1810/2089/1562
f 1782/2057/1534 1809/2088/1561 1811/2090/1563
f 1784/2059/1536 1810/2089/1562 1812/2091/1564
f 1787/2062/1539 1811/2090/1563 1813/2092/1565
f 1788/2063/1540 1812/2091/1564 1814/2093/1566
f 1790/2070/1542 1813/2109/1565 1771/2046/1523
f 1797/2073/1549 1792/2067/1544 1814/2093/1566
f 1815/2094/1567 1818/2097/1570 1801/2080/1553
f 1816/2095/1568 1772/2047/1524 1771/2046/1523
f 1818/2097/1570 1821/2100/1573 1802/2081/1554
f 1819/2098/1571 1803/2082/1555 1772/2047/1524
f 1820/2099/1572 1804/2083/1556 1802/2081/1554
f 1822/2101/1574 1805/2084/1557 1803/2082/1555
f 1820/2099/1572 1824/2103/1576 1806/2085/1558
f 1823/2102/1575 1808/2087/1560 1805/2084/1557
f 1824/2103/1576 1826/2105/1578 1809/2088/1561
f 1825/2104/1577 1828/2107/1580 1810/2089/1562
f 1826/2105/1578 1829/2108/1581 1811/2090/1563
f 1827/2106/1579 1812/2091/1564 1810/2089/1562
f 1829/2108/1581 1830/2514/1582 1813/2092/1565
f 1815/2094/1567 1814/2093/1566 1812/2091/1564
f 1817/2096/1569 1771/2046/1523 1813/2109/1565
f 1710/1984/1462 1878/2160/1619 1831/2111/1583
f 1833/2113/1585 1715/1989/1467 1716/1990/1468
f 648/667/591 3792/4352/3328 1835/2115/1587
f 1701/1975/1453 1865/2146/1606 1836/2116/1588
f 993/1046/900 3795/4355/3331 1837/2117/1589
f 1626/1865/1401 3797/4357/3333 1838/2118/1590
f 1840/2120/1592 1709/1983/1461 1711/1985/1463
f 1842/2122/1594 1867/4805/1608 1704/1978/1456
f 1844/2124/697 1991/2281/1596 1845/2125/1596
f 1847/2127/1597 1867/2149/1608 1842/2128/1594
f 1848/2129/99 1967/2256/1598 1849/2130/1598
f 1851/2132/1599 1833/2113/1585 1834/2114/1586
f 1853/2134/1601 1966/2254/98 1854/2135/98
f 1832/2112/1584 1831/2111/1583 1856/2137/1602
f 1857/2138/1603 1848/2129/99 1850/2131/99
f 1859/2140/1604 1974/2263/1126 1860/2141/1126
f 1862/2143/100 1853/2134/1601 1855/2136/1601
f 1864/2145/1605 1868/2150/1609 1865/2146/1606
f 1866/2147/1607 1705/2169/1457 1704/2148/1456
f 1868/2150/1609 1879/2161/1620 1836/2116/1588
f 1869/2151/1610 1877/2159/1618 1847/2127/1597
f 1870/2152/1611 1884/2166/1625 1871/2153/1612
f 1873/2155/1614 1864/2145/1605 1700/1974/1452
f 1874/2156/1615 1878/2160/1619 1709/1983/1461
f 1876/2158/1617 1873/2155/1614 1715/1989/1467
f 1703/1977/1455 1875/2157/1616 1709/1983/1461
f 1877/2159/1618 1866/2147/1607 1867/2149/1608
f 1874/2156/1615 1872/2154/1613 1831/2111/1583
f 1871/2153/1612 1880/2162/1621 1750/2025/1502
f 1869/2151/1610 1706/1980/1458 1836/2116/1588
f 1880/2162/1621 1881/2163/1622 1851/2132/1599
f 1872/2154/1613 1871/2153/1612 1856/2137/1602
f 1881/2163/1622 1876/2158/1617 1833/2113/1585
f 1751/2026/1503 1750/2025/1502 1851/2132/1599
f 1843/2123/1595 1704/1978/1456 1840/2120/1592
f 1882/2164/1623 1890/2173/1631 1875/2157/1616
f 1876/2158/1617 1917/2202/1658 1883/2165/1624
f 1884/2166/1625 1885/2167/1626 1880/2162/1621
f 1885/2167/1626 1896/2179/1637 1881/2163/1622
f 1886/2168/1627 1891/2200/1632 1705/2169/1457
f 1868/2150/1609 1893/2176/1634 1887/2170/1628
f 1879/2161/1620 1887/2170/1628 1888/2171/1629
f 1889/2172/1630 1877/2159/1618 1869/2151/1610
f 1890/2173/1631 1892/2175/1633 1874/2156/1615
f 1891/2174/1632 1882/2164/1623 1703/1977/1455
f 1892/2175/1633 1870/2152/1611 1872/2154/1613
f 1864/2145/1605 1895/2178/1636 1893/2176/1634
f 1894/2177/1635 1906/2189/1647 1895/2178/1636
f 1896/2179/1637 1917/2202/1658 1876/2158/1617
f 1873/2155/1614 1883/2165/1624 1895/2178/1636
f 1877/2159/1618 1889/2172/1630 1886/2168/1627
f 1897/2180/1638 1913/2197/1654 1898/2181/1639
f 1900/2183/1641 1897/2180/1638 1899/2182/1640
f 1902/2185/1643 1925/2210/1666 1903/2186/1644
f 1905/2188/1646 1922/2207/1663 1906/2189/1647
f 1907/2190/1648 1902/2185/1643 1904/2187/1645
f 1909/2192/1650 1907/2190/1648 1908/2191/1649
f 1911/2194/1652 1909/2219/1650 1910/2195/1651
f 1913/2197/1654 1911/2194/1652 1912/2196/1653
f 1870/2152/1611 1926/2211/1667 1914/2198/1655
f 1884/2166/1625 1914/2198/1655 1915/2199/1656
f 1915/2199/1656 1916/2201/1657 1896/2179/1637
f 1889/2172/1630 1888/2171/1629 1899/2182/1640
f 1912/2196/1653 1910/2195/1651 1891/2200/1632
f 1906/2189/1647 1923/2208/1664 1893/2176/1634
f 1916/2201/1657 1920/2205/1661 1917/2202/1658
f 1889/2172/1630 1898/2181/1639 1912/2196/1653
f 1887/2170/1628 1901/2184/1642 1899/2182/1640
f 1893/2176/1634 1923/2208/1664 1901/2184/1642
f 1918/2203/1659 1919/2204/1660 1916/2201/1657
f 1919/2204/1660 1921/2206/1662 1920/2205/1661
f 1921/2206/1662 1905/2188/1646 1894/2177/1635
f 1922/2207/1663 1924/2209/1665 1923/2208/1664
f 1924/2209/1665 1900/2183/1641 1901/2184/1642
f 1925/2210/1666 1927/2212/1668 1926/2211/1667
f 1927/2212/1668 1928/2213/1669 1914/2198/1655
f 1928/2213/1669 1918/2203/1659 1915/2199/1656
f 1892/2175/1633 1903/2186/1644 1926/2211/1667
f 1927/2212/1668 1932/2217/1673 1929/2214/1670
f 1904/2187/1645 1903/2186/1644 1892/2175/1633
f 1930/2215/1671 1936/2222/1677 1897/2180/1638
f 1931/2216/1672 1959/2247/1700 1921/2206/1662
f 1925/2210/1666 1946/2232/1687 1932/2217/1673
f 1933/2218/1674 1960/4806/1701 1909/2219/1650
f 1934/2220/1675 1930/2215/1671 1900/2183/1641
f 1918/2203/1659 1951/2238/1692 1931/2216/1672
f 1920/2205/1661 1894/2177/1635 1883/2165/1624
f 1935/2221/1676 1934/2220/1675 1924/2209/1665
f 1913/2197/1654 1954/4807/1695 1933/2218/1674
f 1910/2193/1651 1908/2191/1649 1882/2164/1623
f 1929/2214/1670 1951/2238/1692 1918/2203/1659
f 1908/2191/1649 1904/2187/1645 1890/2173/1631
f 1936/2222/1677 1954/4807/1695 1913/2197/1654
f 1907/2190/1648 1942/2228/1683 1937/2223/1678
f 1938/2224/1679 1954/4807/1695 1936/2222/1677
f 1921/2206/1662 1959/2247/1700 1940/2226/1681
f 1941/2227/1682 1955/2243/1696 1929/2214/1670
f 1909/2192/1650 1960/2248/1701 1942/2228/1683
f 1939/2225/1680 1936/2222/1677 1930/2215/1671
f 1944/2230/1685 1959/2247/1700 1931/2216/1672
f 1941/2227/1682 1932/2217/1673 1946/2232/1687
f 1948/2234/1689 1960/2248/1701 1933/2235/1674
f 1947/2233/1688 1946/2232/1687 1937/2223/1678
f 1945/2231/1686 1931/2216/1672 1951/2238/1692
f 1902/2185/1643 1937/2223/1678 1946/2232/1687
f 1953/2240/1694 1943/2229/1684 1930/2215/1671
f 1938/2241/1679 1949/2236/1690 1933/2235/1674
f 1940/2226/1681 1935/2221/1676 1922/2207/1663
f 1952/2239/1693 1951/2238/1692 1929/2214/1670
f 1956/2244/1697 1935/2221/1676 1940/2226/1681
f 1956/2244/1697 1953/2240/1694 1934/2220/1675
f 1958/2246/1699 1950/2237/1691 1937/2223/1678
f 1944/2230/1685 1957/2245/1698 1940/2226/1681
f 1958/2246/1699 1942/2228/1683 1960/2248/1701
f 1961/2249/472 1973/2262/1702 1962/2250/1702
f 1964/2252/1703 1844/2124/697 1846/2126/697
f 1966/2254/98 1859/2273/1604 1861/2255/1604
f 1967/2256/1598 1862/2143/100 1863/2144/100
f 1968/2257/684 1989/2279/684 1964/2252/1703
f 1969/2258/7 1857/2138/1603 1858/2139/1603
f 1845/2125/1596 1991/2281/1596 1969/2258/7
f 1971/2260/1704 1961/2249/472 1963/2251/472
f 1973/2262/1702 1989/2279/684 1968/2257/684
f 1974/2263/1126 1971/2260/1704 1972/2261/1704
f 1975/2264/1598 1967/2256/1598 1848/2129/99
f 1977/2266/1702 1973/2262/1702 1961/2249/472
f 1979/2268/98 1966/2254/98 1853/2134/1601
f 1981/2270/697 1844/2124/697 1964/2252/1703
f 1976/2265/99 1848/2129/99 1857/2138/1603
f 1979/2268/98 1985/2314/1604 1859/2273/1604
f 1984/2274/1126 1974/2263/1126 1859/2140/1604
f 1986/2276/100 1862/2143/100 1967/2256/1598
f 1980/2269/1601 1853/2134/1601 1862/2143/100
f 1987/2277/1596 1991/2281/1596 1844/2124/697
f 1988/2278/684 1982/2271/1703 1964/2252/1703
f 1988/2278/684 1989/2279/684 1973/2262/1702
f 1990/2280/1704 1971/2260/1704 1974/2263/1126
f 1978/2267/472 1961/2249/472 1971/2260/1704
f 1987/2277/1596 1992/2282/7 1969/2258/7
f 1983/2272/1603 1857/2138/1603 1969/2258/7
f 1744/2283/1496 1994/2286/1603 1993/2284/7
f 1994/2286/1603 1983/2272/1603 1992/2282/7
f 1738/2287/1490 1741/2285/1493 1993/2284/7
f 1995/2288/1596 1993/2284/7 1992/2282/7
f 1996/2289/1705 1998/2292/472 1997/2290/1704
f 1998/2292/472 1978/2267/472 1990/2280/1704
f 1746/2291/1498 1997/2290/1704 1999/2293/1126
f 1997/2290/1704 1990/2280/1704 1984/2274/1126
f 1728/2295/1480 2001/2298/684 2000/2296/1702
f 2001/2298/684 1988/2278/684 1977/2299/1702
f 1730/2300/1482 2009/2317/1703 2001/2298/684
f 2001/2298/684 2009/2317/1703 1982/2271/1703
f 1738/2287/1490 1995/2288/1596 2002/2301/697
f 1995/2288/1596 1987/2277/1596 1981/2270/697
f 1733/2303/1485 2004/2306/1601 2003/2304/100
f 2004/2306/1601 1980/2269/1601 1986/2276/100
f 1726/2305/1478 2003/2304/100 2005/2307/1598
f 2003/2304/100 1986/2276/100 1975/2264/1598
f 1743/2294/1495 1999/2293/1126 2006/2309/1604
f 1999/2293/1126 1984/2274/1126 1985/2275/1604
f 1737/2311/1489 1740/4808/1492 2006/2312/1604
f 2007/2313/98 2006/2312/1604 1985/2314/1604
f 1720/2315/1472 2008/2316/99 1994/2286/1603
f 2008/2316/99 1976/2265/99 1983/2272/1603
f 1734/2302/1486 2002/2301/697 2009/2317/1703
f 2002/2301/697 1981/2270/697 1982/2271/1703
f 1737/2311/1489 2007/2313/98 2004/2306/1601
f 2007/2313/98 1979/2268/98 1980/2269/1601
f 1996/2318/1705 1723/2297/1475 2000/2296/1702
f 1998/2319/472 2000/2296/1702 1977/2299/1702
f 1720/2315/1472 1722/2308/1474 2005/2307/1598
f 2008/2316/99 2005/2307/1598 1975/2264/1598
f 2010/2320/1126 2011/2323/1704 1707/2321/1459
f 1860/2141/1126 1972/2261/1704 2011/2323/1704
f 2012/2324/1702 2013/2327/684 1701/2325/1453
f 1962/2250/1702 1968/2257/684 2013/2327/684
f 2011/2323/1704 2014/2329/472 1708/2328/1460
f 1972/2261/1704 1963/2251/472 2014/2329/472
f 1834/2330/1586 2016/2333/1596 2015/2331/7
f 2016/2333/1596 1845/2125/1596 1970/2259/7
f 2015/2331/7 2017/2335/1603 1751/2334/1503
f 1970/2259/7 1858/2139/1603 2017/2335/1603
f 1701/2325/1453 2013/2327/684 2018/2336/1703
f 2013/2327/684 1968/2257/684 1965/2253/1703
f 2019/2338/1598 2020/2341/100 1710/2339/1462
f 1849/2130/1598 1863/2144/100 2020/2341/100
f 1841/2342/1593 2022/2345/98 2021/2343/1604
f 2022/2345/98 1854/2135/98 1861/2255/1604
f 2018/2336/1703 2023/2347/697 1716/2346/1468
f 1965/2253/1703 1846/2126/697 2023/2347/697
f 1708/2328/1460 2014/2329/472 2012/2324/1702
f 2014/2329/472 1963/2251/472 1962/2250/1702
f 2020/2341/100 2024/2350/1601 1711/2348/1463
f 1863/2144/100 1855/2136/1601 2024/2350/1601
f 2021/2351/1604 2010/2320/1126 1842/2322/1594
f 1861/2142/1604 1860/2141/1126 2010/2320/1126
f 2017/2335/1603 2025/2354/99 1749/2353/1501
f 1858/2139/1603 1850/2131/99 2025/2354/99
f 2024/2350/1601 2022/2345/98 1841/2342/1593
f 1855/2136/1601 1854/2135/98 2022/2345/98
f 1749/2353/1501 2025/2354/99 2019/2338/1598
f 2025/2354/99 1850/2131/99 1849/2130/1598
f 2023/2347/697 2016/2333/1596 1834/2330/1586
f 1846/2126/697 1845/2125/1596 2016/2333/1596
f 2026/2355/1706 2049/2378/1728 2027/2356/1707
f 2029/2358/1709 2617/2991/2278 2030/2359/1710
f 2032/2361/1712 2050/2380/1729 2033/2362/1713
f 2037/2366/1716 2035/2364/1715 2038/2367/1717
f 2040/2369/1719 2616/2990/2277 2041/2370/1720
f 2043/2372/1722 2615/2989/2276 2044/2373/1723
f 2046/2375/1725 2051/2381/1730 2047/2376/1726
f 2051/2381/1730 2052/2382/1731 2054/2384/1733
f 2055/2385/1734 2058/2388/1737 2056/2386/1735
f 2058/2388/1737 2122/2458/1801 2059/2389/1738
f 2060/2390/1739 2132/2470/1811 2061/2391/1740
f 2063/2393/1742 2069/2399/1748 2064/2394/1743
f 2066/2396/1745 2068/2398/1747 2063/2393/1742
f 2067/2397/1746 2109/2445/1788 2068/2398/1747
f 2069/2399/1748 2115/2451/1794 2070/2400/1749
f 1824/2103/1576 2057/4809/1736 2056/2401/1735
f 2071/2402/1750 2081/2414/1760 2072/2403/1751
f 2074/2405/1753 2082/2416/1761 2071/2402/1750
f 2075/2406/1754 2079/2412/1758 2076/2407/1755
f 2076/2409/1755 2080/2413/1759 2078/2410/1757
f 2059/2389/1738 2122/2458/1801 2079/2412/1758
f 2080/2413/1759 2109/2445/1788 2067/2397/1746
f 2081/2464/1760 2132/2470/1811 2060/2390/1739
f 2070/2400/1749 2115/2451/1794 2082/2416/1761
f 2083/2417/1762 2128/2466/1807 2084/2418/1763
f 2086/2420/1765 2191/2537/1868 2087/2421/1766
f 2087/2421/1766 2186/2530/1863 2089/2423/1768
f 2090/2424/1769 2096/2430/1775 2091/2425/1770
f 2093/2427/1772 2191/2537/1868 2086/2420/1765
f 2095/2429/1774 2099/2435/1778 2091/2425/1770
f 2097/2431/1776 2175/4810/1852 2093/2432/1772
f 2098/2434/1777 2103/2439/1782 2099/2435/1778
f 2100/2436/1779 2175/4810/1852 2097/2431/1776
f 2098/2434/1777 2106/2442/1785 2102/2438/1781
f 2104/2440/1783 2181/4811/1858 2100/2436/1779
f 2105/2441/1784 2113/2449/1792 2102/2438/1781
f 2107/2443/1786 2181/4811/1858 2104/2440/1783
f 2109/2445/1788 2114/2450/1793 2110/2446/1789
f 2110/2446/1789 2107/2443/1786 2108/2444/1787
f 2112/2448/1791 2116/2452/1795 2113/2449/1792
f 2080/2413/1759 2117/2453/1796 2114/2450/1793
f 2112/2448/1791 2118/2454/1797 2115/2451/1794
f 2076/2409/1755 2119/4812/1798 2117/2453/1796
f 2118/2454/1797 2121/2457/1800 2082/2416/1761
f 2079/2412/1758 2123/2459/1802 2119/2455/1798
f 2120/2456/1799 2071/2402/1750 2082/2416/1761
f 2122/2458/1801 2176/2518/1853 2123/2459/1802
f 2124/2460/1803 2081/2414/1760 2071/2402/1750
f 2125/2461/1804 2176/2518/1853 2122/2458/1801
f 2127/2463/1806 2132/2470/1811 2081/2464/1760
f 2083/2417/1762 2090/2424/1769 2092/2426/1771
f 2129/2467/1808 2125/2461/1804 2126/2462/1805
f 2131/2469/1810 2134/2472/1813 2132/2470/1811
f 2133/2471/1812 2140/2478/1818 2134/2472/1813
f 2062/2392/1741 2061/2391/1740 2055/2385/1734
f 2135/2473/1814 2137/2475/1816 2089/2423/1768
f 2135/2473/1814 2139/2477/100 2136/2474/1815
f 2138/2476/1817 2141/2479/1819 2136/2474/1815
f 2140/2478/1818 2084/2418/1763 2141/2479/1819
f 2089/2423/1768 2137/2475/1816 2142/2480/1820
f 2136/2474/1815 2144/2482/1822 2142/2480/1820
f 2136/2474/1815 2141/2479/1819 2143/2481/1821
f 2084/2418/1763 2128/2466/1807 2143/2481/1821
f 2145/2483/1823 2153/2491/1831 2143/2481/1821
f 2142/2480/1820 2530/2892/2191 2146/2484/1824
f 2089/2423/1768 2186/2530/1863 2129/2467/1808
f 2147/2485/1825 2517/2879/2178 2148/2486/1826
f 2150/2488/1828 2151/2489/1829 2099/2435/1778
f 2151/2489/1829 2535/2897/2196 2091/2425/1770
f 2152/2490/1830 2534/2896/2195 2094/2428/1773
f 2153/2491/1831 2529/2891/2190 2144/2482/1822
f 2091/2425/1770 2535/2897/2196 2154/2492/1832
f 2155/2493/1833 2517/2879/2178 2147/2485/1825
f 2157/2495/1835 2155/2493/1833 2156/2494/1834
f 2149/2487/1827 2148/2486/1826 2150/2488/1828
f 2092/2426/1771 2154/2492/1832 2145/2483/1823
f 2146/2484/1824 2152/2490/1830 2086/2420/1765
f 2094/2433/1773 2534/4813/2195 2158/2496/1836
f 2097/2431/1776 2158/2496/1836 2157/2495/1835
f 2156/2494/1834 2160/2498/1838 2104/2440/1783
f 2156/2494/1834 2147/2485/1825 2159/2497/1837
f 2149/2487/1827 2161/2499/1839 2159/2497/1837
f 2149/2487/1827 2103/2439/1782 2102/2438/1781
f 2160/2498/1838 2162/2500/1840 2108/2444/1787
f 2159/2497/1837 2163/2501/684 2162/2500/1840
f 2161/2499/1839 2164/2502/1841 2163/2501/684
f 2102/2438/1781 2113/2449/1792 2164/2502/1841
f 2162/2500/1840 2165/2503/1842 2111/2447/1790
f 2163/2501/684 2167/2505/1844 2165/2503/1842
f 2163/2501/684 2164/2502/1841 2166/2504/1843
f 2164/2502/1841 2113/2449/1792 2116/2452/1795
f 2165/2503/1842 2068/2398/1747 2109/2445/1788
f 2165/2503/1842 2167/2505/1844 2063/2393/1742
f 2166/2504/1843 2069/2399/1748 2063/2393/1742
f 2116/2452/1795 2115/2451/1794 2069/2399/1748
f 2058/2388/1737 2168/2506/1845 2126/2462/1805
f 2055/2385/1734 2169/2507/1846 2168/2506/1845
f 2061/2391/1740 2170/2508/1847 2169/2507/1846
f 2061/2391/1740 2132/2470/1811 2134/2472/1813
f 2168/2506/1845 2135/2473/1814 2130/2468/1809
f 2168/2506/1845 2169/2507/1846 2139/2477/100
f 2170/2508/1847 2138/2476/1817 2139/2477/100
f 2134/2472/1813 2140/2478/1818 2138/2476/1817
f 2133/2471/1812 2085/2419/1764 2084/2418/1763
f 2171/2509/1848 2489/2849/2150 2172/2510/1849
f 2062/2512/1741 2057/4809/1736 1824/2103/1576
f 2070/2400/1749 2074/2405/1753 1827/2106/1579
f 2072/2403/1751 2060/2415/1739 1821/2100/1573
f 2078/2410/1757 2067/2397/1746 1819/2098/1571
f 2059/2513/1738 2075/4814/1754 1830/2514/1582
f 1817/2096/1569 2077/2411/1756 2078/2410/1757
f 1830/2110/1582 2075/4815/1754 2077/2411/1756
f 2074/2405/1753 2073/2404/1752 1815/2094/1567
f 2073/2404/1752 2072/2403/1751 1818/2097/1570
f 2064/2394/1743 2070/2400/1749 1828/2107/1580
f 1819/2098/1571 2067/2397/1746 2066/2396/1745
f 2066/2396/1745 2065/2395/1744 1823/2102/1575
f 1823/2102/1575 2065/2395/1744 2064/2394/1743
f 2060/2415/1739 2062/2512/1741 1820/2099/1572
f 2056/2401/1735 2059/2513/1738 1829/2108/1581
f 2100/2515/1779 2179/2521/1856 2174/2516/1851
f 2176/2518/1853 2180/2522/1857 2177/2519/1854
f 2100/2515/1779 2181/2524/1858 2178/2520/1855
f 2125/2461/1804 2184/2527/1861 2180/2522/1857
f 2107/2523/1786 2185/2529/1862 2178/2520/1855
f 2129/2467/1808 2186/2530/1863 2182/2525/1859
f 2129/2467/1808 2183/2526/1860 2184/2527/1861
f 2110/2528/1789 2188/2532/1865 2185/2529/1862
f 2087/2421/1766 2190/2534/1867 2182/2525/1859
f 2110/2528/1789 2114/2536/1793 2187/2531/1864
f 2087/2421/1766 2191/2537/1868 2189/2533/1866
f 2117/2535/1796 2192/2538/1869 2187/2531/1864
f 2093/2427/1772 2193/2546/1870 2189/2533/1866
f 2119/2455/1798 2194/2541/1871 2192/2538/1869
f 2093/2539/1772 2175/2517/1852 2174/2516/1851
f 2119/2455/1798 2123/2459/1802 2177/2519/1854
f 2182/2525/1859 2241/2591/1918 2195/2542/1872
f 2196/2543/1873 2205/2554/1882 2188/2532/1865
f 2197/2544/1874 2206/2555/1883 2190/2534/1867
f 2192/2538/1869 2240/2590/1917 2196/2543/1873
f 2198/2545/1875 2197/2544/1874 2189/2533/1866
f 2199/2547/1876 2240/2590/1917 2192/2538/1869
f 2174/2516/1851 2239/2589/1916 2198/2548/1875
f 2200/2549/1877 2199/2547/1876 2194/2541/1871
f 2201/2550/1878 2239/2589/1916 2174/2516/1851
f 2180/2522/1857 2202/2551/1879 2200/2549/1877
f 2178/2520/1855 2242/2592/1919 2201/2550/1878
f 2184/2527/1861 2204/2553/1881 2202/2551/1879
f 2203/2552/1880 2242/2592/1919 2178/2520/1855
f 2183/2526/1860 2195/2542/1872 2204/2553/1881
f 2205/2554/1882 2203/2552/1880 2185/2529/1862
f 2206/2555/1883 2241/2591/1918 2182/2525/1859
f 2207/2556/1884 2214/2563/1891 2208/2557/1885
f 2210/2559/1887 2215/2564/1892 2211/2560/1888
f 2213/2562/1890 2220/2569/1897 2214/2563/1891
f 2215/2564/1892 2221/2570/1898 2216/2565/1893
f 2217/2566/1894 2224/2573/1901 2218/2567/1895
f 2219/2568/1896 2218/2567/1895 2220/2569/1897
f 2221/2570/1898 2225/2574/1902 2222/2571/1899
f 2217/2566/1894 2228/2577/1905 2223/2572/1900
f 2225/2574/1902 2230/2579/1907 2226/2575/1903
f 2227/2576/1904 2232/2581/1909 2223/2572/1900
f 2229/2578/1906 2234/2583/1911 2226/2575/1903
f 2227/2576/1904 2236/4816/1913 2231/2580/1908
f 2229/2578/1906 2237/2587/1914 2233/2582/1910
f 2235/2584/1912 2238/2588/1915 2231/2585/1908
f 2209/2558/1886 2208/2557/1885 2233/2582/1910
f 2210/2559/1887 2212/2561/1889 2238/2588/1915
f 2201/2550/1878 2210/2559/1887 2235/2584/1912
f 2199/2547/1876 2200/2549/1877 2209/2558/1886
f 2198/2548/1875 2239/2589/1916 2235/2584/1912
f 2199/2547/1876 2237/2587/1914 2229/2578/1906
f 2198/2545/1875 2236/4816/1913 2227/2576/1904
f 2196/2543/1873 2240/2590/1917 2229/2578/1906
f 2206/2555/1883 2197/2544/1874 2227/2576/1904
f 2205/2554/1882 2196/2543/1873 2230/2579/1907
f 2241/2591/1918 2206/2555/1883 2228/2577/1905
f 2203/2552/1880 2205/2554/1882 2225/2574/1902
f 2204/2553/1881 2195/2542/1872 2219/2568/1896
f 2195/2542/1872 2241/2591/1918 2217/2566/1894
f 2203/2552/1880 2221/2570/1898 2215/2564/1892
f 2204/2553/1881 2213/2562/1890 2207/2556/1884
f 2242/2592/1919 2215/2564/1892 2210/2559/1887
f 2202/2551/1879 2207/2556/1884 2209/2558/1886
f 2243/2593/1920 2250/4817/1927 2244/2594/1921
f 2246/2596/1923 2252/2603/1929 2247/2597/1924
f 2249/2599/1926 2254/2605/1931 2244/2600/1921
f 2246/2596/1923 2256/2607/1933 2251/2602/1928
f 2249/2599/1926 2257/2608/1934 2253/2604/1930
f 2255/2606/1932 2260/2611/1937 2251/2602/1928
f 2257/2608/1934 2261/2612/1938 2258/2609/1935
f 2259/2610/1936 2266/2617/1943 2260/2611/1937
f 2261/2612/1938 2268/2619/1945 2262/2613/1939
f 2263/2614/1940 2270/2621/1947 2264/2615/1941
f 2265/2616/1942 2264/2615/1941 2266/2617/1943
f 2267/2618/1944 2272/2623/1949 2262/2613/1939
f 2263/2614/1940 2273/2624/1950 2269/2620/1946
f 2267/2618/1944 2274/2625/1951 2271/2622/1948
f 2243/2593/1920 2245/2595/1922 2269/2620/1946
f 2248/2598/1925 2247/2597/1924 2271/2622/1948
f 2234/2583/1911 2248/2598/1925 2274/2625/1951
f 2232/2581/1909 2243/2593/1920 2273/2624/1950
f 2226/2575/1903 2274/2625/1951 2267/2618/1944
f 2224/2573/1901 2223/2572/1900 2273/2624/1950
f 2222/2571/1899 2267/2618/1944 2268/2619/1945
f 2218/2567/1895 2265/2616/1942 2259/2610/1936
f 2218/2567/1895 2224/2573/1901 2263/2614/1940
f 2216/2565/1893 2268/2619/1945 2261/2612/1938
f 2220/2569/1897 2259/2610/1936 2255/2606/1932
f 2212/2561/1889 2211/2560/1888 2261/2612/1938
f 2214/2563/1891 2255/2606/1932 2256/2607/1933
f 2238/2588/1915 2212/2561/1889 2257/2608/1934
f 2208/2557/1885 2256/2607/1933 2246/2596/1923
f 2238/2588/1915 2249/2599/1926 2250/2601/1927
f 2234/2583/1911 2233/2582/1910 2246/2596/1923
f 2231/2580/1908 2250/4817/1927 2243/2593/1920
f 2275/2626/1952 2282/2633/1959 2276/2627/1953
f 2278/2629/1955 2284/2635/1961 2279/2630/1956
f 2281/2632/1958 2288/2639/1965 2276/2627/1953
f 2283/2634/1960 2290/2641/1967 2284/2635/1961
f 2285/2636/1962 2291/2642/1968 2286/2637/1963
f 2285/2636/1962 2287/2638/1964 2288/2639/1965
f 2283/2634/1960 2293/2644/1970 2289/2640/1966
f 2291/2642/1968 2295/2646/1972 2292/2643/1969
f 2293/2644/1970 2297/2648/1974 2294/2645/1971
f 2295/2646/1972 2299/2650/1976 2296/2647/1973
f 2297/2648/1974 2302/2653/1979 2298/2649/1975
f 2299/2650/1976 2304/4818/1981 2300/2651/1977
f 2301/2652/1978 2305/2657/1982 2298/2649/1975
f 2303/2654/1980 2306/2658/1983 2300/2655/1977
f 2301/2652/1978 2275/2626/1952 2277/2628/1954
f 2280/2631/1957 2279/2630/1956 2306/2658/1983
f 2307/2659/1984 2335/2688/2011 2289/2640/1966
f 2308/2660/1985 2319/2671/1996 2292/2643/1969
f 2298/2649/1975 2323/2675/1999 2307/2659/1984
f 2309/2661/1986 2308/2660/1985 2296/2647/1973
f 2310/2662/1987 2323/2675/1999 2298/2649/1975
f 2311/2663/1988 2309/2678/1986 2300/2655/1977
f 2312/2664/1989 2310/2662/1987 2305/2657/1982
f 2313/2665/1990 2311/2663/1988 2306/2658/1983
f 2314/2666/1991 2312/2664/1989 2277/2628/1954
f 2315/2667/1992 2313/2665/1990 2279/2630/1956
f 2316/2668/1993 2314/2666/1991 2276/2627/1953
f 2317/2669/1994 2315/2667/1992 2284/2635/1961
f 2318/2670/1995 2316/2668/1993 2288/2639/1965
f 2289/2640/1966 2335/2688/2011 2317/2669/1994
f 2319/2671/1996 2337/2690/2013 2286/2637/1963
f 2320/2672/1997 2361/2715/1989 2321/2673/1987
f 2323/2675/1999 2310/2662/1987 2324/2676/2000
f 2309/2678/1986 2311/2663/1988 2326/2679/2002
f 2312/2664/1989 2329/2682/2005 2324/2676/2000
f 2313/2665/1990 2331/2684/2007 2326/2679/2002
f 2312/2664/1989 2314/2666/1991 2328/2681/2004
f 2313/2665/1990 2315/2667/1992 2330/2683/2006
f 2314/2666/1991 2316/2668/1993 2332/2685/2008
f 2317/2669/1994 2336/2689/2012 2330/2683/2006
f 2318/2670/1995 2337/2690/2013 2333/2686/2009
f 2316/2668/1993 2318/2670/1995 2334/2687/2010
f 2335/2688/2011 2338/2691/2014 2336/2689/2012
f 2319/2671/1996 2340/2693/2016 2333/2686/2009
f 2307/2659/1984 2341/2694/2017 2338/2691/2014
f 2319/2671/1996 2308/2660/1985 2339/2692/2015
f 2323/2675/1999 2325/2677/2001 2341/2694/2017
f 2309/2661/1986 2327/2702/2003 2339/2692/2015
f 2333/2686/2009 2345/2698/2021 2342/2695/2018
f 2334/2687/2010 2342/2695/2018 2343/2696/2019
f 2338/2691/2014 2346/2699/2022 2344/2697/2020
f 2340/2693/2016 2347/2700/2023 2345/2698/2021
f 2341/2694/2017 2348/2701/2024 2346/2699/2022
f 2339/2692/2015 2349/2703/2025 2347/2700/2023
f 2325/2677/2001 2350/2704/2026 2348/2701/2024
f 2327/2702/2003 2352/2725/2028 2349/2703/2025
f 2325/2677/2001 2324/2676/2000 2322/2674/1998
f 2327/2680/2003 2326/2679/2002 2351/2705/2027
f 2329/2682/2005 2320/2672/1997 2322/2674/1998
f 2331/2684/2007 2354/2708/2030 2351/2705/2027
f 2328/2681/2004 2355/2709/2031 2320/2672/1997
f 2331/2684/2007 2330/2683/2006 2353/2707/2029
f 2328/2681/2004 2332/2685/2008 2343/2696/2019
f 2330/2683/2006 2336/2689/2012 2344/2697/2020
f 2356/2710/2032 2393/2749/2054 2357/2711/2033
f 2354/2708/2030 2362/2716/1990 2359/2713/1988
f 2320/2672/1997 2355/2709/2031 2360/2714/1991
f 2353/2707/2029 2364/2718/1992 2362/2716/1990
f 2355/2709/2031 2343/2696/2019 2363/2717/1993
f 2344/2697/2020 2366/2720/1994 2364/2718/1992
f 2345/2698/2021 2367/2721/2013 2365/2719/1995
f 2342/2695/2018 2365/2719/1995 2363/2717/1993
f 2346/2699/2022 2368/2722/2011 2366/2720/1994
f 2347/2700/2023 2369/2723/1996 2367/2721/2013
f 2348/2701/2024 2370/2724/1984 2368/2722/2011
f 2349/2703/2025 2371/2726/1985 2369/2723/1996
f 2350/2704/2026 2372/2727/1999 2370/2724/1984
f 2352/2725/2028 2373/2730/1986 2371/2726/1985
f 2322/2674/1998 2321/2673/1987 2372/2727/1999
f 2351/2705/2027 2359/2713/1988 2373/2728/1986
f 2372/2727/1999 2376/2732/2037 2374/2729/2035
f 2373/2730/1986 2378/2753/2039 2375/2731/2036
f 2321/2673/1987 2379/2735/2040 2376/2732/2037
f 2373/2728/1986 2359/2713/1988 2377/2733/2038
f 2361/2715/1989 2381/2737/2042 2379/2735/2040
f 2362/2716/1990 2383/2739/2044 2377/2733/2038
f 2361/2715/1989 2360/2714/1991 2380/2736/2041
f 2362/2716/1990 2364/2718/1992 2382/2738/2043
f 2360/2714/1991 2363/2717/1993 2384/2740/2045
f 2364/2718/1992 2366/2720/1994 2385/2741/2046
f 2367/2721/2013 2387/2743/2048 2386/2742/2047
f 2363/2717/1993 2365/2719/1995 2386/2742/2047
f 2368/2722/2011 2388/2744/2049 2385/2741/2046
f 2369/2723/1996 2389/2745/2050 2387/2743/2048
f 2370/2724/1984 2374/2729/2035 2388/2744/2049
f 2369/2723/1996 2371/2726/1985 2375/2731/2036
f 2387/2743/2048 2393/2749/2054 2390/2746/2051
f 2386/2742/2047 2390/2746/2051 2391/2747/2052
f 2388/2744/2049 2394/2750/2055 2392/2748/2053
f 2387/2743/2048 2389/2745/2050 2357/2711/2033
f 2374/2729/2035 2396/2752/2057 2394/2750/2055
f 2389/2745/2050 2375/2731/2036 2395/2751/2056
f 2376/2732/2037 2397/2754/2058 2396/2752/2057
f 2378/2753/2039 2398/2779/2059 2395/2751/2056
f 2379/2735/2040 2399/2756/2060 2397/2754/2058
f 2377/2733/2038 2400/2757/2061 2398/2755/2059
f 2381/2737/2042 2401/2758/2062 2399/2756/2060
f 2383/2739/2044 2402/2759/2063 2400/2757/2061
f 2380/2736/2041 2403/2760/2064 2401/2758/2062
f 2382/2738/2043 2404/2761/2065 2402/2759/2063
f 2384/2740/2045 2391/2747/2052 2403/2760/2064
f 2382/2738/2043 2385/2741/2046 2392/2748/2053
f 2405/2762/2066 2423/2781/2084 2399/2756/2060
f 2406/2763/2067 2400/2757/2061 2402/2759/2063
f 2408/2765/2069 2405/2762/2066 2401/2758/2062
f 2409/2766/2070 2407/2764/2068 2402/2759/2063
f 2410/2767/2071 2408/2765/2069 2403/2760/2064
f 2409/2766/2070 2404/2761/2065 2392/2748/2053
f 2412/2769/2073 2410/2767/2071 2391/2747/2052
f 2411/2768/2072 2392/2748/2053 2394/2750/2055
f 2414/2771/2075 2412/2769/2073 2356/2710/2032
f 2413/2770/2074 2394/2750/2055 2396/2752/2057
f 2417/2774/2078 2358/2712/2034 2357/2711/2033
f 2418/2775/2079 2594/2966/2255 2419/2776/2080
f 2416/2773/2077 2396/2752/2057 2397/2754/2058
f 2417/2774/2078 2395/2751/2056 2398/2779/2059
f 2421/2778/2082 2397/2754/2058 2399/2756/2060
f 2406/2763/2067 2422/3474/2083 2398/2755/2059
f 2120/2456/1799 2437/2795/2098 2424/2782/2085
f 2083/2417/1762 2085/2419/1764 2425/2783/2086
f 2098/2434/1777 2095/2429/1774 2427/2785/2088
f 2112/2448/1791 2439/2797/2100 2429/2787/2090
f 2124/2465/1803 2424/4819/2085 2430/2788/2091
f 2083/2417/1762 2426/2784/2087 2431/2789/2092
f 2098/2434/1777 2428/2786/2089 2432/2790/2093
f 2121/2457/1800 2118/2454/1797 2429/2787/2090
f 2131/2469/1810 2127/2463/1806 2430/2788/2091
f 2090/2424/1769 2431/2789/2092 2435/2793/2096
f 2106/2442/1785 2432/2790/2093 2436/2794/2097
f 2121/2457/1800 2433/2791/2094 2437/2795/2098
f 2133/2471/1812 2438/2796/2099 2425/2783/2086
f 2131/2469/1810 2434/2792/2095 2438/2796/2099
f 2095/2429/1774 2096/2430/1775 2435/2793/2096
f 2112/2448/1791 2105/2441/1784 2436/2794/2097
f 2436/2794/2097 2453/2812/2114 2440/2798/2101
f 2425/2783/2086 2455/2814/2116 2441/2799/2102
f 2429/2787/2090 2439/2797/2100 2440/2798/2101
f 2431/2789/2092 2426/2784/2087 2441/2799/2102
f 2433/2791/2094 2429/2787/2090 2442/2800/2103
f 2431/2789/2092 2443/2801/2104 2445/2803/2106
f 2437/2795/2098 2433/2791/2094 2444/2802/2105
f 2427/2785/2088 2435/2793/2096 2445/2803/2106
f 2437/2795/2098 2446/2804/2107 2448/2806/2109
f 2427/2785/2088 2447/2805/2108 2449/2807/2110
f 2430/2788/2091 2424/4819/2085 2448/2808/2109
f 2428/2786/2089 2449/2807/2110 2451/2810/2112
f 2430/2788/2091 2450/2809/2111 2452/2811/2113
f 2432/2790/2093 2451/2810/2112 2453/2812/2114
f 2425/2783/2086 2438/2796/2099 2454/2813/2115
f 2434/2792/2095 2452/2811/2113 2454/2813/2115
f 2450/2809/2111 2480/2840/2141 2456/2815/2117
f 2457/2816/2118 2458/2817/2119 2453/2812/2114
f 2456/2815/2117 2485/2845/2146 2454/2813/2115
f 2458/2817/2119 2460/2819/2121 2440/2798/2101
f 2455/2814/2116 2484/2844/2145 2459/2818/2120
f 2460/2819/2121 2461/2820/2122 2442/2800/2103
f 2459/2818/2120 2470/2829/2131 2443/2801/2104
f 2461/2820/2122 2473/2832/2134 2444/2802/2105
f 2443/2801/2104 2470/2829/2131 2462/2821/2123
f 2444/2802/2105 2473/2832/2134 2463/2822/2124
f 2462/2821/2123 2464/2823/2125 2447/2805/2108
f 2463/2822/2124 2465/2836/2126 2448/2806/2109
f 2464/2823/2125 2466/2825/2127 2449/2807/2110
f 2465/2824/2126 2480/2840/2141 2450/2809/2111
f 2466/2825/2127 2457/2816/2118 2451/2810/2112
f 2458/2817/2119 2483/2843/2144 2467/2826/2128
f 2459/2818/2120 2484/2844/2145 2172/2510/1849
f 2461/2820/2122 2460/2819/2121 2467/2826/2128
f 2470/2829/2131 2459/2818/2120 2468/2827/2129
f 2461/2820/2122 2469/2828/2130 2472/2831/2133
f 2470/2829/2131 2471/2830/2132 2474/2833/2135
f 2473/2832/2134 2472/2831/2133 2475/2834/2136
f 2464/2823/2125 2462/2821/2123 2474/2833/2135
f 2465/2836/2126 2463/2822/2124 2475/2834/2136
f 2464/2823/2125 2476/2835/2137 2478/2838/2139
f 2465/2824/2126 2477/2858/2138 2479/2839/2140
f 2466/2825/2127 2478/2838/2139 2481/2841/2142
f 2480/2840/2141 2479/2839/2140 2482/2842/2143
f 2457/2816/2118 2481/2841/2142 2483/2843/2144
f 2484/2844/2145 2485/2845/2146 2173/2511/1850
f 2485/2845/2146 2456/2815/2117 2482/2842/2143
f 2486/2846/2147 2514/2876/2175 2482/2842/2143
f 2487/2847/2148 2488/2848/2149 2483/2843/2144
f 2482/2842/2143 2514/2876/2175 2171/2509/1848
f 2488/2848/2149 2490/2850/2151 2467/2826/2128
f 2489/2849/2150 2491/2851/2152 2468/2827/2129
f 2454/2813/2115 2485/2845/2146 2484/2844/2145
f 2490/2850/2151 2500/2862/2161 2469/2828/2130
f 2491/2851/2152 2493/2853/2154 2471/2830/2132
f 2469/2828/2130 2500/2862/2161 2492/2852/2153
f 2493/2853/2154 2494/2854/2155 2474/2833/2135
f 2492/2852/2153 2507/2869/2168 2475/2834/2136
f 2494/2854/2155 2496/2856/2157 2476/2835/2137
f 2475/2834/2136 2507/2869/2168 2495/2855/2156
f 2496/2856/2157 2497/2859/2158 2478/2838/2139
f 2495/2857/2156 2486/2846/2147 2479/2839/2140
f 2497/2859/2158 2487/2847/2148 2481/2841/2142
f 2491/2851/2152 2489/2849/2150 2498/2860/2159
f 2500/2862/2161 2490/2850/2151 2501/2863/2162
f 2493/2853/2154 2491/2851/2152 2499/2861/2160
f 2492/2852/2153 2500/2862/2161 2502/2864/2163
f 2493/2853/2154 2503/2865/2164 2505/2867/2166
f 2492/2852/2153 2504/2866/2165 2506/2868/2167
f 2496/2856/2157 2494/2854/2155 2505/2867/2166
f 2495/2855/2156 2507/2869/2168 2506/2868/2167
f 2496/2856/2157 2508/2870/2169 2510/2872/2171
f 2495/2857/2156 2509/2981/2170 2511/2873/2172
f 2497/2859/2158 2510/2872/2171 2512/2874/2173
f 2486/2846/2147 2511/2873/2172 2513/2875/2174
f 2488/2848/2149 2487/2847/2148 2512/2874/2173
f 2171/2509/1848 2516/2878/2177 2498/2860/2159
f 2171/2509/1848 2514/2876/2175 2513/2875/2174
f 2488/2848/2149 2515/2877/2176 2501/2863/2162
f 2517/2879/2178 2155/2493/1833 2518/2880/2179
f 2152/2490/1830 2146/2484/1824 2520/2882/2181
f 2517/2879/2178 2519/2881/2180 2522/2884/2183
f 2158/2496/1836 2537/2900/2198 2523/2885/2184
f 2145/2483/1823 2525/2887/2186 2524/2886/2185
f 2154/2492/1832 2541/2904/2202 2525/2887/2186
f 2146/2484/1824 2530/2892/2191 2526/2888/2187
f 2151/2489/1829 2150/2488/1828 2527/2889/2188
f 2529/2891/2190 2531/2893/2192 2526/2888/2187
f 2529/2891/2190 2153/2491/1831 2524/2886/2185
f 2150/2488/1828 2148/2486/1826 2522/2884/2183
f 2532/2894/2193 2608/4820/2269 2509/2871/2170
f 2152/2490/1830 2521/2883/2182 2533/2895/2194
f 2157/2495/1835 2523/2885/2184 2518/2880/2179
f 2535/2897/2196 2151/2489/1829 2528/2890/2189
f 2158/2496/1836 2534/4813/2195 2533/2899/2194
f 2528/2890/2189 2543/2906/2204 2538/2901/2199
f 2522/2884/2183 2566/2938/2227 2539/2902/2200
f 2537/2900/2198 2549/2918/2210 2540/2903/2201
f 2540/2903/2201 2544/2907/2205 2518/2880/2179
f 2541/2904/2202 2551/2920/2212 2542/2905/2203
f 2527/2889/2188 2539/2902/2200 2543/2906/2204
f 2544/2907/2205 2546/2911/2207 2519/2881/2180
f 2524/2908/2185 2568/2940/2229 2545/2909/2206
f 2546/2911/2207 2566/2938/2227 2522/2884/2183
f 2535/2897/2196 2536/2898/2197 2541/2904/2202
f 2542/2905/2203 2568/2940/2229 2524/2886/2185
f 2547/2912/2208 2561/2930/2222 2533/2913/2194
f 2526/2915/2187 2550/2919/2211 2548/2916/2209
f 2533/2899/2194 2561/4821/2222 2549/2918/2210
f 2531/2910/2192 2545/2909/2206 2550/2919/2211
f 2548/2916/2209 2547/2912/2208 2521/2914/2182
f 2551/2920/2212 2420/2777/2081 2552/2921/2213
f 2548/2916/2209 2550/2919/2211 2553/2922/2214
f 2543/2906/2204 2539/2902/2200 2555/2924/2216
f 2545/2909/2206 2558/2927/2219 2553/2922/2214
f 2538/2901/2199 2418/2775/2079 2420/2777/2081
f 2545/2909/2206 2568/2940/2229 2557/2926/2218
f 2538/2901/2199 2543/2906/2204 2556/2925/2217
f 2539/2902/2200 2566/2938/2227 2559/2928/2220
f 2547/2912/2208 2565/2937/2226 2560/2929/2221
f 2540/2931/2201 2567/2939/2228 2562/2932/2223
f 2549/2933/2210 2561/4822/2222 2560/2934/2221
f 2544/2907/2205 2562/2932/2223 2564/2936/2225
f 2548/2916/2209 2554/2923/2215 2565/2937/2226
f 2566/2938/2227 2546/2911/2207 2564/2936/2225
f 2549/2933/2210 2563/2935/2224 2567/2939/2228
f 2542/2905/2203 2552/2921/2213 2557/2926/2218
f 2569/2941/2230 2577/2949/2238 2567/2939/2228
f 2570/2942/2231 2574/2946/2235 2557/2926/2218
f 2419/2776/2080 2570/2942/2231 2552/2921/2213
f 2553/2922/2214 2573/2945/2234 2571/2943/2232
f 2555/2924/2216 2575/2947/2236 2572/2944/2233
f 2558/2927/2219 2580/2952/2241 2573/2945/2234
f 2574/2946/2235 2580/2952/2241 2558/2927/2219
f 2572/2944/2233 2594/2966/2255 2418/2775/2079
f 2559/2928/2220 2579/2951/2240 2575/2947/2236
f 2538/2901/2199 2551/2920/2212 2541/2904/2202
f 2576/2948/2237 2582/2971/2243 2560/2929/2221
f 2577/2949/2238 2578/2950/2239 2562/2932/2223
f 2560/2934/2221 2582/2954/2243 2569/2941/2230
f 2578/2950/2239 2590/2962/2251 2564/2936/2225
f 2554/2923/2215 2571/2943/2232 2576/2948/2237
f 2564/2936/2225 2590/2962/2251 2579/2951/2240
f 2580/2952/2241 2599/2972/2260 2581/2953/2242
f 2582/2954/2243 2598/3674/2259 2583/2955/2244
f 2573/2945/2234 2581/2953/2242 2584/2956/2245
f 2579/2951/2240 2595/2967/2256 2585/2957/2246
f 2419/2776/2080 2596/2968/2257 2586/2958/2247
f 2571/2943/2232 2584/2956/2245 2587/2959/2248
f 2575/2947/2236 2585/2957/2246 2588/2960/2249
f 2578/2950/2239 2591/2963/2252 2589/2961/2250
f 2577/2949/2238 2592/2964/2253 2591/2963/2252
f 2569/2941/2230 2583/2955/2244 2592/2964/2253
f 2572/2944/2233 2588/2960/2249 2593/2965/2254
f 2590/2962/2251 2589/2961/2250 2595/2967/2256
f 2594/2966/2255 2593/2965/2254 2596/2968/2257
f 2570/2942/2231 2586/2958/2247 2597/2969/2258
f 2576/2948/2237 2587/2959/2248 2598/2970/2259
f 2574/2946/2235 2597/2969/2258 2599/2972/2260
f 2144/2482/1822 2529/2891/2190 2530/2892/2191
f 2253/2604/1930 2280/2631/1957 2303/2654/1980
f 2252/2603/1929 2251/2602/1928 2275/2626/1952
f 2254/2605/1931 2303/2654/1980 2304/2656/1981
f 2252/2603/1929 2301/2652/1978 2302/2653/1979
f 2244/2594/1921 2304/4818/1981 2299/2650/1976
f 2271/2622/1948 2247/2597/1924 2302/2653/1979
f 2245/2595/1922 2299/2650/1976 2295/2646/1972
f 2272/2623/1949 2271/2622/1948 2297/2648/1974
f 2270/2621/1947 2269/2620/1946 2295/2646/1972
f 2272/2623/1949 2293/2644/1970 2283/2634/1960
f 2266/2617/1943 2264/2615/1941 2285/2636/1962
f 2270/2621/1947 2291/2642/1968 2285/2636/1962
f 2262/2613/1939 2283/2634/1960 2278/2629/1955
f 2266/2617/1943 2281/2632/1958 2282/2633/1959
f 2258/2609/1935 2278/2629/1955 2280/2631/1957
f 2260/2611/1937 2282/2633/1959 2275/2626/1952
f 2600/2973/2261 2604/2977/2265 2501/2863/2162
f 2601/2974/2262 2516/2878/2177 2513/2875/2174
f 2603/2976/2264 2502/2864/2163 2501/2863/2162
f 2600/2973/2261 2515/2877/2176 2512/2874/2173
f 2532/2894/2193 2506/2868/2167 2504/2866/2165
f 2607/2980/2268 2511/2873/2172 2509/2981/2170
f 2609/2983/2270 2505/2867/2166 2503/2865/2164
f 2607/2980/2268 2602/2975/2263 2513/2875/2174
f 2609/2983/2270 2612/2986/2273 2508/2870/2169
f 2603/2976/2264 2606/2979/2267 2504/2866/2165
f 2611/2985/2272 2510/2872/2171 2508/2870/2169
f 2613/2987/2274 2610/2984/2271 2503/2865/2164
f 2613/2987/2274 2499/2861/2160 2498/2860/2159
f 2611/2985/2272 2605/2978/2266 2512/2874/2173
f 2601/2974/2262 2614/2988/2275 2498/2860/2159
f 2615/2989/2276 2032/2361/1712 2034/2363/1714
f 2617/2991/2278 2043/2372/1722 2045/2374/1724
f 2616/2990/2277 2029/2358/1709 2031/2360/1711
f 2049/2378/1728 2040/2369/1719 2042/2371/1721
f 2035/2364/1715 2026/2355/1706 2028/2357/1708
f 2052/2382/1731 2053/2383/1732 2618/2992/2279
f 2053/2993/1732 2037/2366/1716 2039/2368/1718
f 2050/2380/1729 2046/2375/1725 2048/2377/1727
f 2600/2995/2261 2038/2367/1717 2028/2357/1708
f 2603/2997/2264 2027/2356/1707 2042/2371/1721
f 2532/2999/2193 2041/2370/1720 2031/2360/1711
f 2607/3001/2268 2030/2359/1710 2045/2374/1724
f 2601/3003/2262 2044/2373/1723 2034/2363/1714
f 2613/3005/2274 2033/2362/1713 2048/2377/1727
f 2609/3007/2270 2047/2376/1726 2054/2384/1733
f 2611/3009/2272 2618/2994/2279 2039/2368/1718
f 2600/2995/2261 2605/3010/2266 2039/2368/1718
f 2611/3011/2272 2612/3008/2273 2054/2384/1733
f 2609/3007/2270 2610/3006/2271 2048/2377/1727
f 2613/3005/2274 2614/3004/2275 2034/2363/1714
f 2601/3012/2262 2602/3002/2263 2045/2374/1724
f 2607/3001/2268 2608/3000/2269 2031/2360/1711
f 2532/2999/2193 2606/2998/2267 2042/2371/1721
f 2603/2997/2264 2604/2996/2265 2028/2357/1708
f 2619/3013/1706 2623/3425/1728 2620/3014/2280
f 1950/2237/1691 2633/3027/2283 2632/3026/2282
f 1958/2246/1699 2644/3046/2294 2633/3027/2283
f 1955/2243/1696 1941/2227/1682 2634/3028/2284
f 1956/3030/1697 2639/3038/2289 2636/3031/2286
f 1943/3033/1684 1953/3032/1694 2636/3031/2286
f 1939/3035/1680 1943/3033/1684 2637/3034/2287
f 1957/3037/1698 2647/3050/2297 2639/3038/2289
f 1952/2239/1693 2646/3048/2296 2640/3039/2290
f 1944/2230/1685 1945/2231/1686 2640/3039/2290
f 1948/2234/1689 1949/2236/1690 2642/3041/2292
f 1938/3043/1679 2645/3047/2295 2642/3044/2292
f 1958/2246/1699 1948/2234/1689 2643/3042/2293
f 1939/3035/1680 2638/3036/2288 2645/3047/2295
f 1955/2243/1696 2635/3029/2285 2646/3048/2296
f 1957/2245/1698 1944/2230/1685 2641/3040/2291
f 2648/3051/2298 2700/3105/2329 2649/3052/2299
f 2651/3054/1853 2744/3149/1802 2652/3055/2301
f 2654/3057/1805 2739/3144/1804 2651/3054/1853
f 2655/3058/2303 2710/3115/2337 2656/3059/2304
f 2652/3055/2301 2744/3149/1802 2658/3061/1798
f 2656/3059/2304 2710/3115/2337 2660/3063/2307
f 2658/3061/1798 2732/3137/1796 2662/3065/2309
f 2661/3064/2308 2660/3063/2307 2663/3066/2310
f 2662/3065/2309 2732/3137/1796 2665/3068/1793
f 2664/3067/2311 2663/3066/2310 2667/3070/2313
f 2665/3068/1793 2736/3141/1789 2669/3072/1790
f 2668/3071/2314 2667/3070/2313 2670/3073/2315
f 2669/3072/1790 2736/3141/1789 2672/3075/1786
f 2674/3077/1858 2677/3080/1779 2638/3036/2288
f 2673/3076/1787 2672/3075/1786 2674/3077/1858
f 2670/3073/2315 2723/3128/2341 2676/3079/2317
f 2677/3080/1779 2745/3150/1852 2645/3047/2295
f 2676/3079/2317 2723/3128/2341 2647/3050/2297
f 2645/3047/2295 2745/3150/1852 2679/3082/1772
f 2647/3050/2297 2641/3049/2291 2680/3083/2319
f 2679/3084/1772 2733/3138/1868 2643/3042/2293
f 2641/3040/2291 2640/3039/2290 2681/3085/2320
f 2643/3042/2293 2733/3138/1868 2682/3087/1766
f 2640/3039/2290 2646/3048/2296 2683/3088/2321
f 2644/3046/2294 2682/3087/1766 2684/3089/1863
f 2646/3048/2296 2635/3029/2285 2686/3091/2322
f 2649/3052/2299 2700/3105/2329 2655/3058/2303
f 2684/3089/1863 2737/3142/1808 2687/3092/1809
f 2635/3029/2285 2689/3094/2324 2688/3093/2323
f 2689/3094/2324 2697/3102/2326 2690/3095/2325
f 1941/2227/1682 1947/2233/1688 2632/3026/2282
f 2654/3057/1805 2692/3097/1845 2691/3096/1814
f 2692/3097/1845 2694/3099/1846 2693/3098/100
f 2694/3099/1846 2696/3101/1847 2695/3100/1817
f 2696/3101/1847 2648/3051/2298 2697/3102/2326
f 2653/3056/2302 2698/3103/2327 2692/3097/1845
f 2698/3103/2327 2704/3109/266 2694/3099/1846
f 2694/3099/1846 2704/3109/266 2699/3104/2328
f 2696/3101/1847 2699/3104/2328 2700/3105/2329
f 2701/3106/2330 2712/3117/811 2702/3107/2331
f 2659/3062/2306 2701/3106/2330 2703/3108/2332
f 2699/3104/2328 2713/3118/2339 2655/3058/2303
f 2702/3107/2331 2713/3118/2339 2699/3104/2328
f 2703/3108/2332 2702/3107/2331 2704/3109/266
f 2652/3055/2301 2703/3108/2332 2698/3103/2327
f 2705/3110/1275 2708/3113/2335 2706/3111/2333
f 2708/3113/2335 2663/3066/2310 2660/3063/2307
f 2709/3114/2336 2715/3120/2340 2705/3110/1275
f 2666/3069/2312 2715/3120/2340 2709/3114/2336
f 2706/3111/2333 2660/3063/2307 2710/3115/2337
f 2712/3117/811 2707/3112/2334 2706/3111/2333
f 2709/3114/2336 2707/3112/2334 2712/3117/811
f 2662/3065/2309 2709/3114/2336 2701/3106/2330
f 2713/3118/2339 2711/3116/2338 2710/3115/2337
f 2712/3117/811 2711/3116/2338 2713/3118/2339
f 2666/3069/2312 2669/3072/1790 2714/3119/1842
f 2714/3119/1842 2716/3121/1844 2705/3110/1275
f 2716/3121/1844 2717/3122/1843 2708/3113/2335
f 2717/3122/1843 2667/3070/2313 2663/3066/2310
f 2673/3076/1787 2718/3123/1840 2714/3119/1842
f 2718/3123/1840 2721/3126/684 2716/3121/1844
f 2716/3121/1844 2721/3126/684 2719/3124/1841
f 2719/3124/1841 2670/3073/2315 2667/3070/2313
f 2675/3078/1783 2720/3125/1838 2718/3123/1840
f 2720/3125/1838 2724/3129/1837 2721/3126/684
f 2721/3126/684 2724/3129/1837 2722/3127/1839
f 2719/3124/1841 2722/3127/1839 2723/3128/2341
f 2638/3036/2288 2637/3034/2287 2720/3125/1838
f 2720/3125/1838 2637/3034/2287 2636/3031/2286
f 2636/3031/2286 2639/3038/2289 2722/3127/1839
f 2639/3038/2289 2647/3050/2297 2723/3128/2341
f 2685/3090/1768 2725/3130/1816 2633/3027/2283
f 2725/3130/1816 2727/3132/1815 2632/3026/2282
f 2632/3026/2282 2727/3132/1815 2726/3131/1819
f 2726/3131/1819 2689/3094/2324 2635/3029/2285
f 2685/3090/1768 2687/3092/1809 2691/3096/1814
f 2691/3096/1814 2693/3098/100 2727/3132/1815
f 2693/3098/100 2695/3100/1817 2726/3131/1819
f 2695/3100/1817 2697/3102/2326 2689/3094/2324
f 2697/3102/2326 2648/3051/2298 2650/3053/2300
f 2728/3133/2342 2960/3382/2566 2729/3134/2343
f 2731/3136/2345 2896/3315/2502 2665/3068/1793
f 2733/3138/1868 2747/3153/2354 2734/3139/2346
f 2665/3068/1793 2896/3315/2502 2735/3140/2347
f 2734/3139/2346 2740/3145/2349 2684/3089/1863
f 2735/3140/2347 2741/3146/2350 2672/3075/1786
f 2737/3142/1808 2904/3323/2510 2738/3143/2348
f 2740/3145/2349 2904/3323/2510 2737/3142/1808
f 2741/3146/2350 2901/3320/2507 2674/3077/1858
f 2738/3143/2348 2897/3316/2503 2651/3054/1853
f 2674/3077/1858 2901/3320/2507 2742/3147/2351
f 2651/3054/1853 2897/3316/2503 2743/3148/2352
f 2742/3147/2351 2907/3332/2513 2745/3150/1852
f 2743/3148/2352 2905/3324/2511 2658/3061/1798
f 2745/3151/1852 2907/3326/2513 2746/3152/2353
f 2658/3061/1798 2905/3324/2511 2731/3136/2345
f 2679/3084/1772 2746/3152/2353 2747/3153/2354
f 2737/3142/1808 2739/3144/1804 2654/3057/1805
f 2765/3171/2371 2757/3186/2363 2759/3172/2365
f 2767/3174/2373 2751/3182/2357 2749/3175/2356
f 2769/3177/2375 2761/3187/2367 2763/3178/2369
f 2771/3180/2377 2762/3168/2368 2764/3170/2370
f 2770/3179/2376 2763/3178/2369 2751/3182/2357
f 2772/3181/2378 2764/3170/2370 2753/3159/2359
f 2774/3184/2380 2768/3209/2374 2749/3155/2356
f 2775/3185/2381 2754/3193/2360 2757/3186/2363
f 2766/3173/2372 2759/3172/2365 2761/3187/2367
f 2776/3188/2382 2777/3189/2383 2755/3161/2361
f 2774/3184/2380 2748/3154/2355 2755/3161/2361
f 2778/3190/2384 2760/3166/2366 2762/3168/2368
f 2776/3188/2382 2756/3162/2362 2758/3164/2364
f 2780/3192/2386 2752/3158/2358 2754/3193/2360
f 2779/3191/2385 2758/3164/2364 2760/3166/2366
f 2773/3183/2379 2753/3159/2359 2752/3158/2358
f 2781/3194/2387 2792/3205/2398 2772/3181/2378
f 2782/3195/2388 2774/3184/2380 2777/3189/2383
f 2784/3197/2390 2769/3177/2375 2770/3179/2376
f 2786/3199/2392 2766/3173/2372 2769/3177/2375
f 2787/3200/2393 2767/3174/2373 2768/3176/2374
f 2789/3202/2395 2775/3185/2381 2765/3171/2371
f 2789/3202/2395 2793/3206/2399 2780/3192/2386
f 2791/3204/2397 2771/3180/2377 2772/3181/2378
f 2781/3194/2387 2773/3183/2379 2780/3192/2386
f 2794/3207/2400 2776/3188/2382 2779/3191/2385
f 2786/3199/2392 2790/3203/2396 2765/3171/2371
f 2791/3204/2397 2796/3210/2402 2778/3190/2384
f 2787/3200/2393 2785/3198/2391 2770/3179/2376
f 2782/3195/2388 2788/3261/2394 2768/3209/2374
f 2794/3207/2400 2783/3196/2389 2777/3189/2383
f 2796/3210/2402 2795/3208/2401 2779/3191/2385
f 2797/3211/2403 2831/3246/2437 2798/3212/2404
f 2800/3214/2406 2810/3224/2416 2801/3215/2407
f 2803/3217/2409 2837/3252/2443 2804/3218/2410
f 2806/3220/2412 2843/3259/2449 2807/3221/2413
f 2808/3222/2414 2840/3256/2446 2797/3211/2403
f 2810/3224/2416 2835/3250/2441 2811/3225/2417
f 2812/3226/2418 2809/3223/2415 2813/3227/2419
f 2815/3229/2421 2808/3222/2414 2809/3223/2415
f 2816/3230/2422 2805/3219/2411 2804/3218/2410
f 2818/3232/2424 2834/3249/2440 2810/3224/2416
f 2816/3233/2422 2817/4823/2423 2819/3234/2425
f 2821/3236/2427 2829/3244/2435 2822/3237/2428
f 2824/3239/2430 2839/3255/2445 2825/3240/2431
f 2823/3238/2429 2822/3237/2428 2826/3241/2432
f 2801/3215/2407 2811/3225/2417 2828/3243/2434
f 2830/3245/2436 2827/3242/2433 2826/3241/2432
f 2832/3247/2438 2805/3219/2411 2816/3230/2422
f 2834/3249/2440 2844/3260/2450 2835/3250/2441
f 2802/3216/2408 2801/3215/2407 2829/3244/2435
f 2797/3211/2403 2799/3213/2405 2813/3227/2419
f 2836/3251/2442 2815/3229/2421 2812/3226/2418
f 2803/3217/2409 2807/3221/2413 2825/3240/2431
f 2833/3253/2439 2816/3233/2422 2820/3235/2426
f 2812/3226/2418 2814/3228/2420 2839/3255/2445
f 2840/3256/2446 2830/3245/2436 2831/3246/2437
f 2838/3254/2444 2820/3235/2426 2834/3249/2440
f 2822/3237/2428 2842/3258/2448 2841/3257/2447
f 2822/3237/2428 2829/3244/2435 2828/3243/2434
f 2843/3259/2449 2836/3251/2442 2824/3239/2430
f 2820/3235/2426 2819/3234/2425 2844/3260/2450
f 2832/3247/2438 2806/3220/2412 2803/3217/2409
f 2826/3241/2432 2841/3257/2447 2798/3212/2404
f 2813/3227/2419 2789/3202/2395 2790/3203/2396
f 2804/3218/2410 2837/3252/2443 2785/3198/2391
f 2798/3212/2404 2781/3194/2387 2793/3206/2399
f 2819/3234/2425 2817/4823/2423 2788/3261/2394
f 2819/3234/2425 2782/3195/2388 2783/3196/2389
f 2835/3250/2441 2794/3207/2400 2795/3208/2401
f 2842/3258/2448 2828/3243/2434 2796/3210/2402
f 2825/3240/2431 2784/3197/2390 2785/3198/2391
f 2813/3227/2419 2799/3213/2405 2793/3206/2399
f 2828/3243/2434 2811/3225/2417 2795/3208/2401
f 2839/3255/2445 2786/3199/2392 2784/3197/2390
f 2841/3257/2447 2842/3258/2448 2791/3204/2397
f 2798/3212/2404 2841/3257/2447 2792/3205/2398
f 2835/3250/2441 2844/3260/2450 2783/3196/2389
f 2804/3218/2410 2787/3200/2393 2788/3201/2394
f 2814/3228/2420 2790/3203/2396 2786/3199/2392
f 2845/3262/2451 2860/3277/2466 2821/3236/2427
f 2846/3263/2452 2830/3245/2436 2840/3256/2446
f 2848/3265/2454 2855/3272/2461 2800/3214/2406
f 2849/3266/2455 2827/3242/2433 2830/3245/2436
f 2847/3264/2453 2840/3256/2446 2808/3222/2414
f 2849/3266/2455 2845/3262/2451 2823/3238/2429
f 2851/3268/2457 2857/3274/2463 2832/3247/2438
f 2850/3267/2456 2808/3222/2414 2815/3229/2421
f 2853/3270/2459 2843/3259/2449 2806/3220/2412
f 2855/3272/2461 2856/3273/2462 2818/3232/2424
f 2856/3273/2462 2859/3276/2465 2838/3254/2444
f 2854/3271/2460 2806/3220/2412 2832/3247/2438
f 2858/3275/2464 2836/3251/2442 2843/3259/2449
f 2859/3276/2465 2851/4824/2457 2833/3253/2439
f 2860/3277/2466 2848/3265/2454 2802/3216/2408
f 2852/3269/2458 2815/3229/2421 2836/3251/2442
f 2861/3278/2467 2866/3283/2472 2852/3269/2458
f 2862/3279/2468 2856/3273/2462 2855/3272/2461
f 2864/3281/2470 2871/3288/2477 2846/3263/2452
f 2862/3279/2468 2875/3293/2481 2859/3276/2465
f 2864/3281/2470 2847/3264/2453 2850/3267/2456
f 2866/3283/2472 2865/3282/2471 2850/3267/2456
f 2867/3284/2473 2854/3271/2460 2857/3274/2463
f 2869/3286/2475 2868/3285/2474 2857/3274/2463
f 2870/3287/2476 2849/3266/2455 2846/3263/2452
f 2867/3284/2473 2876/3294/2482 2853/3270/2459
f 2872/3289/2478 2860/3277/2466 2845/3262/2451
f 2874/3291/2480 2863/3280/2469 2855/3272/2461
f 2869/3292/2475 2851/4824/2457 2859/3276/2465
f 2876/3294/2482 2861/3278/2467 2858/3275/2464
f 2873/3290/2479 2845/3262/2451 2849/3266/2455
f 2874/3291/2480 2848/3265/2454 2860/3277/2466
f 2877/3295/2483 2867/3284/2473 2868/3285/2474
f 2879/3297/2485 2862/3279/2468 2863/3280/2469
f 2881/3299/2487 2870/3287/2476 2871/3288/2477
f 2883/3301/2489 2892/3311/2498 2866/3283/2472
f 2884/3302/2490 2878/3296/2484 2868/3285/2474
f 2885/3303/2491 2880/3298/2486 2863/3280/2469
f 2886/3304/2492 2882/3300/2488 2871/3288/2477
f 2885/3303/2491 2874/3291/2480 2872/3289/2478
f 2884/3306/2490 2869/3292/2475 2875/3293/2481
f 2889/3308/2495 2883/3301/2489 2861/3278/2467
f 2886/3304/2492 2864/3281/2470 2865/3282/2471
f 2887/3305/2493 2872/3289/2478 2873/3290/2479
f 2879/3297/2485 2888/3307/2494 2875/3293/2481
f 2877/3295/2483 2889/3308/2495 2876/3294/2482
f 2890/3309/2496 2865/3282/2471 2866/3283/2472
f 2891/3310/2497 2873/3290/2479 2870/3287/2476
f 2742/3147/2351 2901/3320/2507 2893/3312/2499
f 2731/3136/2345 2906/3325/2512 2895/3314/2501
f 2897/3316/2503 2738/3143/2348 2898/3317/2504
f 2746/3152/2353 2908/3327/2514 2900/3319/2506
f 2901/3320/2507 2741/3146/2350 2902/3321/2508
f 2740/3145/2349 2911/3330/2517 2903/3322/2509
f 2905/3324/2511 2910/3329/2516 2906/3325/2512
f 2738/3143/2348 2904/3323/2510 2903/3322/2509
f 2907/3326/2513 2912/3427/2518 2908/3327/2514
f 2735/3140/2347 2913/3333/2519 2902/3321/2508
f 2905/3324/2511 2743/3148/2352 2909/3328/2515
f 2734/3139/2346 2914/3334/2520 2911/3330/2517
f 2742/3147/2351 2894/3313/2500 2912/3331/2518
f 2735/3140/2347 2896/3315/2502 2895/3314/2501
f 2743/3148/2352 2897/3316/2503 2899/3318/2505
f 2747/3153/2354 2900/3319/2506 2914/3334/2520
f 2915/3335/2521 2934/3355/2540 2681/3085/2320
f 2649/3052/2299 2929/3349/2535 2916/3336/2522
f 2664/3067/2311 2938/3359/2544 2917/3337/2523
f 2918/3338/2524 2927/3347/2533 2676/3079/2317
f 2919/3339/2525 2915/3335/2521 2683/3088/2321
f 2920/3340/2526 2929/3349/2535 2649/3052/2299
f 2921/3341/2527 2938/3359/2544 2664/3067/2311
f 2680/3083/2319 2924/3352/2530 2918/3338/2524
f 2688/3093/2323 2940/3361/2546 2919/3339/2525
f 2922/3342/2528 2920/3340/2526 2657/3060/2305
f 2923/3343/2529 2921/3341/2527 2668/3071/2314
f 2681/3085/2320 2934/3355/2540 2924/3344/2530
f 2916/3336/2522 2925/3345/2531 2690/3095/2325
f 2925/3345/2531 2940/3361/2546 2688/3093/2323
f 2661/3064/2308 2917/3337/2523 2922/3342/2528
f 2676/3079/2317 2927/3347/2533 2923/3343/2529
f 2926/3346/2532 2941/3362/2547 2923/3343/2529
f 2928/3348/2534 2957/3379/2563 2916/3336/2522
f 2930/3350/2536 2926/3346/2532 2927/3347/2533
f 2920/3340/2526 2946/3367/2552 2928/3348/2534
f 2931/3351/2537 2930/3350/2536 2918/3338/2524
f 2932/3353/2538 2946/3367/2552 2920/3340/2526
f 2933/3354/2539 2931/3372/2537 2924/3344/2530
f 2935/3356/2541 2932/3353/2538 2922/3342/2528
f 2936/3357/2542 2933/3354/2539 2934/3355/2540
f 2937/3358/2543 2935/3356/2541 2917/3337/2523
f 2939/3360/2545 2936/3357/2542 2915/3335/2521
f 2921/3341/2527 2955/3377/2561 2937/3358/2543
f 2940/3361/2546 2944/3365/2550 2939/3360/2545
f 2941/3362/2547 2955/3377/2561 2921/3341/2527
f 2916/3336/2522 2957/3379/2563 2942/3363/2548
f 2942/3363/2548 2944/3365/2550 2940/3361/2546
f 2942/3363/2548 2729/3134/2343 2943/3364/2549
f 2945/3366/2551 2956/3378/2562 2941/3362/2547
f 2930/3350/2536 2948/3369/2554 2945/3366/2551
f 2946/3367/2552 2965/3387/2571 2947/3368/2553
f 2931/3351/2537 2950/3389/2556 2948/3369/2554
f 2949/3370/2555 2965/3387/2571 2946/3367/2552
f 2933/3354/2539 2951/3373/2557 2950/3371/2556
f 2935/3356/2541 2970/3393/2576 2949/3370/2555
f 2936/3357/2542 2972/3395/2578 2951/3373/2557
f 2952/3374/2558 2970/3393/2576 2935/3356/2541
f 2953/3375/2559 2972/3395/2578 2936/3357/2542
f 2954/3376/2560 2952/3374/2558 2937/3358/2543
f 2943/3364/2549 2953/3375/2559 2939/3360/2545
f 2956/3378/2562 2954/3376/2560 2955/3377/2561
f 2947/3368/2553 2730/3135/2344 2957/3379/2563
f 2958/3380/2564 2974/3397/2580 2953/3375/2559
f 2959/3381/2565 2975/3398/2581 2954/3376/2560
f 2960/3382/2566 2958/3380/2564 2943/3364/2549
f 2961/3383/2567 2959/3381/2565 2956/3378/2562
f 2962/3384/2568 2728/3133/2342 2730/3135/2344
f 2963/3385/2569 2961/3383/2567 2945/3366/2551
f 2964/3386/2570 2962/3384/2568 2947/3368/2553
f 2966/3388/2572 2963/3385/2569 2948/3369/2554
f 2967/3390/2573 2964/3386/2570 2965/3387/2571
f 2968/3391/2574 2966/3409/2572 2950/3371/2556
f 2969/3392/2575 2967/3390/2573 2949/3370/2555
f 2971/3394/2577 2968/3391/2574 2951/3373/2557
f 2973/3396/2579 2969/3392/2575 2970/3393/2576
f 2974/3397/2580 2971/3394/2577 2972/3395/2578
f 2975/3398/2581 2973/3396/2579 2952/3374/2558
f 2975/3398/2581 2959/3381/2565 2976/3399/2582
f 2961/3383/2567 2963/3385/2569 2983/3407/2583
f 2966/3409/2572 2968/3391/2574 2985/3410/2585
f 2971/3394/2577 2974/3397/2580 2987/3412/2587
f 2958/3380/2564 2960/3382/2566 2989/3414/2589
f 2728/3133/2342 2962/3384/2568 2991/3416/2591
f 2964/3386/2570 2967/3390/2573 2993/3418/2593
f 2969/3392/2575 2973/3396/2579 2620/3420/2280
f 2631/3025/1716 2625/3019/1715 2976/3422/2582
f 2629/3023/1731 2630/3024/1732 2983/3424/2583
f 2626/3020/1725 2628/3022/1730 2985/3410/2585
f 2982/3406/1712 2627/3021/1729 2987/3412/2587
f 2980/3404/1722 2981/3405/2276 2989/3414/2589
f 2978/3402/1709 2979/3403/2278 2991/3416/2591
f 2622/3016/1719 2977/3401/2277 2993/3418/2593
f 2629/3023/1731 2986/3411/2586 2985/3410/2585
f 2982/3406/1712 2990/3415/2590 2989/3414/2589
f 2978/3402/1709 2994/3419/2594 2993/3418/2593
f 2619/3013/1706 2621/3015/2281 2976/3422/2582
f 2630/3024/1732 2631/3025/1716 2984/3423/2584
f 2627/3021/1729 2626/3020/1725 2988/3413/2588
f 2979/3403/2278 2980/3404/1722 2992/3417/2592
f 2623/3017/1728 2622/3016/1719 2995/3421/2595
f 2975/3398/2581 2621/3400/2281 2620/3420/2280
f 2969/3392/2575 2995/3421/2595 2993/3418/2593
f 2964/3386/2570 2994/3419/2594 2991/3416/2591
f 2728/3133/2342 2992/3417/2592 2989/3414/2589
f 2958/3380/2564 2990/3415/2590 2987/3412/2587
f 2971/3394/2577 2988/3413/2588 2985/3410/2585
f 2966/3409/2572 2986/3411/2586 2983/3424/2583
f 2961/3383/2567 2984/3408/2584 2976/3399/2582
f 1825/2104/1577 1807/2086/1559 1808/2087/1560
f 2337/2690/2013 2318/2670/1995 2287/2638/1964
f 1996/3426/1705 1746/2020/1498 1747/2022/1499
f 2957/3379/2563 2730/3135/2344 2729/3134/2343
f 2898/3317/2504 2891/3310/2497 2881/3299/2487
f 2895/3314/2501 2906/3325/2512 2890/3309/2496
f 2902/3321/2508 2889/3308/2495 2877/3295/2483
f 2908/3327/2514 2888/3307/2494 2879/3297/2485
f 2898/3317/2504 2903/3322/2509 2887/3305/2493
f 2906/3325/2512 2910/3329/2516 2886/3304/2492
f 2902/3321/2508 2913/3333/2519 2883/3301/2489
f 2912/3427/2518 2884/3306/2490 2888/3307/2494
f 2903/3322/2509 2911/3330/2517 2885/3303/2491
f 2909/3328/2515 2882/3300/2488 2886/3304/2492
f 2914/3334/2520 2880/3298/2486 2885/3303/2491
f 2894/3313/2500 2878/3296/2484 2884/3302/2490
f 2895/3314/2501 2892/3311/2498 2883/3301/2489
f 2909/3328/2515 2899/3318/2505 2881/3299/2487
f 2900/3319/2506 2879/3297/2485 2880/3298/2486
f 2894/3313/2500 2893/3312/2499 2877/3295/2483
f 2996/3428/2596 3815/4376/3351 2997/3429/2597
f 2356/2710/2032 2412/2769/2073 2390/2746/2051
f 2999/3431/2599 3002/3434/2602 3000/3432/2600
f 3002/3434/2602 3004/3436/2604 3003/3435/2603
f 3004/3436/2604 3006/3438/2606 3005/3437/2605
f 3006/3438/2606 3009/3441/2609 3007/3439/2607
f 3008/3440/2608 3011/3443/2611 3007/3439/2607
f 3010/3442/2610 3013/3445/2613 3011/3443/2611
f 3012/3444/2612 3015/3447/2615 3013/3445/2613
f 3014/3446/2614 3017/3449/2617 3015/3447/2615
f 3016/3448/2616 3019/3451/2619 3017/3449/2617
f 3016/3448/2616 3020/3452/2620 3018/3450/2618
f 3020/3452/2620 3022/3454/2622 3021/3453/2621
f 3022/3454/2622 3025/3457/2625 3023/3455/2623
f 3024/3456/2624 3027/3459/2627 3023/3455/2623
f 3026/3458/2626 3029/3461/2629 3027/3459/2627
f 3028/3460/2628 3030/3462/2630 3029/3461/2629
f 3028/3460/2628 2999/3431/2599 3001/3433/2601
f 3030/3462/2630 3032/3464/2632 3031/3463/2631
f 3032/3464/2632 3034/3466/2634 3033/3465/2633
f 3034/3466/2634 2415/2772/2076 3035/3467/2635
f 3035/3467/2635 2358/2712/2034 2417/2774/2078
f 3029/3461/2629 3031/3463/2631 3037/3469/2637
f 3031/3463/2631 3033/3465/2633 3038/3470/2638
f 3033/3465/2633 3035/3467/2635 3036/3468/2636
f 3036/3468/2636 2417/2774/2078 2422/2780/2083
f 3027/3459/2627 3037/3469/2637 3040/3472/2640
f 3037/3469/2637 3038/3470/2638 3041/3473/2641
f 3038/3470/2638 3036/3468/2636 3039/3471/2639
f 2422/3474/2083 2406/2763/2067 3042/3475/2642
f 3021/3453/2621 3023/3455/2623 3040/3472/2640
f 3043/3477/2643 3040/3472/2640 3041/3478/2641
f 3044/3479/2644 3041/3478/2641 3039/3476/2639
f 2406/2763/2067 2407/2764/2068 3045/3480/2645
f 3018/3450/2618 3021/3453/2621 3043/3477/2643
f 3046/3481/2646 3043/3477/2643 3044/3479/2644
f 3047/3482/2647 3044/3479/2644 3042/3475/2642
f 2407/2764/2068 2409/2766/2070 3048/3483/2648
f 3019/3451/2619 3018/3450/2618 3046/3481/2646
f 3049/3484/2649 3046/3481/2646 3047/3482/2647
f 3050/3485/2650 3047/3482/2647 3045/3480/2645
f 2409/2766/2070 2411/2768/2072 3051/3486/2651
f 3017/3449/2617 3019/3451/2619 3049/3484/2649
f 3052/3487/2652 3049/3484/2649 3050/3485/2650
f 3050/3485/2650 3048/3483/2648 3051/3486/2651
f 2411/2768/2072 2413/2770/2074 3054/3489/2654
f 3017/3449/2617 3052/3487/2652 3055/3490/2655
f 3052/3487/2652 3053/3488/2653 3056/3491/2656
f 3053/3488/2653 3051/3486/2651 3054/3489/2654
f 2413/2770/2074 2416/2773/2077 3057/3492/2657
f 3015/3447/2615 3055/3490/2655 3058/3493/2658
f 3055/3490/2655 3056/3491/2656 3059/3494/2659
f 3056/3491/2656 3054/3489/2654 3057/3492/2657
f 2416/2773/2077 2421/2778/2082 3060/3495/2660
f 3013/3445/2613 3058/3493/2658 3061/3496/2661
f 3058/3493/2658 3059/3494/2659 3062/3497/2662
f 3059/3494/2659 3057/3492/2657 3060/3495/2660
f 2421/2778/2082 2423/2781/2084 3063/3498/2663
f 3011/3443/2611 3061/3496/2661 3064/3499/2664
f 3061/3496/2661 3062/3497/2662 3065/3500/2665
f 3062/3497/2662 3060/3495/2660 3063/3498/2663
f 3063/3498/2663 2423/2781/2084 2405/2762/2066
f 3005/3437/2605 3007/3439/2607 3064/3499/2664
f 3067/3502/2667 3064/3499/2664 3065/3500/2665
f 3068/3503/2668 3065/3500/2665 3063/3498/2663
f 3066/3501/2666 2405/2762/2066 2408/2765/2069
f 3003/3435/2603 3005/3437/2605 3067/3502/2667
f 3070/3505/2670 3067/3502/2667 3068/3503/2668
f 3071/3506/2671 3068/3503/2668 3066/3501/2666
f 3069/3504/2669 2408/2765/2069 2410/2767/2071
f 3000/3432/2600 3003/3435/2603 3070/3505/2670
f 3073/3508/2673 3070/3505/2670 3071/3506/2671
f 3074/3509/2674 3071/3506/2671 3069/3504/2669
f 3072/3507/2672 2410/2767/2071 2412/2769/2073
f 3001/3433/2601 3000/3432/2600 3073/3508/2673
f 3075/3510/2675 3073/3508/2673 3074/3509/2674
f 3076/3511/2676 3074/3509/2674 3072/3507/2672
f 3001/3433/2601 3075/3510/2675 3032/3464/2632
f 3075/3510/2675 3076/3511/2676 3034/3466/2634
f 3034/3466/2634 3076/3511/2676 2414/2771/2075
f 2415/2772/2076 2356/2710/2032 2358/2712/2034
f 3077/3512/2677 3215/3650/2815 3009/3441/2609
f 3078/3513/2678 3217/3652/2817 3025/3457/2625
f 3009/3441/2609 3215/3650/2815 3079/3514/2679
f 3025/3457/2625 3217/3652/2817 3080/3515/2680
f 3008/3440/2608 3079/3514/2679 3081/3516/2681
f 3024/3456/2624 3080/3515/2680 3082/3517/2682
f 3010/3442/2610 3081/3516/2681 3083/3518/2683
f 3026/3458/2626 3082/3517/2682 3084/3519/2684
f 3083/3518/2683 3086/3521/2686 3014/3446/2614
f 3028/3460/2628 3084/3519/2684 3085/3520/2685
f 3086/3521/2686 3088/3523/2688 3016/3448/2616
f 3087/3522/2687 3089/3524/2689 3004/3436/2604
f 3088/3523/2688 3090/3525/2690 3020/3452/2620
f 3089/3524/2689 3077/3512/2677 3006/3438/2606
f 3090/3525/2690 3078/3513/2678 3022/3454/2622
f 3093/3528/2693 4164/4825/3603 3184/3619/2784
f 3184/3619/2784 3130/3565/2730 3093/3528/2693
f 3130/3565/2730 3135/3570/2735 3093/3528/2693
f 3135/3570/2735 3139/3574/2739 3146/3581/2746
f 3146/3581/2746 3151/3586/2751 3091/3526/2691
f 3091/3526/2691 4165/4826/3604 3092/3527/2692
f 3092/3527/2692 3161/3596/2761 3093/3528/2693
f 3161/3596/2761 3165/3600/2765 3093/3528/2693
f 3165/3600/2765 3169/3604/2769 3176/3611/2776
f 3176/3611/2776 3180/3615/2780 3165/3600/2765
f 3180/3615/2780 3093/3528/2693 3165/3600/2765
f 3135/3570/2735 3146/3581/2746 3093/3528/2693
f 3146/3581/2746 3091/3526/2691 3093/3528/2693
f 3094/3529/2694 3123/3558/2723 3095/3530/2695
f 3096/3531/2696 3095/3530/2695 3097/3532/2697
f 3098/3533/2698 3097/3532/2697 3099/3534/2699
f 3100/3535/2700 3099/3534/2699 3101/3536/2701
f 3101/3536/2701 3104/3539/2704 3103/3538/2703
f 3104/3539/2704 3106/3541/2706 3105/3540/2705
f 3106/3541/2706 3108/3543/2708 3107/3542/2707
f 3108/3543/2708 3110/3545/2710 3109/3544/2709
f 3110/3545/2710 3147/3582/2747 3111/3546/2711
f 3111/3546/2711 3147/3582/2747 3112/3547/2712
f 3113/3548/2713 3112/3547/2712 3114/3549/2714
f 3115/3550/2715 3114/3549/2714 3116/3551/2716
f 3116/3551/2716 3119/3554/2719 3118/3553/2718
f 3119/3554/2719 3121/3556/2721 3120/3555/2720
f 3121/3556/2721 3125/3560/2725 3122/3557/2722
f 3122/3557/2722 3125/3560/2725 3123/3558/2723
f 3124/3559/2724 3127/3562/2727 3125/3560/2725
f 3126/3561/2726 3129/3564/2729 3127/3562/2727
f 3128/3563/2728 3131/3566/2731 3129/3564/2729
f 3130/3565/2730 3184/3619/2784 3131/3566/2731
f 3132/3567/2732 3124/3559/2724 3121/3556/2721
f 3133/3568/2733 3126/3561/2726 3124/3559/2724
f 3134/3569/2734 3128/3563/2728 3126/3561/2726
f 3135/3570/2735 3130/3565/2730 3128/3563/2728
f 3136/3571/2736 3132/3567/2732 3119/3554/2719
f 3137/3572/2737 3133/3568/2733 3132/3567/2732
f 3138/3573/2738 3134/3569/2734 3133/3568/2733
f 3139/3574/2739 3135/3570/2735 3134/3569/2734
f 3114/3549/2714 3140/3575/2740 3136/3571/2736
f 3140/3575/2740 3141/3576/2741 3137/3572/2737
f 3141/3576/2741 3142/3577/2742 3138/3573/2738
f 3142/3577/2742 3146/3581/2746 3139/3574/2739
f 3112/3547/2712 3143/3578/2743 3140/3575/2740
f 3143/3578/2743 3144/3579/2744 3141/3576/2741
f 3144/3579/2744 3145/3580/2745 3142/3577/2742
f 3145/3580/2745 3151/3586/2751 3146/3581/2746
f 3147/3582/2747 3148/3583/2748 3143/3578/2743
f 3148/3583/2748 3149/3584/2749 3144/3579/2744
f 3149/3584/2749 3150/3585/2750 3145/3580/2745
f 3150/3585/2750 3091/3526/2691 3151/3586/2751
f 3110/3545/2710 3152/3587/2752 3148/3583/2748
f 3152/3587/2752 3154/3589/2754 3149/3584/2749
f 3153/3588/2753 3150/3585/2750 3149/3584/2749
f 3153/3588/2753 4165/4826/3604 3091/3526/2691
f 3155/3590/2755 3152/3587/2752 3110/3545/2710
f 3156/3591/2756 3154/3589/2754 3152/3587/2752
f 3157/3592/2757 3153/3588/2753 3154/3589/2754
f 3092/3527/2692 4165/4826/3604 3153/3588/2753
f 3158/3593/2758 3155/3590/2755 3108/3543/2708
f 3159/3594/2759 3156/3591/2756 3155/3590/2755
f 3160/3595/2760 3157/3592/2757 3156/3591/2756
f 3161/3596/2761 3092/3527/2692 3157/3592/2757
f 3162/3597/2762 3158/3593/2758 3106/3541/2706
f 3163/3598/2763 3159/3594/2759 3158/3593/2758
f 3164/3599/2764 3160/3595/2760 3159/3594/2759
f 3165/3600/2765 3161/3596/2761 3160/3595/2760
f 3166/3601/2766 3162/3597/2762 3104/3539/2704
f 3167/3602/2767 3163/3598/2763 3162/3597/2762
f 3168/3603/2768 3164/3599/2764 3163/3598/2763
f 3169/3604/2769 3165/3600/2765 3164/3599/2764
f 3099/3534/2699 3170/3605/2770 3166/3601/2766
f 3170/3605/2770 3171/3606/2771 3167/3602/2767
f 3171/3606/2771 3172/3607/2772 3168/3603/2768
f 3172/3607/2772 3176/3611/2776 3169/3604/2769
f 3097/3532/2697 3173/3608/2773 3170/3605/2770
f 3173/3608/2773 3174/3609/2774 3171/3606/2771
f 3174/3609/2774 3175/3610/2775 3172/3607/2772
f 3175/3610/2775 3180/3615/2780 3176/3611/2776
f 3095/3530/2695 3177/3612/2777 3173/3608/2773
f 3177/3612/2777 3178/3613/2778 3174/3609/2774
f 3178/3613/2778 3179/3614/2779 3175/3610/2775
f 3179/3614/2779 3093/3528/2693 3180/3615/2780
f 3123/3558/2723 3181/3616/2781 3177/3612/2777
f 3181/3616/2781 3182/3617/2782 3178/3613/2778
f 3182/3617/2782 3183/3618/2783 3179/3614/2779
f 3183/3618/2783 4164/4825/3603 3093/3528/2693
f 3127/3562/2727 3181/3616/2781 3123/3558/2723
f 3129/3564/2729 3182/3617/2782 3181/3616/2781
f 3129/3564/2729 3131/3566/2731 3183/3618/2783
f 3184/3619/2784 4164/4825/3603 3183/3618/2783
f 3100/3535/2700 3187/3622/2787 3185/3620/2785
f 3115/3550/2715 3188/3623/2788 3186/3621/2786
f 3102/3537/2702 3205/3640/2805 3187/3622/2787
f 3117/3552/2717 3207/3642/2807 3188/3623/2788
f 3189/3624/2789 3205/3640/2805 3102/3537/2702
f 3190/3625/2790 3207/3642/2807 3117/3552/2717
f 3191/3626/2791 3189/3624/2789 3103/3538/2703
f 3192/3627/2792 3190/3625/2790 3118/3553/2718
f 3193/3628/2793 3191/3626/2791 3105/3540/2705
f 3194/3629/2794 3192/3627/2792 3120/3555/2720
f 3195/3630/2795 3193/3628/2793 3107/3542/2707
f 3096/3531/2696 3197/3632/2797 3196/3631/2796
f 3196/3631/2796 3194/3629/2794 3122/3557/2722
f 3111/3546/2711 3198/3633/2798 3195/3630/2795
f 3098/3533/2698 3185/3620/2785 3197/3632/2797
f 3113/3548/2713 3186/3621/2786 3198/3633/2798
f 3197/3632/2797 3201/3636/2801 3199/3634/2799
f 3199/3634/2799 3214/3649/2814 3194/3629/2794
f 3198/3633/2798 3202/3637/2802 3200/3635/2800
f 3185/3620/2785 3203/3638/2803 3201/3636/2801
f 3186/3621/2786 3204/3639/2804 3202/3637/2802
f 3187/3622/2787 3206/3641/2806 3203/3638/2803
f 3188/3623/2788 3208/3643/2808 3204/3639/2804
f 3205/3640/2805 3216/3651/2816 3206/3641/2806
f 3207/3642/2807 3218/3653/2818 3208/3643/2808
f 3209/3644/2809 3216/3651/2816 3205/3640/2805
f 3210/3645/2810 3218/3653/2818 3207/3642/2807
f 3211/3646/2811 3209/3644/2809 3189/3624/2789
f 3212/3647/2812 3210/3645/2810 3190/3625/2790
f 3213/3648/2813 3211/3646/2811 3191/3626/2791
f 3214/3649/2814 3212/3647/2812 3192/3627/2792
f 3200/3635/2800 3213/3648/2813 3193/3628/2793
f 3087/3522/2687 3085/3520/2685 3199/3634/2799
f 3089/3524/2689 3087/3522/2687 3201/3636/2801
f 3077/3512/2677 3089/3524/2689 3203/3638/2803
f 3215/3650/2815 3077/3512/2677 3206/3641/2806
f 3215/3650/2815 3216/3651/2816 3209/3644/2809
f 3079/3514/2679 3209/3644/2809 3211/3646/2811
f 3081/3516/2681 3211/3646/2811 3213/3648/2813
f 3083/3518/2683 3213/3648/2813 3200/3635/2800
f 3088/3523/2688 3086/3521/2686 3200/3635/2800
f 3090/3525/2690 3088/3523/2688 3202/3637/2802
f 3078/3513/2678 3090/3525/2690 3204/3639/2804
f 3217/3652/2817 3078/3513/2678 3208/3643/2808
f 3217/3652/2817 3218/3653/2818 3210/3645/2810
f 3080/3515/2680 3210/3645/2810 3212/3647/2812
f 3082/3517/2682 3212/3647/2812 3214/3649/2814
f 3084/3519/2684 3214/3649/2814 3199/3634/2799
f 2999/3431/2599 3085/3520/2685 3087/3522/2687
f 3219/3654/2819 3225/3660/2825 3220/3655/2820
f 3222/3657/2822 3229/3664/2829 3223/3658/2823
f 3225/3660/2825 3234/3676/2834 3226/3661/2826
f 3228/3663/2828 3227/3666/2827 3229/3664/2829
f 3230/3665/2830 3233/3672/2833 3227/3666/2827
f 3231/3667/2831 3219/3654/2819 3221/3656/2821
f 3231/3667/2831 3232/3668/2832 3233/3672/2833
f 3234/3676/2834 3224/3943/2824 3223/3677/2823
f 3235/3678/2835 3293/3738/2893 3236/3679/2836
f 3238/3681/2838 3334/3785/2934 3239/3682/2839
f 3241/3684/2841 3362/3824/2962 3239/3682/2839
f 3241/3684/2841 3296/3742/2896 3243/3686/2843
f 3245/3688/2845 3296/3742/2896 3246/3689/2846
f 3248/3691/2848 3323/3773/2923 3249/3692/2849
f 3251/3694/2851 3271/3714/2871 3252/3695/2852
f 3254/3697/2854 3251/3694/2851 3253/3696/2853
f 3256/3699/2856 3278/3722/2878 3257/3700/2857
f 3259/3702/2859 3343/3797/2943 3260/3703/2860
f 3262/3705/2862 3266/3709/2866 3263/3706/2863
f 3262/3705/2862 3363/3825/2963 3265/3708/2865
f 3245/3688/2845 3271/3714/2871 3267/3710/2867
f 3268/3711/2868 3267/3710/2867 3269/3712/2869
f 3271/3714/2871 3251/3694/2851 3272/3715/2872
f 3273/4827/2873 3322/3772/2922 3274/3749/2874
f 3276/3720/2876 3248/3691/2848 3250/3693/2850
f 3278/3722/2878 3349/3804/2949 3279/3723/2879
f 3280/3724/2880 3772/4323/3312 3281/3725/2881
f 3280/3727/2880 3282/3776/2882 3283/3728/2883
f 3285/3730/2885 3311/3758/2911 3286/3731/2886
f 3288/3733/2888 3370/3834/2970 3289/3734/2889
f 3291/3736/2891 3356/3815/2956 3235/3678/2835
f 3292/3737/2892 3295/4828/2895 3293/3738/2893
f 3294/3739/2894 3318/3787/2918 3295/3740/2895
f 3296/3742/2896 3245/3688/2845 3268/3711/2868
f 3297/3743/2897 3300/3746/2900 3298/3744/2898
f 3300/3746/2900 3303/3750/2903 3301/3747/2901
f 3274/3749/2874 3307/3754/2907 3303/3750/2903
f 3305/3752/2905 3425/3896/3025 3306/3753/2906
f 3308/3755/2908 3325/3775/2925 3309/3756/2909
f 3311/3758/2911 3285/3730/2885 3312/3759/2912
f 3314/3761/2914 3746/4298/3286 3315/3762/2915
f 3293/3764/2893 3264/3707/2864 3317/3765/2917
f 3295/3767/2895 3262/3705/2862 3264/3707/2864
f 3318/3768/2918 3363/3825/2963 3262/3705/2862
f 3319/3769/2919 3357/3816/2957 3246/3689/2846
f 3304/3751/2904 3303/3750/2903 3300/3746/2900
f 3253/3696/2853 3252/3695/2852 3320/3770/2920
f 3307/3754/2907 3274/3749/2874 3322/3772/2922
f 3258/3701/2858 3400/3868/3000 3249/3692/2849
f 3324/3774/2924 3276/3829/2876 3325/3775/2925
f 3282/3776/2882 3341/3806/2941 3326/3777/2926
f 3327/3778/2927 3779/4829/3319 3328/3779/2928
f 3330/3781/2930 3315/4281/2915 3331/3782/2931
f 3263/3706/2863 3238/3681/2838 3316/3763/2916
f 3266/3709/2866 3265/3708/2865 3319/3769/2919
f 3335/3786/2935 3244/3687/2844 3294/3739/2894
f 3318/3787/2918 3294/3739/2894 3336/3788/2936
f 3243/3686/2843 3268/3711/2868 3270/3713/2870
f 3252/3695/2852 3247/3690/2847 3337/3790/2937
f 3274/3718/2874 3304/4830/2904 3269/3791/2869
f 3309/3756/2909 3325/3775/2925 3338/3792/2938
f 3340/3794/2940 3327/3778/2927 3329/3780/2929
f 3259/3702/2859 3757/4305/3297 3342/3796/2942
f 3343/3797/2943 3342/3796/2942 3344/3798/2944
f 3742/4275/3282 3745/4278/3285 3747/4284/3287
f 3747/4284/3287 3748/4285/3288 3742/4275/3282
f 3748/4285/3288 3700/4282/3240 3348/4274/2948
f 3742/4275/3282 3748/4285/3288 3348/4274/2948
f 3700/4225/3240 3696/4221/3236 3348/3802/2948
f 3696/4221/3236 3695/4220/3235 3346/3800/2946
f 3348/3802/2948 3696/4221/3236 3346/3800/2946
f 3695/4220/3235 3698/4223/3238 3237/4831/2837
f 3346/3800/2946 3741/4832/3281 3347/3801/2947
f 3695/4220/3235 3237/4831/2837 3346/3800/2946
f 3347/3801/2947 3332/4833/2932 3348/3802/2948
f 3304/3803/2904 3297/4834/2897 3270/3713/2870
f 3272/3715/2872 3275/3719/2875 3269/3791/2869
f 3272/3715/2872 3415/3884/3015 3273/3717/2873
f 3349/3804/2949 3310/3757/2910 3309/3756/2909
f 3350/3805/2950 3326/3777/2926 3341/3806/2941
f 3351/3808/2951 3780/4337/3320 3327/3809/2927
f 3352/3811/2952 3360/3821/2960 3353/3812/2953
f 3239/3682/2839 3362/3824/2962 3355/3814/2955
f 3356/3815/2956 3335/3823/2935 3292/3737/2892
f 3265/3708/2865 3364/3826/2964 3357/3816/2957
f 3244/3687/2844 3243/3686/2843 3336/3788/2936
f 3306/3753/2906 3321/3771/2921 3320/3770/2920
f 3325/3775/2925 3276/3829/2876 3277/3817/2877
f 3282/3726/2882 3281/3725/2881 3340/3794/2940
f 3358/3818/2958 3775/4326/3315 3359/3819/2959
f 3312/3820/2912 3285/4835/2885 3360/3821/2960
f 3313/3760/2913 3373/3838/2973 3345/3799/2945
f 3361/3822/2961 3368/3832/2968 3354/3813/2954
f 3355/3814/2955 3362/3824/2962 3335/3823/2935
f 3362/3824/2962 3241/3684/2841 3244/3687/2844
f 3299/3745/2899 3298/3744/2898 3363/3825/2963
f 3364/3826/2964 3302/3748/2902 3337/3790/2937
f 3271/3714/2871 3245/3688/2845 3247/3690/2847
f 3303/3750/2903 3307/3754/2907 3306/3753/2906
f 3254/3697/2854 3415/3884/3015 3272/3715/2872
f 3365/3827/2965 3257/3700/2857 3279/3723/2879
f 3276/3829/2876 3324/3774/2924 3367/3830/2967
f 3311/3758/2911 3345/3799/2945 3344/3798/2944
f 3368/3832/2968 3361/3822/2961 3259/3702/2859
f 3369/3833/2969 3374/3839/2974 3370/3834/2970
f 3333/3784/2933 3316/3763/2916 3315/3762/2915
f 3372/3837/2972 3355/3814/2955 3356/3815/2956
f 3373/3838/2973 3260/3703/2860 3343/3797/2943
f 3374/3839/2974 3523/4016/3122 3289/3734/2889
f 3260/3703/2860 3373/3838/2973 3375/3840/2975
f 3377/3842/2977 3288/3733/2888 3290/3735/2890
f 3379/3844/2979 3396/3861/2996 3380/3845/2980
f 3382/3847/2982 3398/3866/2998 3383/3848/2983
f 3376/3841/2976 3388/3853/2988 3261/3704/2861
f 3385/3850/2985 3376/3841/2976 3375/3840/2975
f 3385/3850/2985 3382/3847/2982 3384/3849/2984
f 3388/3853/2988 3389/3854/2989 3368/3832/2968
f 3387/3852/2987 3388/3853/2988 3376/3841/2976
f 3389/3854/2989 3393/3858/2993 3354/3813/2954
f 3371/3835/2971 3393/3858/2993 3389/3854/2989
f 3288/3733/2888 3377/3842/2977 3390/3855/2990
f 3370/3834/2970 3288/3733/2888 3391/3856/2991
f 3369/3833/2969 3389/3854/2989 3388/3853/2988
f 3392/3857/2992 3352/3811/2952 3354/3813/2954
f 3391/3856/2991 3390/3855/2990 3394/3859/2994
f 3373/3838/2973 3313/3760/2913 3395/3860/2995
f 3394/3859/2994 3312/3820/2912 3352/3811/2952
f 3386/3851/2986 3379/3844/2979 3382/3847/2982
f 3371/3835/2971 3391/3856/2991 3392/3857/2992
f 3396/3861/2996 3379/3844/2979 3386/3851/2986
f 3395/3860/2995 3313/3760/2913 3312/3759/2912
f 3377/3864/2977 3396/3861/2996 3397/3862/2997
f 3397/3862/2997 3386/3851/2986 3375/3840/2975
f 3379/3844/2979 3381/3846/2981 3398/3866/2998
f 3395/3860/2995 3394/3863/2994 3390/3865/2990
f 3365/3827/2965 3405/3873/3005 3399/3867/2999
f 3401/3869/3001 3255/3698/2855 3402/3870/3002
f 3404/3872/3004 3407/3875/3007 3250/3693/2850
f 3366/3828/2966 3515/4004/3114 3405/3873/3005
f 3338/3792/2938 3424/3895/3024 3406/3874/3006
f 3277/3721/2877 3250/3693/2850 3407/3875/3007
f 3408/3877/3008 3424/3895/3024 3338/3792/2938
f 3409/3878/3009 3411/3880/3011 3401/3869/3001
f 3410/3879/3010 3401/3869/3001 3411/3880/3011
f 3410/3879/3010 3254/3697/2854 3255/3698/2855
f 3413/3882/3013 3415/3884/3015 3254/3697/2854
f 3414/3883/3014 3273/3717/2873 3415/3884/3015
f 3405/3873/3005 3515/4004/3114 3416/3885/3016
f 3405/3873/3005 3417/3886/3017 3412/3881/3012
f 3418/3887/3018 3420/3890/3020 3414/3883/3014
f 3416/3885/3016 3414/3883/3014 3413/3882/3013
f 3414/3883/3014 3420/3890/3020 3322/3888/2922
f 3419/3889/3019 3422/3899/3022 3420/3890/3020
f 3420/3890/3020 3422/3899/3022 3305/3891/2905
f 3421/3892/3021 3425/3896/3025 3305/3752/2905
f 3423/3894/3023 3419/3889/3019 3424/3895/3024
f 3419/3889/3019 3418/3887/3018 3406/3874/3006
f 3403/3871/3003 3402/3870/3002 3425/3896/3025
f 3423/3897/3023 3409/3878/3009 3403/3871/3003
f 3419/3889/3019 3423/3894/3023 3421/3898/3021
f 3407/3875/3007 3409/3878/3009 3423/3897/3023
f 3426/3900/3026 3433/3909/3033 3427/3901/3027
f 3429/3903/3029 3426/3900/3026 3428/3904/3028
f 3431/3906/3031 3429/3903/3029 3430/3907/3030
f 3257/3700/2857 3365/3827/2965 3400/3868/3000
f 3433/3909/3033 3426/3900/3026 3434/3910/3034
f 3426/3900/3026 3429/3903/3029 3436/3912/3036
f 3429/3903/3029 3431/3906/3031 3437/3913/3037
f 3264/3707/2864 3263/3706/2863 3333/3784/2933
f 3298/3744/2898 3364/3826/2964 3265/3708/2865
f 3438/3914/3038 3442/3918/3042 3439/3915/3039
f 3441/3917/3041 3444/3920/3044 3442/3918/3042
f 3443/3919/3043 4166/4836/3605 3444/3920/3044
f 3317/3765/2917 3333/3784/2933 3330/3836/2930
f 3446/3922/3046 3438/3914/3038 3440/3916/3040
f 3448/3924/3048 3441/3917/3041 3438/3914/3038
f 3449/3925/3049 3443/3919/3043 3441/3917/3041
f 3428/3902/3028 3427/3901/3027 3450/3926/3050
f 3430/3905/3030 3428/3904/3028 3451/3928/3051
f 3432/3908/3032 3430/3907/3030 3452/3930/3052
f 3238/3681/2838 3240/3683/2840 3314/3761/2914
f 3396/3861/2996 3377/3864/2977 3378/3932/2978
f 3454/3933/3054 3446/3922/3046 3447/3923/3047
f 3456/3935/3056 3448/3924/3048 3446/3922/3046
f 3457/3936/3057 3449/3925/3049 3448/3924/3048
f 3366/3828/2966 3279/3723/2879 3309/3756/2909
f 3435/3911/3035 3434/3910/3034 3454/3933/3054
f 3434/3910/3034 3436/3912/3036 3456/3935/3056
f 3437/3913/3037 3457/3936/3057 3456/3935/3056
f 3240/3683/2840 3355/3814/2955 3372/3837/2972
f 3444/3937/3044 3452/3929/3052 3451/3928/3051
f 3444/3939/3044 4166/4837/3605 3453/3931/3053
f 3230/3665/2830 3460/3942/3059 3458/3940/1332
f 3301/3747/2901 3320/3770/2920 3337/3790/2937
f 3329/3807/2929 3328/4332/2928 3459/3941/3058
f 3263/3706/2863 3266/3709/2866 3334/3785/2934
f 3319/3769/2919 3242/3685/2842 3239/3682/2839
f 3296/3742/2896 3241/3684/2841 3242/3685/2842
f 3300/3746/2900 3302/3748/2902 3364/3826/2964
f 3270/3713/2870 3297/4834/2897 3299/3789/2899
f 3357/3816/2957 3337/3790/2937 3247/3690/2847
f 3228/3663/2828 3463/3946/3062 3460/3942/3059
f 3224/3943/2824 3234/3676/2834 3461/3944/3060
f 3222/3657/2822 3464/3947/3063 3463/3946/3062
f 3224/3659/2824 3462/3957/3061 3464/3947/3063
f 3225/3660/2825 3219/3654/2819 3465/3948/3064
f 3458/3940/1332 3465/3948/3064 3219/3654/2819
f 3234/3676/2834 3225/3660/2825 3466/3949/3065
f 3460/3942/3059 3471/3954/3070 3467/3950/3066
f 3461/3944/3060 3466/3949/3065 3468/3951/3067
f 3465/3948/3064 3458/3940/1332 3467/3950/3066
f 3470/3953/3069 3468/3951/3067 3466/3949/3065
f 3463/3946/3062 3473/3956/3072 3471/3954/3070
f 3462/3945/3061 3461/3944/3060 3469/3952/3068
f 3464/3947/3063 3474/3958/3073 3473/3956/3072
f 3462/3957/3061 3472/3962/3071 3474/3958/3073
f 3471/3954/3070 3473/3956/3072 3475/3959/3074
f 3477/3961/3076 3482/3968/3081 3474/3958/3073
f 3470/3953/3069 3479/3964/3078 3478/3963/3077
f 3467/3950/3066 3481/3966/3080 3479/3964/3078
f 3468/3951/3067 3478/3963/3077 3480/3965/3079
f 3467/3950/3066 3471/3954/3070 3476/3960/3075
f 3469/3952/3068 3480/3965/3079 3477/3967/3076
f 3473/3956/3072 3474/3958/3073 3482/3968/3081
f 3483/3969/3082 3439/3995/3039 3450/3926/3050
f 3477/3961/3076 3486/4341/3085 3485/3971/3084
f 3480/3965/3079 3487/3973/3086 3486/3972/3085
f 3478/3963/3077 3488/3974/3087 3487/3973/3086
f 3479/3964/3078 3489/3975/3088 3488/3974/3087
f 3481/3966/3080 3490/3976/3089 3489/3975/3088
f 3476/3960/3075 3511/4000/3110 3490/3976/3089
f 3484/3970/3083 3450/3926/3050 3427/3901/3027
f 3492/3978/3091 3491/3977/3090 3427/3901/3027
f 3493/3979/3092 3514/4003/3113 3494/3980/3093
f 3495/3981/3094 3494/3980/3093 3484/3970/3083
f 3496/3982/3095 3492/3978/3091 3433/3909/3033
f 3493/3979/3092 3495/3981/3094 3497/3983/3096
f 3495/3981/3094 3491/3977/3090 3492/3978/3091
f 3499/3985/3098 3496/3982/3095 3435/3911/3035
f 3498/3984/3097 3497/3983/3096 3500/3986/3099
f 3497/3983/3096 3492/3978/3091 3496/3982/3095
f 3499/3985/3098 3455/3934/3055 3447/3923/3047
f 3501/3987/3100 3500/3986/3099 3503/3989/3102
f 3500/3986/3099 3496/3982/3095 3499/3985/3098
f 3502/3988/3101 3447/3923/3047 3440/3916/3040
f 3504/3990/3103 3503/3989/3102 3506/3992/3105
f 3503/3989/3102 3499/3985/3098 3502/3988/3101
f 3505/3994/3104 3440/4838/3040 3439/3995/3039
f 3508/3996/3107 3507/4340/3106 3506/3997/3105
f 3506/3997/3105 3502/4839/3101 3505/3994/3104
f 3476/3960/3075 3475/3959/3074 3510/3999/3109
f 3512/4001/3111 3508/3996/3107 3509/3998/3108
f 3513/4002/3112 3509/3998/3108 3505/3994/3104
f 3514/4003/3113 3512/4001/3111 3513/4002/3112
f 3494/3980/3093 3513/4002/3112 3483/3969/3082
f 3485/3971/3084 3510/3999/3109 3475/3959/3074
f 3249/3692/2849 3400/3868/3000 3399/3867/2999
f 3339/3793/2939 3406/3874/3006 3515/4004/3114
f 3404/3872/3004 3411/3880/3011 3409/3878/3009
f 3399/3867/2999 3412/3881/3012 3411/3880/3011
f 3417/3886/3017 3413/3882/3013 3410/3879/3010
f 3418/3887/3018 3416/3885/3016 3515/4004/3114
f 3442/4005/3042 3451/3927/3051 3450/3926/3050
f 3378/3932/2978 3520/4023/3119 3516/4009/3115
f 3289/3734/2889 3523/4016/3122 3517/4010/3116
f 3378/3843/2978 3290/3735/2890 3519/4012/3118
f 3380/3845/2980 3516/4009/3115 3521/4014/3120
f 3290/3735/2890 3289/3734/2889 3518/4011/3117
f 3381/3846/2981 3521/4014/3120 3522/4015/3121
f 3523/4016/3122 3383/3848/2983 3524/4017/3123
f 3398/3866/2998 3522/4015/3121 3524/4017/3123
f 3519/4012/3118 3531/4840/3130 3525/4018/3124
f 3521/4014/3120 3516/4009/3115 3526/4019/3125
f 3517/4010/3116 3524/4017/3123 3528/4021/3127
f 3520/4023/3119 3525/4841/3124 3526/4019/3125
f 3524/4017/3123 3522/4015/3121 3530/4024/3129
f 3518/4011/3117 3532/4026/3131 3531/4025/3130
f 3522/4015/3121 3521/4014/3120 3527/4020/3126
f 3517/4010/3116 3529/4022/3128 3532/4026/3131
f 247/4027/99 3546/4057/100 3533/4028/3132
f 1643/4030/1412 3548/4064/3139 3534/4031/3133
f 1446/4033/1265 3541/4047/3137 3535/4034/811
f 552/4036/99 1373/4043/1203 3536/4037/3134
f 3538/4039/684 3540/4046/3136 1685/4040/1441
f 1515/4042/1323 3542/4065/3138 3536/4037/3134
f 803/4044/728 1240/4029/1102 3533/4028/3132
f 1446/4033/1265 1685/4040/1441 3540/4046/3136
f 1515/4048/1323 1447/4035/768 3535/4034/811
f 1663/4032/1425 3534/4031/3133 3538/4039/684
f 618/4050/99 552/4036/99 3537/4038/100
f 1588/4052/99 618/4050/99 3543/4051/100
f 1588/4054/99 3544/4066/100 3545/4055/100
f 248/4056/99 3545/4055/100 3546/4057/100
f 3525/4842/3124 804/4843/305 3526/4059/3125
f 804/4843/305 803/4044/728 3526/4059/3125
f 803/4044/728 3539/4045/3135 3527/4058/3126
f 1509/1678/1317 1511/1680/1319 1593/1802/305
f 1679/1947/1436 3548/4064/3139 3532/4061/3131
f 3548/4064/3139 1643/4030/1412 3532/4061/3131
f 1643/4030/1412 804/4844/305 3531/4063/3130
f 804/4844/305 3525/4845/3124 3531/4063/3130
f 3546/4057/100 176/178/100 1680/1949/1437
f 3548/4064/3139 1679/1947/1436 1216/1307/1084
f 3541/4047/3137 1382/1516/1212 1629/1871/811
f 3537/4038/100 3536/4037/3134 1520/1692/1325
f 1217/1308/684 1555/1742/1350 3540/4046/3136
f 3542/4065/3138 1318/1440/1161 1520/1692/1325
f 3539/4045/3135 3533/4028/3132 1680/1949/1437
f 3541/4047/3137 3540/4046/3136 1555/1742/1350
f 3542/4049/3138 3535/4034/811 1629/1871/811
f 3534/4031/3133 1216/1307/1084 1217/1308/684
f 3543/4051/100 3537/4038/100 1615/1833/100
f 3544/4053/100 3543/4051/100 1065/1127/100
f 3544/4066/100 791/821/100 174/176/100
f 3545/4055/100 174/176/100 176/178/100
f 1633/1878/1405 1679/1947/1436 3547/4060/378
f 3547/4060/378 3528/4068/3127 3530/4067/3129
f 1509/1678/1317 3530/4067/3129 3527/4058/3126
f 3547/4060/378 1679/1947/1436 3529/4062/3128
f 3553/4073/3144 3802/4362/3338 3563/4083/3154
f 3563/4083/3154 3807/4367/3343 3553/4073/3144
f 3807/4367/3343 3580/4100/3171 3553/4073/3144
f 3580/4100/3171 3808/4368/3344 3549/4069/3140
f 3808/4368/3344 3569/4089/3160 3549/4069/3140
f 3569/4089/3160 3809/4370/3345 3549/4069/3140
f 3549/4069/3140 3810/4371/3346 3574/4094/3165
f 3574/4094/3165 3811/4372/3347 3549/4069/3140
f 3811/4372/3347 3586/4106/3177 3549/4069/3140
f 3586/4106/3177 3812/4373/3348 3583/4103/3174
f 3583/4103/3174 3813/4374/3349 3550/4070/3141
f 3550/4070/3141 3814/4375/3350 3560/4080/3151
f 3814/4375/3350 2997/3429/2597 3560/4080/3151
f 2997/3429/2597 3815/4376/3351 3560/4080/3151
f 3560/4080/3151 3806/4366/3342 3566/4086/3157
f 3566/4086/3157 3805/4365/3341 3551/4071/3142
f 3551/4071/3142 3804/4364/3340 3553/4073/3144
f 3804/4364/3340 3577/4097/3168 3553/4073/3144
f 3577/4097/3168 3803/4363/3339 3553/4073/3144
f 3586/4106/3177 3583/4103/3174 3549/4069/3140
f 3583/4103/3174 3550/4070/3141 3549/4069/3140
f 3560/4080/3151 3566/4086/3157 3550/4070/3141
f 3566/4086/3157 3551/4071/3142 3550/4070/3141
f 3553/4073/3144 3580/4100/3171 3549/4069/3140
f 3551/4071/3142 3553/4073/3144 3549/4069/3140
f 3552/4072/3143 3802/4362/3338 3553/4073/3144
f 3555/4075/3146 3814/4375/3350 3550/4070/3141
f 3557/4077/3148 3810/4371/3346 3549/4069/3140
f 3559/4079/3150 3806/4366/3342 3560/4080/3151
f 3562/4082/3153 3807/4367/3343 3563/4083/3154
f 3565/4085/3156 3805/4365/3341 3566/4086/3157
f 3568/4088/3159 3809/4370/3345 3569/4089/3160
f 3571/4091/3162 3804/4364/3340 3551/4071/3142
f 3573/4093/3164 3811/4372/3347 3574/4094/3165
f 3576/4096/3167 3803/4363/3339 3577/4097/3168
f 3579/4099/3170 3808/4368/3344 3580/4100/3171
f 3582/4102/3173 3813/4374/3349 3583/4103/3174
f 3585/4105/3176 3812/4373/3348 3586/4106/3177
f 771/801/699 173/175/161 1637/1884/1408
f 3588/4108/1395 3598/4118/3185 3589/4109/3179
f 3591/4111/1166 3599/4119/3186 3592/4112/3180
f 1578/1780/1369 3600/4120/1431 3594/4114/3182
f 3595/4115/3183 3601/4121/3187 3596/4116/3184
f 3593/4113/3181 3592/4112/3180 3598/4118/3185
f 1579/1781/1165 3594/4114/3182 3599/4119/3186
f 1578/1780/1369 3595/4115/3183 3597/4117/1430
f 3601/4121/3187 3590/4110/1396 3589/4109/3179
f 3603/4123/3179 3613/4133/3184 3604/4124/3187
f 3606/4126/1430 3614/4134/1431 3607/4127/1369
f 3609/4129/3182 3617/4137/3186 1324/1446/1166
f 3610/4130/3180 3615/4135/3185 3611/4131/1395
f 3613/4133/3184 3606/4126/1430 3608/4128/3183
f 3614/4134/1431 3609/4129/3182 1323/1445/1165
f 1324/1446/1166 3617/4137/3186 3610/4130/3180
f 3611/4131/1395 3615/4135/3185 3603/4123/3179
f 3624/4144/1369 1671/1930/1431 3623/4143/3182
f 3626/4146/3187 3618/4138/3184 1669/1928/1430
f 3620/4140/3185 3619/4139/3179 3628/4148/1396
f 3630/4150/1166 3622/4142/3186 3621/4141/3180
f 1669/1928/1430 1671/1930/1431 3624/4144/1369
f 3619/4139/3179 3618/4138/3184 3626/4146/3187
f 3621/4141/3180 3620/4140/3185 3629/4149/1395
f 3623/4143/3182 3622/4142/3186 3630/4150/1166
f 3627/4147/3183 1651/1908/1419 3626/4146/3187
f 1651/1908/1419 1678/1946/1435 3626/4146/3187
f 3632/4152/1369 3642/4162/1431 3633/4153/3182
f 3635/4155/3187 3643/4163/3184 3636/4156/1430
f 1620/1845/1395 3644/4164/3185 3638/4158/3179
f 3639/4159/3181 3645/4165/1166 3640/4160/3186
f 3637/4157/3183 3636/4156/1430 3642/4162/1431
f 1621/1846/1396 3638/4158/3179 3643/4163/3184
f 1620/1845/1395 3639/4159/3181 3641/4161/3180
f 3645/4165/1166 3634/4154/1165 3633/4153/3182
f 1528/1704/60 3634/4154/1165 3645/4165/1166
f 3639/4159/3181 1529/1705/1330 1528/1704/60
f 767/796/472 1454/1601/1272 1621/1846/1396
f 3635/4155/3187 3637/4157/3183 767/796/472
f 3632/4152/1369 3634/4154/1165 1528/1704/60
f 283/286/253 115/117/108 215/217/197
f 3648/4168/3188 114/116/107 1556/1746/1351
f 1484/1644/1295 1118/1189/1005 1576/1774/1367
f 1484/1644/1295 1628/1867/1403 1505/1670/1313
f 1118/1189/1005 743/770/677 1557/1747/1352
f 742/769/676 1556/1746/1351 1557/1747/1352
f 1477/1635/1289 1505/1670/1313 1035/1093/939
f 1034/1092/938 455/1579/417 3649/4169/3189
f 1460/1608/1277 1459/1607/1276 992/1043/899
f 1035/1093/939 1034/1092/938 936/981/852
f 1459/1607/1276 1549/1732/1344 595/612/544
f 1460/1608/1277 975/1024/883 281/284/251
f 1549/1732/1344 184/186/167 457/467/419
f 3649/4170/3189 455/465/417 457/467/419
f 411/420/376 281/284/251 283/286/253
f 115/117/108 114/116/107 3648/4168/3188
f 3650/4171/3190 3659/4180/3199 3651/4172/3191
f 3653/4174/3193 3652/4173/3192 3651/4172/3191
f 3655/4176/3195 3660/4181/3200 3656/4177/3196
f 3658/4179/3198 3664/4186/3204 3659/4180/3199
f 3660/4181/3200 3653/4174/3193 3654/4175/3194
f 3661/4182/3201 3655/4204/3195 3657/4183/3197
f 3663/4185/3203 3719/4248/3259 3664/4186/3204
f 3665/4187/3205 3676/4198/3216 3666/4188/3206
f 3668/4190/3208 3677/4212/3217 3669/4191/3209
f 3671/4193/3211 3679/4202/3219 3672/4194/3212
f 3674/4196/3214 3665/4187/3205 3667/4189/3207
f 3676/4198/3216 3668/4190/3208 3670/4192/3210
f 3677/4199/3217 3673/4195/3213 3672/4194/3212
f 3678/4201/3218 3680/4203/3220 3679/4202/3219
f 3674/4196/3214 3675/4197/3215 3680/4203/3220
f 3666/4188/3206 3663/4185/3203 3658/4179/3198
f 3670/4192/3210 3669/4191/3209 3655/4204/3195
f 3672/4194/3212 3679/4202/3219 3653/4174/3193
f 3667/4189/3207 3658/4179/3198 3650/4171/3190
f 3666/4188/3206 3670/4192/3210 3661/4182/3201
f 3669/4200/3209 3672/4194/3212 3660/4181/3200
f 3680/4203/3220 3652/4173/3192 3653/4174/3193
f 3675/4197/3215 3650/4171/3190 3652/4173/3192
f 3681/4205/3221 3674/4196/3214 3678/4201/3218
f 3682/4206/3222 3678/4201/3218 3671/4193/3211
f 3684/4208/3224 3673/4195/3213 3677/4199/3217
f 3686/4210/3226 3687/4211/3227 3668/4190/3208
f 3681/4205/3221 3688/4213/3228 3665/4187/3205
f 3683/4207/3223 3671/4193/3211 3673/4195/3213
f 3687/4211/3227 3685/4246/3225 3677/4212/3217
f 3688/4213/3228 3686/4210/3226 3676/4198/3216
f 3689/4214/3229 3693/4218/3233 3690/4215/3230
f 3692/4217/3232 3747/4284/3287 3693/4218/3233
f 3694/4219/3234 3701/4226/3241 3695/4220/3235
f 3697/4222/3237 3691/4216/3231 3690/4215/3230
f 3699/4224/3239 3694/4219/3234 3696/4221/3236
f 3701/4226/3241 3697/4222/3237 3698/4223/3238
f 3702/4227/3242 3711/4236/3251 3703/4228/3243
f 3705/4230/3245 3713/4238/3253 3706/4231/3246
f 3708/4233/3248 3714/4240/3254 3709/4234/3249
f 3711/4236/3251 3717/4243/3257 3712/4237/3252
f 3705/4230/3245 3702/4227/3242 3704/4229/3244
f 3707/4239/3247 3706/4244/3246 3714/4240/3254
f 3710/4235/3250 3709/4234/3249 3715/4241/3255
f 3717/4243/3257 3716/4242/3256 3715/4241/3255
f 3704/4229/3244 3703/4228/3243 3697/4222/3237
f 3706/4231/3246 3713/4238/3253 3694/4219/3234
f 3714/4240/3254 3718/4245/3258 3692/4217/3232
f 3703/4228/3243 3712/4237/3252 3691/4216/3231
f 3713/4238/3253 3704/4229/3244 3701/4226/3241
f 3706/4244/3246 3699/4283/3239 3718/4245/3258
f 3709/4234/3249 3692/4217/3232 3689/4214/3229
f 3715/4241/3255 3689/4214/3229 3691/4216/3231
f 3682/4206/3222 3716/4242/3256 3717/4243/3257
f 3683/4207/3223 3710/4235/3250 3716/4242/3256
f 3685/4209/3225 3707/4239/3247 3708/4233/3248
f 3687/4211/3227 3686/4210/3226 3702/4227/3242
f 3688/4213/3228 3681/4205/3221 3717/4243/3257
f 3684/4208/3224 3708/4233/3248 3710/4235/3250
f 3685/4246/3225 3687/4211/3227 3705/4230/3245
f 3686/4210/3226 3688/4213/3228 3711/4236/3251
f 3387/3852/2987 3384/3849/2984 3374/3839/2974
f 3663/4185/3203 3661/4182/3201 3662/4184/3202
f 3719/4248/3259 3662/4846/3202 3720/4249/3260
f 3659/4180/3199 3664/4186/3204 3722/4251/3262
f 3725/4254/3265 3736/4847/3276 3726/4255/3266
f 3728/4257/3268 3737/4267/3277 3729/4258/3269
f 3731/4260/3271 3739/4269/3279 3732/4261/3272
f 3727/4256/3267 3726/4255/3266 3734/4263/3274
f 3728/4257/3268 3730/4259/3270 3736/4265/3276
f 3737/4267/3277 3731/4260/3271 3733/4262/3273
f 3738/4268/3278 3781/4338/3321 3732/4261/3272
f 3330/3781/2930 3332/3783/2932 3347/4271/2947
f 3743/4276/3283 3750/4291/3290 3443/3919/3043
f 3744/4277/3284 3743/4276/3283 3449/3925/3049
f 3437/3913/3037 3723/4289/3263 3744/4277/3284
f 3745/4278/3285 3742/4275/3282 3331/3782/2931
f 3331/3782/2931 3315/4281/2915 3745/4278/3285
f 3700/4282/3240 3748/4285/3288 3718/4245/3258
f 3747/4284/3287 3692/4217/3232 3718/4245/3258
f 3693/4218/3233 3747/4284/3287 3745/4278/3285
f 3740/4286/3280 3237/4831/2837 3690/4215/3230
f 3237/4831/2837 3698/4223/3238 3690/4215/3230
f 3431/3906/3031 3432/4295/3032 3724/4287/3264
f 3723/4289/3263 3437/3913/3037 3431/3906/3031
f 3749/4290/3289 4166/4836/3605 3443/3919/3043
f 3432/4295/3032 3453/4848/3053 3752/4296/3292
f 3751/4294/3291 3743/4293/3283 3744/4297/3284
f 3744/4297/3284 3723/4252/3263 3721/4250/3261
f 3314/3761/2914 3372/3837/2972 3291/3736/2891
f 3291/3736/2891 3740/4270/3280 3746/4298/3286
f 3310/4299/2910 3402/3870/3002 3255/3698/2855
f 3253/3696/2853 3321/3771/2921 3310/4299/2910
f 3753/4300/3293 3284/3729/2884 3278/3722/2878
f 3402/3870/3002 3310/4299/2910 3425/3896/3025
f 3310/4299/2910 3321/3771/2921 3306/3753/2906
f 3323/3773/2923 3248/3691/2848 3367/4301/2967
f 3256/3699/2856 3258/3701/2858 3323/3773/2923
f 3756/4304/3296 3768/4316/3308 3757/4305/3297
f 3757/4305/3297 3259/3702/2859 3755/4303/3295
f 3259/3702/2859 3361/3822/2961 3755/4303/3295
f 3759/4307/3299 3762/4310/3302 3286/3731/2886
f 3762/4310/3302 3287/3732/2887 3286/3731/2886
f 3361/3822/2961 3353/3812/2953 3760/4308/3300
f 3360/4849/2960 3285/3730/2885 3763/4311/3303
f 3285/3730/2885 3287/3732/2887 3763/4311/3303
f 3344/3798/2944 3769/4317/3309 3758/4306/3298
f 3342/3796/2942 3757/4305/3297 3764/4312/3304
f 3760/4308/3300 3353/3812/2953 3360/3821/2960
f 3360/4849/2960 3763/4311/3303 3766/4850/3306
f 3283/3728/2883 3349/3804/2949 3278/3722/2878
f 3767/4315/3307 3764/4312/3304 3757/4305/3297
f 3324/3774/2924 3308/3755/2908 3350/3805/2950
f 3769/4317/3309 3344/3798/2944 3765/4313/3305
f 3344/3798/2944 3342/3796/2942 3765/4313/3305
f 3781/4338/3321 3734/4263/3274 4167/4851/3606
f 3734/4852/3274 3726/4853/3266 3759/4854/3299
f 4167/4855/3606 3734/4852/3274 3758/4856/3298
f 3726/4853/3266 3736/4265/3276 3763/4319/3303
f 3736/4265/3276 3730/4259/3270 3766/4314/3306
f 3726/4853/3266 3763/4319/3303 3762/4321/3302
f 3730/4259/3270 3729/4258/3269 3760/4308/3300
f 3729/4258/3269 3733/4262/3273 3760/4308/3300
f 3733/4262/3273 3732/4261/3272 3767/4315/3307
f 3768/4316/3308 3756/4304/3296 3733/4262/3273
f 3756/4304/3296 3755/4303/3295 3733/4262/3273
f 3733/4262/3273 3767/4315/3307 3768/4316/3308
f 3769/4317/3309 3770/4318/3310 3781/4338/3321
f 4167/4851/3606 3769/4317/3309 3781/4338/3321
f 3733/4262/3273 3755/4303/3295 3760/4308/3300
f 3758/4856/3298 3734/4852/3274 3759/4854/3299
f 3762/4321/3302 3759/4854/3299 3726/4853/3266
f 3730/4259/3270 3760/4308/3300 3766/4314/3306
f 3763/4319/3303 3736/4265/3276 3766/4314/3306
f 3764/4312/3304 3767/4315/3307 3732/4261/3272
f 3732/4261/3272 3781/4338/3321 3765/4313/3305
f 3781/4338/3321 3770/4318/3310 3765/4313/3305
f 3367/3830/2967 3324/3774/2924 3459/3941/3058
f 3358/3818/2958 3281/3725/2881 3772/4323/3312
f 3328/4857/2928 3779/4336/3319 3778/4330/3318
f 3779/4336/3319 3777/4328/3317 3778/4330/3318
f 3777/4328/3317 3359/3819/2959 3367/4329/2967
f 3359/3819/2959 3754/4334/3294 3367/4329/2967
f 3367/4329/2967 3771/4858/3311 3778/4330/3318
f 3778/4331/3318 3771/4322/3311 3459/3941/3058
f 3326/3777/2926 3350/3805/2950 3308/3755/2908
f 3774/4325/3314 3776/4327/3316 3728/4257/3268
f 3776/4327/3316 3737/4267/3277 3728/4257/3268
f 3349/3804/2949 3283/3728/2883 3326/3777/2926
f 3754/4334/3294 3359/3819/2959 3775/4326/3315
f 3779/4336/3319 3327/3809/2927 3780/4337/3320
f 3384/3849/2984 3383/3848/2983 3523/4016/3122
f 3735/4264/3275 3734/4263/3274 3781/4338/3321
f 3754/4339/3294 3774/4859/3314 3725/4254/3265
f 3507/3993/3106 3486/3972/3085 3487/3973/3086
f 3507/4340/3106 3508/3996/3107 3485/3971/3084
f 3508/3996/3107 3512/4001/3111 3510/3999/3109
f 3512/4001/3111 3514/4003/3113 3511/4000/3110
f 3514/4003/3113 3493/3979/3092 3490/3976/3089
f 3498/3984/3097 3489/3975/3088 3490/3976/3089
f 3501/3987/3100 3488/3974/3087 3489/3975/3088
f 3504/3990/3103 3487/3973/3086 3488/3974/3087
f 3773/4324/3313 3731/4260/3271 3737/4267/3277
f 3738/4268/3278 3739/4269/3279 3772/4323/3312
f 3280/3724/2880 3753/4333/3293 3735/4264/3275
f 3753/4333/3293 3727/4256/3267 3735/4264/3275
f 3785/4345/7 1282/1396/7 3786/4346/3322
f 1184/1270/1057 1058/1120/955 1057/1119/954
f 1040/1098/944 1698/1972/1450 3788/4348/3324
f 380/388/345 1692/1966/1444 3789/4349/3325
f 1134/1208/1018 1697/1971/1449 3790/4350/3326
f 1085/1152/979 1835/2115/1587 3791/4351/3327
f 650/669/593 1713/1987/1465 3792/4352/3328
f 1468/1624/1283 1695/1969/1447 3793/4353/3329
f 994/1047/901 1837/2117/1589 3794/4354/3330
f 1462/1612/1279 1699/1973/1451 3795/4355/3331
f 1839/2119/1591 1838/2118/1590 3796/4356/3332
f 1625/1864/1400 3798/4377/3334 3797/4357/3333
f 1650/1905/1418 1693/1967/1445 3798/4358/3334
f 1493/1656/1303 1691/1965/1443 3799/4359/3335
f 957/1005/867 1694/1968/1446 3800/4360/3336
f 1672/1932/1432 1690/1964/1442 3801/4361/3337
f 3564/4084/3155 3563/4083/3154 3802/4362/3338
f 3554/4074/3145 3553/4073/3144 3803/4363/3339
f 3578/4098/3169 3577/4097/3168 3804/4364/3340
f 3572/4092/3163 3551/4071/3142 3805/4365/3341
f 3567/4087/3158 3566/4086/3157 3806/4366/3342
f 3581/4101/3172 3580/4100/3171 3807/4367/3343
f 3570/4090/3161 3569/4089/3160 3808/4368/3344
f 3558/4369/3149 3549/4069/3140 3809/4370/3345
f 3575/4095/3166 3574/4094/3165 3810/4371/3346
f 3587/4107/3178 3586/4106/3177 3811/4372/3347
f 3584/4104/3175 3583/4103/3174 3812/4373/3348
f 3556/4076/3147 3550/4070/3141 3813/4374/3349
f 2998/3430/2598 2997/3429/2597 3814/4375/3350
f 3561/4081/3152 3560/4080/3151 3815/4376/3351
f 3798/4377/3334 3818/4860/3354 3816/4378/3352
f 3798/4358/3334 1693/1967/1445 3817/4379/3353
f 3864/4426/3395 3866/4428/3396 3819/4381/3355
f 3866/4428/3396 3817/4379/3353 3819/4381/3355
f 3799/4359/3335 3821/4383/3357 3819/4381/3355
f 3799/4359/3335 1691/1965/1443 3820/4382/3356
f 3823/4385/3359 3797/4357/3333 3816/4378/3352
f 3816/4378/3352 3868/4430/3397 3822/4384/3358
f 1838/2118/1590 3797/4357/3333 3823/4385/3359
f 1838/2118/1590 3824/4386/3360 3825/4387/3361
f 3871/4433/3398 3990/4566/3402 3825/4387/3361
f 3990/4566/3402 3826/4388/3362 3825/4387/3361
f 1699/1973/1451 3796/4356/3332 3826/4388/3362
f 1699/1973/1451 3827/4389/3363 3828/4390/3364
f 3874/4436/3399 3977/4552/3403 3828/4390/3364
f 3977/4552/3403 3829/4391/3365 3828/4390/3364
f 1837/2117/1589 3795/4355/3331 3829/4391/3365
f 1837/2117/1589 3830/4392/3366 3831/4393/3367
f 3877/4439/3401 3936/4510/3405 3831/4393/3367
f 3936/4510/3405 3832/4394/3368 3831/4393/3367
f 1695/1969/1447 3794/4354/3330 3832/4394/3368
f 1695/1969/1447 3833/4395/3369 3834/4396/3370
f 3880/4442/3385 3941/4515/3371 3834/4396/3370
f 3941/4515/3371 3835/4397/3371 3834/4396/3370
f 1713/1987/1465 3793/4353/3329 3835/4397/3371
f 1713/1987/1465 3836/4398/3371 3837/4399/3371
f 3883/4445/3371 4025/4606/3371 3837/4399/3371
f 4025/4606/3371 3838/4400/3371 3837/4399/3371
f 1835/2115/1587 3792/4352/3328 3838/4400/3371
f 1835/2115/1587 3839/4401/3371 3840/4402/3371
f 3886/4448/3371 4005/4583/3397 3840/4402/3371
f 4005/4583/3397 3841/4403/3372 3840/4402/3371
f 1712/1986/1464 3791/4351/3327 3841/4403/3372
f 1712/1986/1464 3842/4404/3373 3843/4405/3374
f 3889/4451/3396 3994/4571/3398 3843/4405/3374
f 3994/4571/3398 3844/4406/3375 3843/4405/3374
f 3790/4350/3326 1697/1971/1449 3844/4406/3375
f 3790/4350/3326 3845/4407/3376 3846/4408/3377
f 3892/4454/3358 3973/4548/3399 3846/4408/3377
f 3973/4548/3399 3847/4409/3378 3846/4408/3377
f 3789/4349/3325 1692/1966/1444 3847/4409/3378
f 3789/4349/3325 3848/4410/3379 3849/4411/3380
f 3895/4457/3402 3922/4496/3401 3849/4411/3380
f 3922/4496/3401 3850/4412/3381 3849/4411/3380
f 3788/4348/3324 1698/1972/1450 3850/4412/3381
f 3788/4348/3324 3851/4413/3382 3852/4414/3383
f 1690/1964/1442 3852/4414/3383 3853/4415/3384
f 3852/4414/3383 3897/4459/3403 3854/4416/3385
f 3801/4361/3337 1690/1964/1442 3853/4415/3384
f 3801/4361/3337 3855/4417/3386 3856/4418/3387
f 3900/4462/3405 4016/4597/3461 3856/4418/3387
f 4016/4597/3461 3857/4419/3388 3856/4418/3387
f 3800/4360/3336 1694/1968/1446 3857/4419/3388
f 3800/4360/3336 3858/4420/3389 3859/4421/3390
f 3820/4382/3356 1691/1965/1443 3859/4421/3390
f 3859/4421/3390 3862/4424/3393 3860/4422/3391
f 3861/4423/3392 3860/4422/3391 3862/4424/3393
f 3864/4426/3395 3912/4480/3406 3865/4427/3374
f 3867/4429/3377 3822/4384/3358 3868/4430/3397
f 3870/4432/3380 3990/4566/3402 3871/4433/3398
f 3873/4435/3383 3977/4552/3403 3874/4436/3399
f 3876/4438/3400 3936/4510/3405 3877/4439/3401
f 3879/4441/3371 3941/4515/3371 3880/4442/3385
f 3882/4444/3371 4025/4606/3371 3883/4445/3371
f 3885/4447/3352 4005/4583/3397 3886/4448/3371
f 3888/4450/3361 3994/4571/3398 3889/4451/3396
f 3891/4453/3364 3973/4548/3399 3892/4454/3358
f 3894/4456/3367 3922/4496/3401 3895/4457/3402
f 3897/4459/3403 3916/4487/3365 3898/4460/3370
f 3899/4461/3404 4016/4597/3461 3900/4462/3405
f 3557/4464/3148 3558/4490/3149 3896/4458/3362
f 3575/4466/3166 3557/4464/3148 3902/4465/3363
f 3903/4563/3360 3573/4861/3164 3893/4455/3359
f 3573/4861/3164 3575/4466/3166 3893/4455/3359
f 3587/4107/3178 3573/4093/3164 3903/4467/3360
f 3904/4468/3354 3585/4105/3176 3890/4452/3353
f 3585/4105/3176 3587/4107/3178 3890/4452/3353
f 3584/4104/3175 3585/4105/3176 3904/4468/3354
f 3905/4469/3371 3582/4102/3173 3887/4449/3371
f 3582/4102/3173 3584/4104/3175 3887/4449/3371
f 3556/4076/3147 3582/4102/3173 3905/4469/3371
f 3906/4470/3371 3555/4075/3146 3884/4446/3371
f 3555/4075/3146 3556/4076/3147 3884/4446/3371
f 2998/3430/2598 3555/4075/3146 3906/4470/3371
f 3907/4471/3386 2996/3428/2596 3881/4443/3384
f 2996/3428/2596 2998/3430/2598 3881/4443/3384
f 3561/4081/3152 2996/3428/2596 3907/4471/3386
f 3908/4492/3382 3559/4079/3150 3878/4440/3381
f 3559/4079/3150 3561/4081/3152 3878/4440/3381
f 3567/4472/3158 3559/4862/3150 3908/4473/3382
f 3909/4475/3379 3565/4863/3156 3875/4437/3378
f 3565/4863/3156 3567/4472/3158 3875/4437/3378
f 3572/4474/3163 3565/4863/3156 3909/4475/3379
f 3910/4477/3376 3571/4864/3162 3872/4434/3375
f 3571/4864/3162 3572/4474/3163 3872/4434/3375
f 3578/4476/3169 3571/4864/3162 3910/4477/3376
f 3911/4585/3373 3576/4865/3167 3869/4431/3372
f 3576/4865/3167 3578/4476/3169 3869/4431/3372
f 3554/4478/3145 3576/4866/3167 3911/4479/3373
f 3913/4482/3407 3552/4867/3143 3912/4480/3406
f 3552/4867/3143 3554/4478/3145 3912/4480/3406
f 3564/4481/3155 3552/4867/3143 3913/4482/3407
f 3914/4484/3408 3562/4868/3153 3863/4425/3394
f 3562/4868/3153 3564/4481/3155 3863/4425/3394
f 3581/4483/3172 3562/4868/3153 3914/4484/3408
f 3915/4485/3369 3579/4869/3170 3581/4483/3172
f 3581/4483/3172 3899/4461/3404 3901/4463/3368
f 3570/4486/3161 3579/4869/3170 3915/4485/3369
f 3568/4489/3159 3570/4486/3161 3916/4487/3365
f 3570/4486/3161 3898/4460/3370 3916/4487/3365
f 3896/4458/3362 3558/4490/3149 3894/4456/3367
f 3558/4490/3149 3568/4489/3159 3917/4488/3366
f 3878/4440/3381 3953/4547/3432 3918/4491/3409
f 3898/4460/3370 3915/4485/3369 3919/4493/3410
f 3894/4456/3367 3928/4502/3418 3921/4495/3412
f 3829/4391/3365 3977/4552/3403 3923/4497/3413
f 3901/4463/3368 3900/4462/3405 3925/4499/3415
f 3894/4456/3367 3917/4488/3366 3927/4501/3417
f 3831/4393/3367 3979/4554/3418 3929/4503/3412
f 3853/4415/3384 3939/4513/3421 3930/4504/3419
f 3916/4487/3365 3897/4459/3403 3931/4505/3413
f 3834/4396/3370 3833/4395/3369 3933/4507/3410
f 3915/4485/3369 3901/4463/3368 3926/4500/3416
f 3850/4412/3381 4023/4604/3432 3935/4509/3409
f 3936/4510/3405 3876/4438/3400 3937/4511/3420
f 3854/4416/3385 3969/4543/3431 3939/4513/3421
f 3883/4445/3371 3837/4399/3371 3940/4514/3371
f 3906/4470/3371 3884/4446/3371 3940/4514/3371
f 3940/4514/3371 3837/4399/3371 3836/4398/3371
f 3940/4514/3371 3835/4397/3371 3941/4515/3371
f 3931/4505/3413 3970/4544/3442 3935/4509/3409
f 3935/4509/3409 4023/4604/3432 3921/4495/3412
f 3921/4495/3412 3928/4502/3418 3927/4501/3417
f 3927/4501/3417 3932/4506/3414 3921/4495/3412
f 3932/4506/3414 3931/4505/3413 3921/4495/3412
f 3943/4517/3423 3984/4559/3446 3944/4518/3424
f 3984/4559/3446 3978/4553/3444 3944/4518/3424
f 3978/4553/3444 3974/4549/3433 3944/4518/3424
f 3944/4518/3424 3981/4556/3445 3976/4551/3443
f 3976/4551/3443 3942/4516/3422 3944/4518/3424
f 3945/4519/3425 3996/4573/3450 3946/4520/3426
f 3946/4520/3426 3986/4561/3447 3947/4521/3427
f 3947/4521/3427 3992/4870/3449 3989/4565/3434
f 3989/4565/3434 3988/4564/3448 3947/4521/3427
f 3988/4564/3448 3945/4519/3425 3947/4521/3427
f 3949/4523/3429 4007/4586/3454 3950/4524/3430
f 4007/4586/3454 4001/4578/3452 3950/4524/3430
f 4001/4578/3452 3998/4575/3435 3950/4524/3430
f 3950/4524/3430 4003/4581/3453 4000/4577/3451
f 4000/4577/3451 3948/4522/3428 3950/4524/3430
f 3952/4526/3431 3934/4508/3411 3938/4512/3415
f 3934/4508/3411 3933/4507/3410 3938/4512/3415
f 3933/4507/3410 4020/4601/3416 3938/4512/3415
f 3938/4512/3415 3937/4511/3420 4022/4603/3419
f 4022/4603/3419 3951/4525/3421 3938/4512/3415
f 3929/4503/3412 3979/4554/3418 3923/4497/3413
f 3979/4554/3418 3971/4545/3417 3923/4497/3413
f 3971/4545/3417 3924/4498/3414 3923/4497/3413
f 3923/4497/3413 3975/4550/3442 3918/4871/3409
f 3918/4871/3409 3953/4527/3432 3923/4497/3413
f 3955/4529/3424 3980/4555/3445 3956/4530/3423
f 3980/4555/3445 3985/4560/3443 3956/4530/3423
f 3985/4560/3443 3982/4557/3422 3956/4530/3423
f 3956/4530/3423 3987/4562/3446 3983/4558/3444
f 3983/4558/3444 3954/4528/3433 3956/4530/3423
f 3957/4531/3427 3991/4567/3449 3958/4532/3434
f 3958/4532/3434 3993/4570/3448 3959/4533/3425
f 3959/4533/3425 3999/4576/3450 3995/4572/3426
f 3995/4572/3426 3997/4574/3447 3959/4533/3425
f 3997/4574/3447 3957/4531/3427 3959/4533/3425
f 3961/4535/3430 4002/4872/3453 3962/4536/3429
f 4002/4872/3453 4008/4587/3451 3962/4536/3429
f 4008/4587/3451 4004/4582/3428 3962/4536/3429
f 3962/4536/3429 4009/4589/3454 4006/4873/3452
f 4006/4873/3452 3960/4534/3435 3962/4536/3429
f 3964/4538/3437 4010/4591/3455 3965/4539/3438
f 4010/4591/3455 4013/4594/3458 3965/4539/3438
f 4013/4594/3458 4011/4592/3456 3965/4539/3438
f 3965/4539/3438 4014/4595/3459 4012/4593/3457
f 4012/4593/3457 3963/4537/3436 3965/4539/3438
f 3967/4541/3440 4015/4596/3460 3968/4542/3441
f 4015/4596/3460 4019/4600/3464 3968/4542/3441
f 4019/4600/3464 4017/4598/3462 3968/4542/3441
f 3968/4542/3441 4021/4602/3465 4018/4599/3463
f 4018/4599/3463 3966/4540/3439 3968/4542/3441
f 3925/4499/3415 3972/4546/3420 3969/4543/3431
f 3972/4546/3420 3930/4504/3419 3969/4543/3431
f 3930/4504/3419 3939/4513/3421 3969/4543/3431
f 3969/4543/3431 3920/4494/3411 3919/4493/3410
f 3919/4493/3410 3926/4500/3416 3969/4543/3431
f 3851/4413/3382 3935/4509/3409 3970/4544/3442
f 3898/4460/3370 3920/4494/3411 3969/4543/3431
f 3830/4392/3366 3829/4391/3365 3924/4498/3414
f 3849/4411/3380 3984/4559/3446 3943/4517/3423
f 3855/4417/3386 3930/4504/3419 3972/4546/3420
f 3877/4439/3401 3929/4503/3412 3953/4547/3432
f 3973/4548/3399 3944/4518/3424 3974/4549/3433
f 3908/4473/3382 3918/4871/3409 3975/4550/3442
f 3902/4465/3363 3896/4458/3362 3942/4516/3422
f 3977/4552/3403 3873/4435/3383 3975/4550/3442
f 3847/4409/3378 3974/4549/3433 3978/4553/3444
f 3831/4393/3367 3830/4392/3366 3971/4545/3417
f 3896/4458/3362 3895/4457/3402 3943/4517/3423
f 3874/4436/3399 3828/4390/3364 3980/4555/3445
f 3891/4453/3364 3902/4465/3363 3976/4551/3443
f 3826/4388/3362 3990/4566/3402 3956/4530/3423
f 3973/4548/3399 3891/4453/3364 3981/4556/3445
f 3875/4437/3378 3954/4528/3433 3983/4558/3444
f 3848/4410/3379 3978/4553/3444 3984/4559/3446
f 3827/4389/3363 3826/4388/3362 3982/4557/3422
f 3846/4408/3377 3996/4573/3450 3945/4519/3425
f 3874/4436/3399 3955/4529/3424 3954/4528/3433
f 3844/4406/3375 3994/4571/3398 3947/4521/3427
f 3909/4475/3379 3983/4558/3444 3987/4562/3446
f 3903/4563/3360 3893/4455/3359 3988/4564/3448
f 3870/4432/3380 3987/4562/3446 3956/4530/3423
f 3844/4406/3375 3986/4561/3447 3946/4520/3426
f 3828/4390/3364 3827/4389/3363 3985/4560/3443
f 3892/4454/3358 3945/4519/3425 3988/4564/3448
f 3871/4433/3398 3825/4387/3361 3991/4567/3449
f 3888/4450/3361 3903/4467/3360 3989/4568/3434
f 3822/4384/3358 3959/4533/3425 3993/4570/3448
f 3994/4571/3398 3888/4450/3361 3992/4569/3449
f 3872/4434/3375 3997/4574/3447 3995/4572/3426
f 3845/4407/3376 3946/4520/3426 3996/4573/3450
f 3824/4386/3360 3823/4385/3359 3993/4570/3448
f 3843/4405/3374 4007/4586/3454 3949/4523/3429
f 3872/4434/3375 3871/4433/3398 3957/4531/3427
f 3841/4403/3372 4005/4583/3397 3950/4524/3430
f 3910/4477/3376 3995/4572/3426 3999/4576/3450
f 3904/4468/3354 3890/4452/3353 3948/4522/3428
f 3867/4429/3377 3999/4576/3450 3959/4533/3425
f 3841/4403/3372 3998/4575/3435 4001/4578/3452
f 3825/4387/3361 3824/4386/3360 3958/4532/3434
f 3889/4451/3396 3949/4523/3429 3948/4522/3428
f 3868/4430/3397 3816/4378/3352 4002/4579/3453
f 3885/4447/3352 3904/4468/3354 4000/4577/3451
f 3866/4428/3396 3962/4536/3429 4004/4582/3428
f 4005/4583/3397 3885/4447/3352 4003/4581/3453
f 3869/4431/3372 3960/4588/3435 4006/4584/3452
f 3842/4404/3373 4001/4578/3452 4007/4586/3454
f 3818/4380/3354 3817/4379/3353 4004/4582/3428
f 3869/4431/3372 3868/4430/3397 3961/4580/3430
f 3911/4479/3373 4006/4873/3452 4009/4589/3454
f 3865/4427/3374 4009/4589/3454 3962/4536/3429
f 3816/4378/3352 3818/4860/3354 4008/4590/3451
f 3864/4426/3395 3819/4381/3355 4010/4591/3455
f 3860/4422/3391 3965/4539/3438 4011/4592/3456
f 3913/4482/3407 3912/4480/3406 3963/4537/3436
f 3820/4382/3356 4011/4592/3456 4013/4594/3458
f 3912/4480/3406 3864/4426/3395 3964/4538/3437
f 3913/4482/3407 4012/4593/3457 4014/4595/3459
f 3861/4423/3392 4014/4595/3459 3965/4539/3438
f 3819/4381/3355 3821/4383/3357 4013/4594/3458
f 3862/4424/3393 3859/4421/3390 4015/4596/3460
f 4016/4597/3461 3968/4542/3441 4017/4598/3462
f 3914/4484/3408 3863/4425/3394 3966/4540/3439
f 3857/4419/3388 4017/4598/3462 4019/4600/3464
f 3834/4396/3370 3934/4508/3411 3952/4526/3431
f 3863/4425/3394 3862/4424/3393 3967/4541/3440
f 3832/4394/3368 3936/4510/3405 3938/4512/3415
f 3914/4484/3408 4018/4599/3463 4021/4602/3465
f 3881/4443/3384 3951/4525/3421 4022/4603/3419
f 3899/4461/3404 4021/4602/3465 3968/4542/3441
f 3833/4395/3369 3832/4394/3368 4020/4601/3416
f 3897/4459/3403 3852/4414/3383 3970/4544/3442
f 3859/4421/3390 3858/4420/3389 4019/4600/3464
f 3880/4442/3385 3952/4526/3431 3951/4525/3421
f 3922/4496/3401 3921/4495/3412 4023/4604/3432
f 3900/4462/3405 3856/4418/3387 3972/4546/3420
f 3907/4471/3386 4022/4603/3419 3937/4511/3420
f 3917/4488/3366 3916/4487/3365 3932/4506/3414
f 4024/4605/3371 3887/4449/3371 3886/4448/3371
f 4024/4605/3371 3882/4444/3371 3905/4469/3371
f 3839/4401/3371 3838/4400/3371 4024/4605/3371
f 4025/4606/3371 3882/4444/3371 4024/4605/3371
f 1647/1902/227 1651/1908/1419 3627/4147/3183
f 3624/4144/1369 3625/4145/1165 1647/1902/227
f 3628/4148/1396 1678/1946/1435 767/796/472
f 767/796/472 3631/4151/3181 3629/4149/1395
f 1647/1902/227 3625/4145/1165 3630/4150/1166
f 1647/1902/227 3590/4110/1396 3601/4121/3187
f 3595/4115/3183 1648/1903/1416 1647/1902/227
f 104/4607/98 832/868/755 1579/1781/1165
f 3591/4111/1166 3593/4113/3181 104/4607/98
f 3588/4108/1395 3590/4110/1396 1647/1902/227
f 3605/4125/1396 1528/1704/60 962/1010/60
f 962/1010/60 964/1012/873 3612/4132/3181
f 3611/4131/1395 3605/4125/1396 962/1010/60
f 1323/1445/1165 1322/1444/1164 104/4607/98
f 104/4607/98 3608/4128/3183 3607/4127/1369
f 1528/1704/60 3605/4125/1396 3604/4124/3187
f 104/4607/98 3647/4167/1126 3604/4124/3187
f 767/796/472 3637/4157/3183 3632/4152/1369
f 767/796/472 3647/4167/1126 3630/4150/1166
f 104/4607/98 3593/4113/3181 3588/4108/1395
f 3749/4608/3289 3750/4874/3290 3751/4609/3291
f 3751/4294/3291 3720/4249/3260 3662/4846/3202
f 3662/4846/3202 3657/4875/3197 3751/4294/3291
f 3657/4178/3197 3656/4177/3196 3751/4609/3291
f 3656/4177/3196 3654/4175/3194 3749/4608/3289
f 3654/4175/3194 3651/4172/3191 3752/4610/3292
f 3749/4608/3289 3654/4175/3194 3752/4610/3292
f 3752/4610/3292 3651/4172/3191 3659/4180/3199
f 3664/4186/3204 3719/4248/3259 3721/4250/3261
f 3775/4326/3315 3358/3818/2958 3773/4324/3313
f 3358/3818/2958 3351/3808/2951 3340/3810/2940
f 3777/4328/3317 3780/4337/3320 3351/3808/2951
f 3772/4323/3312 3739/4269/3279 3731/4260/3271
f 1464/1620/1280 1428/1570/1250 1607/1823/811
f 4026/4611/3466 884/922/805 1607/1823/811
f 4027/4612/3467 4134/4721/3573 4028/4613/3468
f 4030/4615/3470 4128/4715/3567 301/304/269
f 1604/1820/1384 4155/4744/3594 4031/4616/3471
f 4032/4617/3472 4133/4720/3572 4033/4618/3473
f 4035/4620/3475 4126/4713/3565 4036/4621/3476
f 4038/4623/3478 4117/4703/3556 4039/4624/3479
f 4040/4625/3480 1170/1253/1046 1172/1255/1048
f 4042/4627/3482 4123/4709/3562 4043/4628/3483
f 1301/1420/1146 1603/4745/1383 4045/4630/3485
f 4046/4631/3486 4124/4710/3563 4047/4632/3487
f 4049/4634/3489 4137/4725/3576 4050/4635/3490
f 4052/4637/3492 4138/4726/3577 4053/4638/3493
f 4055/4640/3495 1125/1196/1012 4056/4641/3496
f 4058/4643/3498 4129/4716/3568 4059/4644/3499
f 4060/4645/3500 4130/4717/3569 4061/4646/3501
f 4063/4648/3503 4140/4728/3579 4064/4649/3504
f 4066/4651/3506 809/842/732 811/844/734
f 4068/4653/3508 4132/4719/3571 4069/4654/3509
f 4071/4656/3511 4131/4718/3570 4072/4657/3512
f 4073/4658/3513 4139/4727/3578 4074/4659/3514
f 4076/4661/3516 1124/1195/1011 1126/1197/1013
f 4078/4663/3518 4120/4706/3559 4079/4664/3519
f 4080/4665/3520 4135/4723/3574 4081/4666/3521
f 4083/4668/3523 4116/4702/3555 4084/4669/3524
f 1392/1529/1218 1057/1119/954 4086/4671/3526
f 882/920/803 881/919/802 4088/4673/3528
f 1251/1351/1110 4154/4743/3593 4090/4675/3530
f 873/910/794 4156/4747/3595 4091/4676/3531
f 260/4677/235 4151/4746/3590 4092/4678/3532
f 506/516/464 505/515/463 898/936/818
f 506/516/464 4153/4742/3592 4094/4680/3534
f 231/233/210 230/232/210 4095/4681/3535
f 341/346/308 4145/4734/3584 4097/4683/3537
f 1646/1899/1415 4157/4748/3596 4099/4685/3539
f 264/267/238 263/266/238 4100/4686/3540
f 249/251/224 931/974/848 4102/4688/3542
f 250/252/225 4148/4737/3587 4104/4690/3544
f 340/345/307 264/267/238 4105/4691/3545
f 4108/4694/848 4150/4739/3589 4109/4695/3548
f 505/515/463 231/233/210 4110/4696/3549
f 4098/4684/3538 4113/4699/3552 4111/4697/3550
f 1613/1831/1391 1561/1754/7 440/450/7
f 4049/4634/3489 4051/4636/3491 4116/4702/3555
f 4074/4659/3514 4039/4624/3479 4117/4703/3556
f 1057/1119/954 82/82/76 4118/4704/3557
f 4120/4706/3559 4055/4640/3495 4057/4642/3497
f 656/675/7 210/212/7 1401/1538/1226
f 4048/4633/3488 4066/4651/3506 4067/4652/3507
f 379/387/7 273/276/7 4114/4700/3553
f 4041/4626/3481 4043/4628/3483 4123/4709/3562
f 4044/4629/3484 4047/4632/3487 4124/4710/3563
f 1665/4711/1427 1667/4722/7 503/513/7
f 4126/4713/3565 4035/4620/3475 4062/4647/3502
f 419/428/384 148/150/7 1667/1926/7
f 4128/4715/3567 4030/4615/3470 4059/4644/3499
f 4130/4717/3569 4060/4645/3500 4131/4718/3570
f 4127/4714/3566 117/119/7 1561/1754/7
f 4132/4719/3571 4068/4653/3508 4082/4667/3522
f 4133/4720/3572 4032/4617/3472 4037/4622/3477
f 4027/4612/3467 4076/4661/3516 4077/4662/3517
f 159/161/7 210/212/7 590/607/539
f 92/92/86 91/91/85 358/364/7
f 148/150/7 551/563/503 40/565/36
f 1667/4722/7 40/40/36 42/42/38
f 159/161/7 741/767/675 551/563/503
f 4085/4670/3525 4084/4669/3524 4070/4655/3510
f 4135/4723/3574 4080/4665/3520 4034/4619/3474
f 4136/4724/3575 487/497/7 8/8/7
f 109/110/103 349/354/316 656/675/7
f 4137/4725/3576 4054/4639/3494 4053/4638/3493
f 4065/4650/3505 4064/4649/3504 4138/4726/3577
f 4139/4727/3578 4073/4658/3513 4140/4728/3579
f 284/287/7 1307/1428/7 858/895/779
f 1307/1428/7 722/746/7 197/199/180
f 197/199/180 722/746/7 178/180/7
f 222/224/202 221/223/7 1532/1711/7
f 449/459/413 1532/1711/7 304/307/7
f 530/542/486 779/809/707 304/307/7
f 288/291/257 530/542/486 1282/1396/7
f 4031/4616/3471 4155/4744/3594 4029/4614/3469
f 1548/4729/1343 4098/4684/3538 4108/4694/848
f 339/344/306 341/346/308 4098/4684/3538
f 844/880/766 4143/4732/3582 4141/4730/3580
f 1512/1683/1320 4107/4693/3547 4142/4731/3581
f 795/827/721 4157/4748/3596 1646/1899/1415
f 1250/1350/1109 781/811/235 4146/4735/3585
f 4148/4737/3587 250/252/225 249/251/224
f 4149/4738/3588 4156/4747/3595 873/910/794
f 1516/1687/768 962/1010/60 1528/1704/60
f 341/346/308 340/345/307 4112/4698/3551
f 4154/4743/3593 1251/1351/1110 1250/1350/1109
f 896/934/816 882/920/803 4152/4741/3591
f 4029/4614/3469 366/373/332 3787/4347/3323
f 4030/4615/3470 300/303/268 158/160/148
f 4155/4744/3594 1604/1820/1384 4125/4712/3564
f 4032/4617/3472 4034/4619/3474 4136/4724/3575
f 4035/4620/3475 4037/4622/3477 1682/1952/1438
f 4038/4623/3478 1399/1536/1224 116/118/109
f 4041/4626/3481 1172/1255/1048 1362/1493/1193
f 4043/4628/3483 177/179/162 179/181/163
f 1301/1420/1146 1666/1925/1428 1665/1924/1427
f 4048/4633/3488 4047/4632/3487 721/745/657
f 4050/4635/3490 624/643/570 626/645/571
f 4053/4638/3493 4138/4726/3577 4115/4701/3554
f 4056/4641/3496 303/306/271 302/305/270
f 4059/4644/3499 149/151/139 419/428/384
f 4060/4645/3500 4062/4647/3502 655/674/598
f 4140/4728/3579 1614/1832/1392 1613/1831/1391
f 809/842/732 4066/4651/3506 1306/1427/1151
f 4070/4655/3510 359/365/325 4122/4708/3561
f 4072/4657/3512 4131/4718/3570 1401/1538/1226
f 4075/4660/3515 118/120/110 4127/4714/3566
f 1124/1195/1011 4076/4661/3516 3786/4346/3322
f 4079/4664/3519 1675/1937/1434 1531/1710/1331
f 4082/4667/3522 4114/4700/3553 1506/1671/1314
f 4084/4669/3524 4116/4702/3555 1597/1809/1378
f 1125/1196/1012 4055/4640/3495 4086/4671/3526
f 4132/4719/3571 4088/4673/3528 4142/4731/3581
f 4028/4613/3468 4134/4721/3573 4154/4743/3593
f 4133/4720/3572 4156/4747/3595 4149/4738/3588
f 1126/1197/1013 4118/4704/3557 4090/4675/3530
f 1602/1818/1382 4031/4616/3471 4146/4735/3585
f 4128/4715/3567 4153/4742/3592 4093/4679/3533
f 4081/4666/3521 4135/4723/3574 4152/4741/3591
f 4126/4713/3565 4095/4681/3535 4091/4676/3531
f 810/843/733 4039/4624/3479 4145/4734/3584
f 4040/4625/3480 4157/4748/3596 795/827/721
f 4120/4706/3559 4078/4663/3518 794/826/720
f 4042/4627/3482 4100/4686/3540 4099/4685/3539
f 4045/4630/3485 4151/4740/3590 4141/4730/3580
f 4137/4725/3576 4049/4634/3489 4148/4737/3587
f 4124/4710/3563 4046/4631/3486 4105/4691/3545
f 4058/4643/3498 4143/4732/3582 4094/4680/3534
f 4085/4670/3525 4107/4693/3547 4104/4690/3544
f 4052/4637/3492 4054/4639/3494 4102/4688/3542
f 4061/4646/3501 4130/4717/3569 4110/4696/3549
f 4065/4650/3505 4150/4739/3589 4111/4697/3550
f 4071/4656/3511 299/302/267 898/936/818
f 4067/4652/3507 811/844/734 4112/4698/3551
f 4139/4727/3578 4113/4699/3552 4097/4683/3537
f 4155/4744/3594 365/372/331 366/373/332
f 4154/4743/3593 4134/4721/3573 4077/4662/3517
f 3787/4347/3323 3786/4346/3322 4076/4661/3516
f 4147/4736/3586 4146/4735/3585 4031/4616/3471
f 4093/4679/3533 898/936/818 299/302/267
f 1400/1537/1225 158/160/148 300/303/268
f 4059/4644/3499 4030/4615/3470 147/149/138
f 4153/4742/3592 4128/4715/3567 4129/4716/3568
f 4151/4746/3590 4045/4796/3485 1602/1818/1382
f 4125/4712/3564 1604/1820/1384 1603/1819/1383
f 4149/4738/3588 4152/4741/3591 4135/4723/3574
f 4136/4724/3575 4034/4619/3474 4080/4665/3520
f 4037/4622/3477 4032/4617/3472 1683/1953/1439
f 4156/4747/3595 4133/4720/3572 4036/4621/3476
f 4062/4647/3502 4035/4620/3475 1642/1894/1411
f 4096/4682/3536 4095/4681/3535 4126/4713/3565
f 4145/4734/3584 4039/4624/3479 4074/4659/3514
f 116/118/109 118/120/110 4075/4660/3515
f 4038/4623/3478 809/842/732 1305/1426/1150
f 4144/4733/3583 4112/4698/3551 811/844/734
f 4043/4628/3483 4041/4626/3481 1363/1494/1194
f 4157/4748/3596 4040/4625/3480 4123/4709/3562
f 795/827/721 794/826/720 4078/4663/3518
f 1362/1493/1193 1172/1255/1048 1171/1254/1047
f 4101/4687/3541 4100/4686/3540 4042/4627/3482
f 179/181/163 721/745/657 4047/4632/3487
f 4143/4732/3582 4058/4643/3498 1299/1418/1144
f 1666/1925/1428 1301/1420/1146 1300/1419/1145
f 4048/4633/3488 720/744/656 1306/1427/1151
f 4106/4692/3546 4105/4691/3545 4046/4631/3486
f 4103/4689/3543 4102/4688/3542 4054/4639/3494
f 624/643/570 4050/4635/3490 4053/4638/3493
f 4116/4702/3555 4051/4636/3491 626/645/571
f 4148/4737/3587 4049/4634/3489 4083/4668/3523
f 4150/4739/3589 4065/4650/3505 4052/4637/3492
f 4115/4701/3554 4138/4726/3577 4064/4649/3504
f 4119/4705/3558 4118/4704/3557 1126/1197/1013
f 1283/1397/1133 303/306/271 4056/4641/3496
f 4087/4672/3527 4086/4671/3526 4055/4640/3495
f 302/305/270 1675/1937/1434 4079/4664/3519
f 4131/4718/3570 4060/4645/3500 4121/4707/3560
f 897/935/817 4110/4696/3549 4130/4717/3569
f 4073/4658/3513 4127/4714/3566 1614/1832/1392
f 4113/4699/3552 4139/4727/3578 4063/4648/3503
f 4089/4674/3529 4088/4673/3528 4132/4719/3571
f 4122/4708/3561 4114/4700/3553 4082/4667/3522
f 4070/4655/3510 4084/4669/3524 360/366/326
f 4142/4731/3581 4107/4693/3547 4085/4670/3525
f 3787/4347/3323 366/373/332 289/292/7
f 1272/1382/1128 1491/1654/1301 4160/4765/3599
f 1491/1654/1301 1290/1406/1139 719/743/655
f 1290/1406/1139 670/689/612 719/743/655
f 719/743/655 4160/4765/3599 1491/1654/1301
f 4160/4765/3599 1084/1150/978 1272/1382/1128
f 59/59/53 927/969/844 1007/1061/913
f 1553/4749/1348 343/1151/310 718/742/654
f 927/969/844 344/349/311 1644/1896/1413
f 50/50/45 4158/4750/3597 718/742/654
f 976/1025/884 50/50/45 669/688/611
f 1644/1896/1413 344/349/311 343/348/310
f 1619/4751/1394 4163/4876/3602 1199/1287/1071
f 4163/4876/3602 1605/4877/1385 1497/1660/1307
f 1605/4877/1385 19/19/15 1497/1660/1307
f 1497/1660/1307 1199/1287/1071 4163/4876/3602
f 1199/1287/1071 323/327/290 1619/4751/1394
f 1198/1286/1070 1475/1632/1287 1027/1084/932
f 1475/1632/1287 21/21/17 1437/1583/1259
f 1420/1560/1244 321/325/288 1198/1286/1070
f 909/948/828 1351/1480/1183 707/729/645
f 909/948/828 708/730/646 321/325/288
f 1437/1583/1259 21/21/17 20/20/16
